# Blender 4.5.3 LTS
# www.blender.org
mtllib ArcoTorii.mtl
g ArcoCompleto_Malla
v 12.468452 9.020977 1.848750
v 12.468452 10.825172 1.848750
v 12.584441 9.020977 1.889930
v 12.584441 10.825172 1.889930
v 12.702761 9.020977 1.923841
v 12.702761 10.825172 1.923841
v 12.822953 9.020977 1.950353
v 12.822953 10.825172 1.950353
v 12.944558 9.020977 1.969363
v 12.944558 10.825172 1.969363
v 13.067108 9.020977 1.980798
v 13.067108 10.825172 1.980798
v 13.190131 9.020977 1.984615
v 13.190131 10.825172 1.984615
v 13.313153 9.020977 1.980798
v 13.313153 10.825172 1.980798
v 13.435704 9.020977 1.969363
v 13.435704 10.825172 1.969363
v 13.557309 9.020977 1.950353
v 13.557309 10.825172 1.950353
v 13.677502 9.020977 1.923841
v 13.677502 10.825172 1.923841
v 13.795820 9.020977 1.889930
v 13.795820 10.825172 1.889930
v 13.911809 9.020977 1.848750
v 13.911809 10.825172 1.848750
v 12.468452 9.020977 10.780616
v 12.584441 9.020977 10.739436
v 12.702761 9.020977 10.705525
v 12.822953 9.020977 10.679014
v 12.944558 9.020977 10.660006
v 13.067108 9.020977 10.648570
v 13.190131 9.020977 10.644753
v 13.313153 9.020977 10.648570
v 13.435704 9.020977 10.660006
v 13.557309 9.020977 10.679014
v 13.677502 9.020977 10.705525
v 13.795820 9.020977 10.739436
v 13.911809 9.020977 10.780616
v 13.911809 10.825172 10.780616
v 13.795820 10.825172 10.739436
v 13.677502 10.825172 10.705525
v 13.557309 10.825172 10.679014
v 13.435704 10.825172 10.660006
v 13.313153 10.825172 10.648570
v 13.190131 10.825172 10.644753
v 13.067108 10.825172 10.648570
v 12.944558 10.825172 10.660006
v 12.822953 10.825172 10.679014
v 12.702761 10.825172 10.705525
v 12.584441 10.825172 10.739436
v 12.468452 10.825172 10.780616
v 10.483838 15.155241 15.335660
v 15.368118 15.155241 14.807356
v 15.896424 15.155241 15.335660
v 15.368118 15.155241 10.451379
v 15.896424 15.155241 9.923075
v 11.012143 15.155241 10.451379
v 10.483838 15.155241 9.923075
v 11.012143 15.155241 14.807356
v 10.290464 15.876919 15.529034
v 10.290464 15.876919 9.729701
v 16.089796 15.876919 9.729701
v 16.089796 15.876919 15.529034
v 15.174746 14.433563 12.629368
v 15.170497 14.433563 12.499567
v 15.174746 14.433563 10.644753
v 15.157766 14.433563 12.370324
v 15.136611 14.433563 12.242187
v 15.107121 14.433563 12.115713
v 15.069422 14.433563 11.991432
v 15.023676 14.433563 11.869888
v 14.970078 14.433563 11.751594
v 14.908858 14.433563 11.637060
v 14.840278 14.433563 11.526773
v 14.764631 14.433563 11.421209
v 14.682244 14.433563 11.320821
v 14.593466 14.433563 11.226032
v 14.498679 14.433563 11.137255
v 14.398288 14.433563 11.054868
v 14.292725 14.433563 10.979221
v 14.182438 14.433563 10.910641
v 14.067904 14.433563 10.849421
v 13.949611 14.433563 10.795821
v 13.828065 14.433563 10.750074
v 13.703787 14.433563 10.712378
v 13.577311 14.433563 10.682886
v 13.449176 14.433563 10.661730
v 13.319931 14.433563 10.649003
v 13.190131 14.433563 10.644753
v 13.060330 14.433563 10.649003
v 11.205516 14.433563 10.644753
v 12.931087 14.433563 10.661730
v 12.802951 14.433563 10.682886
v 12.676476 14.433563 10.712378
v 12.552197 14.433563 10.750074
v 12.430652 14.433563 10.795821
v 12.312359 14.433563 10.849421
v 12.197824 14.433563 10.910641
v 12.087538 14.433563 10.979221
v 11.981975 14.433563 11.054868
v 11.881582 14.433563 11.137255
v 11.786797 14.433563 11.226032
v 11.698018 14.433563 11.320821
v 11.615631 14.433563 11.421209
v 11.539985 14.433563 11.526773
v 11.471404 14.433563 11.637060
v 11.410184 14.433563 11.751594
v 11.356586 14.433563 11.869888
v 11.310839 14.433563 11.991432
v 11.273140 14.433563 12.115713
v 11.243649 14.433563 12.242187
v 11.222494 14.433563 12.370324
v 11.209765 14.433563 12.499567
v 11.205516 14.433563 12.629368
v 11.209765 14.433563 12.759168
v 11.205516 14.433563 14.613982
v 11.222494 14.433563 12.888411
v 11.243649 14.433563 13.016548
v 11.273140 14.433563 13.143022
v 11.310839 14.433563 13.267303
v 11.356586 14.433563 13.388846
v 11.410184 14.433563 13.507141
v 11.471404 14.433563 13.621675
v 11.539985 14.433563 13.731962
v 11.615631 14.433563 13.837525
v 11.698018 14.433563 13.937914
v 11.786797 14.433563 14.032703
v 11.881582 14.433563 14.121480
v 11.981975 14.433563 14.203868
v 12.087538 14.433563 14.279512
v 12.197824 14.433563 14.348095
v 12.312359 14.433563 14.409314
v 12.430652 14.433563 14.462914
v 12.552197 14.433563 14.508660
v 12.676476 14.433563 14.546358
v 12.802951 14.433563 14.575850
v 12.931087 14.433563 14.597005
v 13.060330 14.433563 14.609732
v 13.190131 14.433563 14.613982
v 13.319931 14.433563 14.609732
v 15.174746 14.433563 14.613982
v 13.449176 14.433563 14.597005
v 13.577311 14.433563 14.575850
v 13.703787 14.433563 14.546358
v 13.828065 14.433563 14.508660
v 13.949611 14.433563 14.462914
v 14.067904 14.433563 14.409314
v 14.182438 14.433563 14.348095
v 14.292725 14.433563 14.279512
v 14.398288 14.433563 14.203868
v 14.498679 14.433563 14.121480
v 14.593466 14.433563 14.032703
v 14.682244 14.433563 13.937914
v 14.764631 14.433563 13.837525
v 14.840278 14.433563 13.731962
v 14.908858 14.433563 13.621675
v 14.970078 14.433563 13.507141
v 15.023676 14.433563 13.388846
v 15.069422 14.433563 13.267303
v 15.107121 14.433563 13.143022
v 15.136611 14.433563 13.016548
v 15.157766 14.433563 12.888411
v 15.170497 14.433563 12.759168
v 15.892089 0.902098 12.782475
v 15.892089 0.000000 12.782475
v 15.896424 0.902098 12.629368
v 15.896424 0.000000 12.629368
v 15.892089 0.902098 12.476260
v 15.892089 0.000000 12.476260
v 15.879100 0.902098 12.323639
v 15.879100 0.000000 12.323639
v 15.857496 0.902098 12.172001
v 15.857496 0.000000 12.172001
v 15.827349 0.902098 12.021827
v 15.827349 0.000000 12.021827
v 15.788754 0.902098 11.873600
v 15.788754 0.000000 11.873600
v 15.741833 0.902098 11.727793
v 15.741833 0.000000 11.727793
v 15.686740 0.902098 11.584876
v 15.686740 0.000000 11.584876
v 15.623649 0.902098 11.445303
v 15.623649 0.000000 11.445303
v 15.552764 0.902098 11.309523
v 15.552764 0.000000 11.309523
v 15.474309 0.902098 11.177972
v 15.474309 0.000000 11.177972
v 15.388537 0.902098 11.051068
v 15.388537 0.000000 11.051068
v 15.295723 0.902098 10.929219
v 15.295723 0.000000 10.929219
v 15.196165 0.902098 10.812820
v 15.196165 0.000000 10.812820
v 15.090181 0.902098 10.702237
v 15.090181 0.000000 10.702237
v 14.978109 0.902098 10.597829
v 14.978109 0.000000 10.597829
v 14.860312 0.902098 10.499927
v 14.860312 0.000000 10.499927
v 14.737164 0.902098 10.408847
v 14.737164 0.000000 10.408847
v 14.609060 0.902098 10.324880
v 14.609060 0.000000 10.324880
v 14.476412 0.902098 10.248296
v 14.476412 0.000000 10.248296
v 14.339642 0.902098 10.179338
v 14.339642 0.000000 10.179338
v 14.199190 0.902098 10.118227
v 14.199190 0.000000 10.118227
v 14.055505 0.902098 10.065162
v 14.055505 0.000000 10.065162
v 13.909049 0.902098 10.020309
v 13.909049 0.000000 10.020309
v 13.760290 0.902098 9.983818
v 13.760290 0.000000 9.983818
v 13.609705 0.902098 9.955795
v 13.609705 0.000000 9.955795
v 13.457776 0.902098 9.936342
v 13.457776 0.000000 9.936342
v 13.304990 0.902098 9.925513
v 13.304990 0.000000 9.925513
v 13.151834 0.902098 9.923345
v 13.151834 0.000000 9.923345
v 12.998803 0.902098 9.929848
v 12.998803 0.000000 9.929848
v 12.846384 0.902098 9.944995
v 12.846384 0.000000 9.944995
v 12.695066 0.902098 9.968742
v 12.695066 0.000000 9.968742
v 12.545334 0.902098 10.001012
v 12.545334 0.000000 10.001012
v 12.397667 0.902098 10.041700
v 12.397667 0.000000 10.041700
v 12.252539 0.902098 10.090676
v 12.252539 0.000000 10.090676
v 12.110414 0.902098 10.147787
v 12.110414 0.000000 10.147787
v 11.971747 0.902098 10.212850
v 11.971747 0.000000 10.212850
v 11.836985 0.902098 10.285649
v 11.836985 0.000000 10.285649
v 11.706555 0.902098 10.365957
v 11.706555 0.000000 10.365957
v 11.580880 0.902098 10.453515
v 11.580880 0.000000 10.453515
v 11.460358 0.902098 10.548044
v 11.460358 0.000000 10.548044
v 11.345377 0.902098 10.649241
v 11.345377 0.000000 10.649241
v 11.236306 0.902098 10.756779
v 11.236306 0.000000 10.756779
v 11.133493 0.902098 10.870317
v 11.133493 0.000000 10.870317
v 11.037270 0.902098 10.989488
v 11.037270 0.000000 10.989488
v 10.947942 0.902098 11.113912
v 10.947942 0.000000 11.113912
v 10.865795 0.902098 11.243190
v 10.865795 0.000000 11.243190
v 10.791095 0.902098 11.376909
v 10.791095 0.000000 11.376909
v 10.724080 0.902098 11.514642
v 10.724080 0.000000 11.514642
v 10.664964 0.902098 11.655943
v 10.664964 0.000000 11.655943
v 10.613937 0.902098 11.800365
v 10.613937 0.000000 11.800365
v 10.571162 0.902098 11.947439
v 10.571162 0.000000 11.947439
v 10.536777 0.902098 12.096701
v 10.536777 0.000000 12.096701
v 10.510891 0.902098 12.247667
v 10.510891 0.000000 12.247667
v 10.493587 0.902098 12.399859
v 10.493587 0.000000 12.399859
v 10.484921 0.902098 12.552784
v 10.484921 0.000000 12.552784
v 10.484921 0.902098 12.705952
v 10.484921 0.000000 12.705952
v 10.493587 0.902098 12.858875
v 10.493587 0.000000 12.858875
v 10.510891 0.902098 13.011067
v 10.510891 0.000000 13.011067
v 10.536777 0.902098 13.162034
v 10.536777 0.000000 13.162034
v 10.571162 0.902098 13.311296
v 10.571162 0.000000 13.311296
v 10.613937 0.902098 13.458369
v 10.613937 0.000000 13.458369
v 10.664964 0.902098 13.602792
v 10.664964 0.000000 13.602792
v 10.724080 0.902098 13.744093
v 10.724080 0.000000 13.744093
v 10.791095 0.902098 13.881824
v 10.791095 0.000000 13.881824
v 10.865795 0.902098 14.015546
v 10.865795 0.000000 14.015546
v 10.947942 0.902098 14.144823
v 10.947942 0.000000 14.144823
v 11.037270 0.902098 14.269247
v 11.037270 0.000000 14.269247
v 11.133493 0.902098 14.388418
v 11.133493 0.000000 14.388418
v 11.236306 0.902098 14.501957
v 11.236306 0.000000 14.501957
v 11.345377 0.902098 14.609493
v 11.345377 0.000000 14.609493
v 11.460358 0.902098 14.710690
v 11.460358 0.000000 14.710690
v 11.580880 0.902098 14.805220
v 11.580880 0.000000 14.805220
v 11.706555 0.902098 14.892776
v 11.706555 0.000000 14.892776
v 11.836985 0.902098 14.973085
v 11.836985 0.000000 14.973085
v 11.971747 0.902098 15.045885
v 11.971747 0.000000 15.045885
v 12.110414 0.902098 15.110949
v 12.110414 0.000000 15.110949
v 12.252539 0.902098 15.168057
v 12.252539 0.000000 15.168057
v 12.397667 0.902098 15.217034
v 12.397667 0.000000 15.217034
v 12.545334 0.902098 15.257724
v 12.545334 0.000000 15.257724
v 12.695066 0.902098 15.289992
v 12.695066 0.000000 15.289992
v 12.846384 0.902098 15.313740
v 12.846384 0.000000 15.313740
v 12.998803 0.902098 15.328888
v 12.998803 0.000000 15.328888
v 13.151834 0.902098 15.335389
v 13.151834 0.000000 15.335389
v 13.304990 0.902098 15.333221
v 13.304990 0.000000 15.333221
v 13.457776 0.902098 15.322392
v 13.457776 0.000000 15.322392
v 13.609705 0.902098 15.302939
v 13.609705 0.000000 15.302939
v 13.760290 0.902098 15.274918
v 13.760290 0.000000 15.274918
v 13.909049 0.902098 15.238425
v 13.909049 0.000000 15.238425
v 14.055505 0.902098 15.193573
v 14.055505 0.000000 15.193573
v 14.199190 0.902098 15.140509
v 14.199190 0.000000 15.140509
v 14.339642 0.902098 15.079396
v 14.339642 0.000000 15.079396
v 14.476412 0.902098 15.010440
v 14.476412 0.000000 15.010440
v 14.609060 0.902098 14.933856
v 14.609060 0.000000 14.933856
v 14.737164 0.902098 14.849888
v 14.737164 0.000000 14.849888
v 14.860312 0.902098 14.758808
v 14.860312 0.000000 14.758808
v 14.978109 0.902098 14.660906
v 14.978109 0.000000 14.660906
v 15.090181 0.902098 14.556498
v 15.090181 0.000000 14.556498
v 15.196165 0.902098 14.445914
v 15.196165 0.000000 14.445914
v 15.295723 0.902098 14.329515
v 15.295723 0.000000 14.329515
v 15.388537 0.902098 14.207666
v 15.388537 0.000000 14.207666
v 15.474309 0.902098 14.080764
v 15.474309 0.000000 14.080764
v 15.552764 0.902098 13.949212
v 15.552764 0.000000 13.949212
v 15.623649 0.902098 13.813433
v 15.623649 0.000000 13.813433
v 15.686740 0.902098 13.673859
v 15.686740 0.000000 13.673859
v 15.741833 0.902098 13.530942
v 15.741833 0.000000 13.530942
v 15.788754 0.902098 13.385135
v 15.788754 0.000000 13.385135
v 15.827349 0.902098 13.236908
v 15.827349 0.000000 13.236908
v 15.857496 0.902098 13.086735
v 15.857496 0.000000 13.086735
v 15.879100 0.902098 12.935096
v 15.879100 0.000000 12.935096
v 15.170407 0.902098 12.760532
v 15.174746 0.902098 12.629368
v 15.157408 0.902098 12.891124
v 15.135808 0.902098 13.020568
v 15.105699 0.902098 13.148305
v 15.067214 0.902098 13.273772
v 15.020521 0.902098 13.396421
v 14.965825 0.902098 13.515714
v 14.903362 0.902098 13.631133
v 14.833410 0.902098 13.742170
v 14.756270 0.902098 13.848343
v 14.672283 0.902098 13.949186
v 14.581817 0.902098 14.044256
v 14.485263 0.902098 14.133140
v 14.383045 0.902098 14.215446
v 14.275613 0.902098 14.290822
v 14.163433 0.902098 14.358927
v 14.046997 0.902098 14.419472
v 13.926814 0.902098 14.472191
v 13.803411 0.902098 14.516848
v 13.677325 0.902098 14.553253
v 13.549109 0.902098 14.581246
v 13.419324 0.902098 14.600703
v 13.288535 0.902098 14.611539
v 13.157317 0.902098 14.613711
v 13.026243 0.902098 14.607202
v 12.895885 0.902098 14.592047
v 12.766813 0.902098 14.568311
v 12.639593 0.902098 14.536095
v 12.514780 0.902098 14.495541
v 12.392920 0.902098 14.446824
v 12.274547 0.902098 14.390164
v 12.160176 0.902098 14.325801
v 12.050309 0.902098 14.254025
v 11.945427 0.902098 14.175140
v 11.845988 0.902098 14.089495
v 11.752425 0.902098 13.997467
v 11.665152 0.902098 13.899459
v 11.584544 0.902098 13.795895
v 11.510958 0.902098 13.687229
v 11.444714 0.902098 13.573939
v 11.386103 0.902098 13.456519
v 11.335381 0.902098 13.335483
v 11.292768 0.902098 13.211358
v 11.258452 0.902098 13.084684
v 11.232583 0.902098 12.956024
v 11.215275 0.902098 12.825934
v 11.206601 0.902098 12.694986
v 11.206601 0.902098 12.563748
v 11.215275 0.902098 12.432800
v 11.232583 0.902098 12.302711
v 11.258452 0.902098 12.174050
v 11.292768 0.902098 12.047377
v 11.335381 0.902098 11.923252
v 11.386103 0.902098 11.802216
v 11.444714 0.902098 11.684795
v 11.510958 0.902098 11.571506
v 11.584544 0.902098 11.462839
v 11.665152 0.902098 11.359275
v 11.752425 0.902098 11.261268
v 11.845988 0.902098 11.169239
v 11.945427 0.902098 11.083594
v 12.050309 0.902098 11.004711
v 12.160176 0.902098 10.932933
v 12.274547 0.902098 10.868570
v 12.392920 0.902098 10.811911
v 12.514780 0.902098 10.763194
v 12.639593 0.902098 10.722640
v 12.766813 0.902098 10.690424
v 12.895885 0.902098 10.666688
v 13.026243 0.902098 10.651532
v 13.157317 0.902098 10.645023
v 13.288535 0.902098 10.647195
v 13.419324 0.902098 10.658031
v 13.549109 0.902098 10.677487
v 13.677325 0.902098 10.705482
v 13.803411 0.902098 10.741887
v 13.926814 0.902098 10.786544
v 14.046997 0.902098 10.839263
v 14.163433 0.902098 10.899808
v 14.275613 0.902098 10.967913
v 14.383045 0.902098 11.043288
v 14.485263 0.902098 11.125595
v 14.581817 0.902098 11.214478
v 14.672283 0.902098 11.309547
v 14.756270 0.902098 11.410392
v 14.833410 0.902098 11.516565
v 14.903362 0.902098 11.627602
v 14.965825 0.902098 11.743021
v 15.020521 0.902098 11.862313
v 15.067214 0.902098 11.984962
v 15.105699 0.902098 12.110430
v 15.135808 0.902098 12.238167
v 15.157408 0.902098 12.367611
v 15.170407 0.902098 12.498203
v 13.926814 6.314684 10.786544
v 13.803411 6.314684 10.741887
v 13.677444 6.314684 10.705511
v 13.549109 6.314684 10.677487
v 13.419324 6.314684 10.658031
v 13.288535 6.314684 10.647195
v 13.157317 6.314684 10.645023
v 13.026243 6.314684 10.651532
v 12.895885 6.314684 10.666688
v 12.766813 6.314684 10.690424
v 12.639593 6.314684 10.722640
v 12.514780 6.314684 10.763194
v 12.392920 6.314684 10.811911
v 12.392920 9.020977 10.811911
v 12.274547 9.020977 10.868570
v 12.274547 11.727270 10.868570
v 12.160176 11.727270 10.932933
v 12.050309 11.727270 11.004711
v 11.945427 11.727270 11.083594
v 11.845988 11.727270 11.169239
v 11.752425 11.727270 11.261268
v 11.665152 11.727270 11.359275
v 11.584544 11.727270 11.462839
v 11.510958 11.727270 11.571506
v 11.444714 11.727270 11.684795
v 11.386103 11.727270 11.802216
v 11.335381 11.727270 11.923252
v 11.292768 11.727270 12.047377
v 11.258452 11.727270 12.174050
v 11.232583 11.727270 12.302711
v 11.215275 11.727270 12.432800
v 11.206601 11.727270 12.563748
v 11.206601 11.727270 12.694986
v 11.215275 11.727270 12.825934
v 11.232583 11.727270 12.956024
v 11.258452 11.727270 13.084684
v 11.292768 11.727270 13.211358
v 11.335381 11.727270 13.335483
v 11.386103 11.727270 13.456519
v 11.444714 11.727270 13.573939
v 11.510958 11.727270 13.687229
v 11.584544 11.727270 13.795895
v 11.665152 11.727270 13.899459
v 11.752425 11.727270 13.997467
v 11.845988 11.727270 14.089495
v 11.945427 11.727270 14.175140
v 12.050309 11.727270 14.254025
v 12.160176 11.727270 14.325801
v 12.274547 11.727270 14.390164
v 12.392920 11.727270 14.446824
v 12.514780 11.727270 14.495541
v 12.639593 11.727270 14.536095
v 12.766813 11.727270 14.568311
v 12.895885 11.727270 14.592047
v 13.026243 11.727270 14.607202
v 13.157317 11.727270 14.613711
v 13.288535 11.727270 14.611539
v 13.419324 11.727270 14.600703
v 13.549109 11.727270 14.581246
v 13.677325 11.727270 14.553253
v 13.803411 11.727270 14.516848
v 13.926814 11.727270 14.472191
v 14.046997 11.727270 14.419472
v 14.163433 11.727270 14.358927
v 14.275613 11.727270 14.290822
v 14.383045 11.727270 14.215446
v 14.485263 11.727270 14.133140
v 14.581817 11.727270 14.044256
v 14.672283 11.727270 13.949186
v 14.756270 11.727270 13.848343
v 14.833410 11.727270 13.742170
v 14.903362 11.727270 13.631133
v 14.965825 11.727270 13.515714
v 15.020521 11.727270 13.396421
v 15.067214 11.727270 13.273772
v 15.105699 11.727270 13.148305
v 15.135808 11.727270 13.020568
v 15.157408 11.727270 12.891124
v 15.170407 11.727270 12.760532
v 15.174746 11.727270 12.629368
v 15.170407 11.727270 12.498203
v 15.157408 11.727270 12.367611
v 15.135808 11.727270 12.238167
v 15.105699 11.727270 12.110430
v 15.067214 11.727270 11.984962
v 15.020521 11.727270 11.862313
v 14.965825 11.727270 11.743021
v 14.903362 11.727270 11.627602
v 14.833410 11.727270 11.516565
v 14.756270 11.727270 11.410392
v 14.672283 11.727270 11.309547
v 14.581817 11.727270 11.214478
v 14.485263 11.727270 11.125595
v 14.383045 11.727270 11.043288
v 14.275613 11.727270 10.967913
v 14.163433 11.727270 10.899808
v 14.046997 11.727270 10.839263
v 13.926814 11.727270 10.786544
v 13.915565 11.727270 10.782088
v 13.926814 9.020977 10.786544
v 14.046997 6.314684 10.839263
v 14.046997 3.608391 10.839263
v 14.163433 3.608391 10.899808
v 14.275613 3.608391 10.967913
v 14.383045 3.608391 11.043288
v 14.485263 3.608391 11.125595
v 14.581817 3.608391 11.214478
v 14.672283 3.608391 11.309547
v 14.756270 3.608391 11.410392
v 14.833410 3.608391 11.516565
v 14.903362 3.608391 11.627602
v 14.965825 3.608391 11.743021
v 15.020521 3.608391 11.862313
v 15.067214 3.608391 11.984962
v 15.105699 3.608391 12.110430
v 15.135808 3.608391 12.238167
v 15.157408 3.608391 12.367611
v 15.170407 3.608391 12.498203
v 15.174746 3.608391 12.629368
v 15.170407 3.608391 12.760532
v 15.157408 3.608391 12.891124
v 15.135808 3.608391 13.020568
v 15.105699 3.608391 13.148305
v 15.067214 3.608391 13.273772
v 15.020521 3.608391 13.396421
v 14.965825 3.608391 13.515714
v 14.903362 3.608391 13.631133
v 14.833410 3.608391 13.742170
v 14.756270 3.608391 13.848343
v 14.672283 3.608391 13.949186
v 14.581817 3.608391 14.044256
v 14.485263 3.608391 14.133140
v 14.383045 3.608391 14.215446
v 14.275613 3.608391 14.290822
v 14.163433 3.608391 14.358927
v 14.046997 3.608391 14.419472
v 13.926814 3.608391 14.472191
v 13.803411 3.608391 14.516848
v 13.677325 3.608391 14.553253
v 13.549109 3.608391 14.581246
v 13.419324 3.608391 14.600703
v 13.288535 3.608391 14.611539
v 13.157317 3.608391 14.613711
v 13.026243 3.608391 14.607202
v 12.895885 3.608391 14.592047
v 12.766813 3.608391 14.568311
v 12.639593 3.608391 14.536095
v 12.514780 3.608391 14.495541
v 12.392920 3.608391 14.446824
v 12.274547 3.608391 14.390164
v 12.160176 3.608391 14.325801
v 12.050309 3.608391 14.254025
v 11.945427 3.608391 14.175140
v 11.845988 3.608391 14.089495
v 11.752425 3.608391 13.997467
v 11.665152 3.608391 13.899459
v 11.584544 3.608391 13.795895
v 11.510958 3.608391 13.687229
v 11.444714 3.608391 13.573939
v 11.386103 3.608391 13.456519
v 11.335381 3.608391 13.335483
v 11.292768 3.608391 13.211358
v 11.258452 3.608391 13.084684
v 11.232583 3.608391 12.956024
v 11.215275 3.608391 12.825934
v 11.206601 3.608391 12.694986
v 11.206601 3.608391 12.563748
v 11.215275 3.608391 12.432800
v 11.232583 3.608391 12.302711
v 11.258452 3.608391 12.174050
v 11.292768 3.608391 12.047377
v 11.335381 3.608391 11.923252
v 11.386103 3.608391 11.802216
v 11.444714 3.608391 11.684795
v 11.510958 3.608391 11.571506
v 11.584544 3.608391 11.462839
v 11.665152 3.608391 11.359275
v 11.752425 3.608391 11.261268
v 11.845988 3.608391 11.169239
v 11.945427 3.608391 11.083594
v 12.050309 3.608391 11.004711
v 12.160176 3.608391 10.932933
v 12.274547 3.608391 10.868570
v 12.392920 3.608391 10.811911
v 12.514780 3.608391 10.763194
v 12.639593 3.608391 10.722640
v 12.766813 3.608391 10.690424
v 12.895885 3.608391 10.666688
v 13.026243 3.608391 10.651532
v 13.157317 3.608391 10.645023
v 13.288535 3.608391 10.647195
v 13.419324 3.608391 10.658031
v 13.549109 3.608391 10.677487
v 13.677384 3.608391 10.705497
v 13.803411 3.608391 10.741887
v 13.926814 3.608391 10.786544
v 13.803411 11.727270 10.741887
v 13.677457 11.727270 10.705514
v 13.549109 11.727270 10.677487
v 13.419324 11.727270 10.658031
v 13.288535 11.727270 10.647195
v 13.157317 11.727270 10.645023
v 13.026243 11.727270 10.651532
v 12.895885 11.727270 10.666688
v 12.766813 11.727270 10.690424
v 12.639593 11.727270 10.722640
v 12.514780 11.727270 10.763194
v 12.392920 11.727270 10.811911
v 15.174746 6.314684 12.629368
v 15.170407 6.314684 12.760532
v 15.157408 6.314684 12.891124
v 15.135808 6.314684 13.020568
v 15.105699 6.314684 13.148305
v 15.067214 6.314684 13.273772
v 15.020521 6.314684 13.396421
v 14.965825 6.314684 13.515714
v 14.903362 6.314684 13.631133
v 14.833410 6.314684 13.742170
v 14.756270 6.314684 13.848343
v 14.672283 6.314684 13.949186
v 14.581817 6.314684 14.044256
v 14.485263 6.314684 14.133140
v 14.383045 6.314684 14.215446
v 14.275613 6.314684 14.290822
v 14.163433 6.314684 14.358927
v 14.046997 6.314684 14.419472
v 13.926814 6.314684 14.472191
v 13.803411 6.314684 14.516848
v 13.677325 6.314684 14.553253
v 13.549109 6.314684 14.581246
v 13.419324 6.314684 14.600703
v 13.288535 6.314684 14.611539
v 13.157317 6.314684 14.613711
v 13.026243 6.314684 14.607202
v 12.895885 6.314684 14.592047
v 12.766813 6.314684 14.568311
v 12.639593 6.314684 14.536095
v 12.514780 6.314684 14.495541
v 12.392920 6.314684 14.446824
v 12.274547 6.314684 14.390164
v 12.160176 6.314684 14.325801
v 12.050309 6.314684 14.254025
v 11.945427 6.314684 14.175140
v 11.845988 6.314684 14.089495
v 11.752425 6.314684 13.997467
v 11.665152 6.314684 13.899459
v 11.584544 6.314684 13.795895
v 11.510958 6.314684 13.687229
v 11.444714 6.314684 13.573939
v 11.386103 6.314684 13.456519
v 11.335381 6.314684 13.335483
v 11.292768 6.314684 13.211358
v 11.258452 6.314684 13.084684
v 11.232583 6.314684 12.956024
v 11.215275 6.314684 12.825934
v 11.206601 6.314684 12.694986
v 11.206601 6.314684 12.563748
v 11.215275 6.314684 12.432800
v 11.232583 6.314684 12.302711
v 11.258452 6.314684 12.174050
v 11.292768 6.314684 12.047377
v 11.335381 6.314684 11.923252
v 11.386103 6.314684 11.802216
v 11.444714 6.314684 11.684795
v 11.510958 6.314684 11.571506
v 11.584544 6.314684 11.462839
v 11.665152 6.314684 11.359275
v 11.752425 6.314684 11.261268
v 11.845988 6.314684 11.169239
v 11.945427 6.314684 11.083594
v 12.050309 6.314684 11.004711
v 12.160176 6.314684 10.932933
v 12.274547 6.314684 10.868570
v 15.174746 9.020977 12.629368
v 15.170407 9.020977 12.760532
v 15.157408 9.020977 12.891124
v 15.135808 9.020977 13.020568
v 15.105699 9.020977 13.148305
v 15.067214 9.020977 13.273772
v 15.020521 9.020977 13.396421
v 14.965825 9.020977 13.515714
v 14.903362 9.020977 13.631133
v 14.833410 9.020977 13.742170
v 14.756270 9.020977 13.848343
v 14.672283 9.020977 13.949186
v 14.581817 9.020977 14.044256
v 14.485263 9.020977 14.133140
v 14.383045 9.020977 14.215446
v 14.275613 9.020977 14.290822
v 14.163433 9.020977 14.358927
v 14.046997 9.020977 14.419472
v 13.926814 9.020977 14.472191
v 13.803411 9.020977 14.516848
v 13.677325 9.020977 14.553253
v 13.549109 9.020977 14.581246
v 13.419324 9.020977 14.600703
v 13.288535 9.020977 14.611539
v 13.157317 9.020977 14.613711
v 13.026243 9.020977 14.607202
v 12.895885 9.020977 14.592047
v 12.766813 9.020977 14.568311
v 12.639593 9.020977 14.536095
v 12.514780 9.020977 14.495541
v 12.392920 9.020977 14.446824
v 12.274547 9.020977 14.390164
v 12.160176 9.020977 14.325801
v 12.050309 9.020977 14.254025
v 11.945427 9.020977 14.175140
v 11.845988 9.020977 14.089495
v 11.752425 9.020977 13.997467
v 11.665152 9.020977 13.899459
v 11.584544 9.020977 13.795895
v 11.510958 9.020977 13.687229
v 11.444714 9.020977 13.573939
v 11.386103 9.020977 13.456519
v 11.335381 9.020977 13.335483
v 11.292768 9.020977 13.211358
v 11.258452 9.020977 13.084684
v 11.232583 9.020977 12.956024
v 11.215275 9.020977 12.825934
v 11.206601 9.020977 12.694986
v 11.206601 9.020977 12.563748
v 11.215275 9.020977 12.432800
v 11.232583 9.020977 12.302711
v 11.258452 9.020977 12.174050
v 11.292768 9.020977 12.047377
v 11.335381 9.020977 11.923252
v 11.386103 9.020977 11.802216
v 11.444714 9.020977 11.684795
v 11.510958 9.020977 11.571506
v 11.584544 9.020977 11.462839
v 11.665152 9.020977 11.359275
v 11.752425 9.020977 11.261268
v 11.845988 9.020977 11.169239
v 11.945427 9.020977 11.083594
v 12.050309 9.020977 11.004711
v 12.160176 9.020977 10.932933
v 15.170407 6.314684 12.498203
v 15.157408 6.314684 12.367611
v 15.135808 6.314684 12.238167
v 15.105699 6.314684 12.110430
v 15.067214 6.314684 11.984962
v 15.020521 6.314684 11.862313
v 14.965825 6.314684 11.743021
v 14.903362 6.314684 11.627602
v 14.833410 6.314684 11.516565
v 14.756270 6.314684 11.410392
v 14.672283 6.314684 11.309547
v 14.581817 6.314684 11.214478
v 14.485263 6.314684 11.125595
v 14.383045 6.314684 11.043288
v 14.275613 6.314684 10.967913
v 14.163433 6.314684 10.899808
v 15.170407 9.020977 12.498203
v 15.157408 9.020977 12.367611
v 15.135808 9.020977 12.238167
v 15.105699 9.020977 12.110430
v 15.067214 9.020977 11.984962
v 15.020521 9.020977 11.862313
v 14.965825 9.020977 11.743021
v 14.903362 9.020977 11.627602
v 14.833410 9.020977 11.516565
v 14.756270 9.020977 11.410392
v 14.672283 9.020977 11.309547
v 14.581817 9.020977 11.214478
v 14.485263 9.020977 11.125595
v 14.383045 9.020977 11.043288
v 14.275613 9.020977 10.967913
v 14.163433 9.020977 10.899808
v 14.046997 9.020977 10.839263
v -12.369249 9.020977 -1.848750
v -12.369249 10.825172 -1.848750
v -12.485238 9.020977 -1.889930
v -12.485238 10.825172 -1.889930
v -12.603556 9.020977 -1.923841
v -12.603556 10.825172 -1.923841
v -12.723751 9.020977 -1.950353
v -12.723751 10.825172 -1.950353
v -12.845355 9.020977 -1.969363
v -12.845355 10.825172 -1.969363
v -12.967904 9.020977 -1.980798
v -12.967904 10.825172 -1.980798
v -13.090927 9.020977 -1.984615
v -13.090927 10.825172 -1.984615
v -13.213950 9.020977 -1.980798
v -13.213950 10.825172 -1.980798
v -13.336499 9.020977 -1.969363
v -13.336499 10.825172 -1.969363
v -13.458106 9.020977 -1.950353
v -13.458106 10.825172 -1.950353
v -13.578299 9.020977 -1.923841
v -13.578299 10.825172 -1.923841
v -13.696616 9.020977 -1.889930
v -13.696616 10.825172 -1.889930
v -13.812605 9.020977 -1.848750
v -13.812605 10.825172 -1.848750
v -12.369249 9.020977 -10.780616
v -12.485238 9.020977 -10.739436
v -12.603559 9.020977 -10.705525
v -12.723751 9.020977 -10.679014
v -12.845355 9.020977 -10.660006
v -12.967904 9.020977 -10.648570
v -13.090927 9.020977 -10.644753
v -13.213950 9.020977 -10.648570
v -13.336501 9.020977 -10.660006
v -13.458106 9.020977 -10.679014
v -13.578299 9.020977 -10.705525
v -13.696616 9.020977 -10.739436
v -13.812605 9.020977 -10.780616
v -13.812605 10.825172 -10.780616
v -13.696616 10.825172 -10.739436
v -13.578299 10.825172 -10.705525
v -13.458106 10.825172 -10.679014
v -13.336501 10.825172 -10.660006
v -13.213950 10.825172 -10.648570
v -13.090927 10.825172 -10.644753
v -12.967904 10.825172 -10.648570
v -12.845355 10.825172 -10.660006
v -12.723751 10.825172 -10.679014
v -12.603559 10.825172 -10.705525
v -12.485238 10.825172 -10.739436
v -12.369249 10.825172 -10.780616
v -10.384637 15.155241 -15.335660
v -15.268917 15.155241 -14.807356
v -15.797223 15.155241 -15.335660
v -15.268917 15.155241 -10.451379
v -15.797220 15.155241 -9.923075
v -10.912940 15.155241 -10.451379
v -10.384634 15.155241 -9.923075
v -10.912940 15.155241 -14.807356
v -10.191262 15.876919 -15.529034
v -10.191262 15.876919 -9.729701
v -15.990592 15.876919 -9.729701
v -15.990595 15.876919 -15.529034
v -15.075542 14.433563 -12.629368
v -15.071294 14.433563 -12.499567
v -15.075542 14.433563 -10.644753
v -15.058564 14.433563 -12.370324
v -15.037411 14.433563 -12.242187
v -15.007917 14.433563 -12.115713
v -14.970222 14.433563 -11.991432
v -14.924472 14.433563 -11.869888
v -14.870874 14.433563 -11.751594
v -14.809656 14.433563 -11.637060
v -14.741074 14.433563 -11.526773
v -14.665430 14.433563 -11.421209
v -14.583041 14.433563 -11.320821
v -14.494264 14.433563 -11.226032
v -14.399475 14.433563 -11.137255
v -14.299085 14.433563 -11.054868
v -14.193521 14.433563 -10.979221
v -14.083235 14.433563 -10.910641
v -13.968702 14.433563 -10.849421
v -13.850407 14.433563 -10.795821
v -13.728862 14.433563 -10.750074
v -13.604585 14.433563 -10.712378
v -13.478106 14.433563 -10.682886
v -13.349972 14.433563 -10.661730
v -13.220728 14.433563 -10.649003
v -13.090927 14.433563 -10.644753
v -12.961126 14.433563 -10.649003
v -11.106312 14.433563 -10.644753
v -12.831885 14.433563 -10.661730
v -12.703748 14.433563 -10.682886
v -12.577272 14.433563 -10.712378
v -12.452994 14.433563 -10.750074
v -12.331448 14.433563 -10.795821
v -12.213155 14.433563 -10.849421
v -12.098619 14.433563 -10.910641
v -11.988336 14.433563 -10.979221
v -11.882772 14.433563 -11.054868
v -11.782382 14.433563 -11.137255
v -11.687593 14.433563 -11.226032
v -11.598816 14.433563 -11.320821
v -11.516427 14.433563 -11.421209
v -11.440781 14.433563 -11.526773
v -11.372201 14.433563 -11.637060
v -11.310980 14.433563 -11.751594
v -11.257382 14.433563 -11.869888
v -11.211636 14.433563 -11.991432
v -11.173937 14.433563 -12.115713
v -11.144446 14.433563 -12.242187
v -11.123293 14.433563 -12.370324
v -11.110563 14.433563 -12.499567
v -11.106312 14.433563 -12.629368
v -11.110563 14.433563 -12.759168
v -11.106312 14.433563 -14.613982
v -11.123293 14.433563 -12.888411
v -11.144446 14.433563 -13.016548
v -11.173937 14.433563 -13.143022
v -11.211636 14.433563 -13.267303
v -11.257382 14.433563 -13.388846
v -11.310983 14.433563 -13.507141
v -11.372201 14.433563 -13.621675
v -11.440781 14.433563 -13.731962
v -11.516427 14.433563 -13.837525
v -11.598816 14.433563 -13.937914
v -11.687593 14.433563 -14.032703
v -11.782382 14.433563 -14.121480
v -11.882772 14.433563 -14.203868
v -11.988336 14.433563 -14.279512
v -12.098619 14.433563 -14.348095
v -12.213155 14.433563 -14.409314
v -12.331448 14.433563 -14.462914
v -12.452994 14.433563 -14.508660
v -12.577272 14.433563 -14.546358
v -12.703751 14.433563 -14.575850
v -12.831885 14.433563 -14.597005
v -12.961129 14.433563 -14.609732
v -13.090927 14.433563 -14.613982
v -13.220728 14.433563 -14.609732
v -15.075542 14.433563 -14.613982
v -13.349972 14.433563 -14.597005
v -13.478106 14.433563 -14.575850
v -13.604585 14.433563 -14.546358
v -13.728862 14.433563 -14.508660
v -13.850407 14.433563 -14.462914
v -13.968702 14.433563 -14.409314
v -14.083235 14.433563 -14.348095
v -14.193521 14.433563 -14.279512
v -14.299085 14.433563 -14.203868
v -14.399475 14.433563 -14.121480
v -14.494264 14.433563 -14.032703
v -14.583041 14.433563 -13.937914
v -14.665430 14.433563 -13.837525
v -14.741076 14.433563 -13.731962
v -14.809656 14.433563 -13.621675
v -14.870874 14.433563 -13.507141
v -14.924472 14.433563 -13.388846
v -14.970222 14.433563 -13.267303
v -15.007920 14.433563 -13.143022
v -15.037411 14.433563 -13.016548
v -15.058564 14.433563 -12.888411
v -15.071294 14.433563 -12.759168
v -15.792887 0.902098 -12.782475
v -15.792887 0.000000 -12.782475
v -15.797220 0.902098 -12.629368
v -15.797220 0.000000 -12.629368
v -15.792887 0.902098 -12.476260
v -15.792887 0.000000 -12.476260
v -15.779896 0.902098 -12.323639
v -15.779896 0.000000 -12.323639
v -15.758293 0.902098 -12.172001
v -15.758293 0.000000 -12.172001
v -15.728145 0.902098 -12.021827
v -15.728145 0.000000 -12.021827
v -15.689551 0.902098 -11.873600
v -15.689551 0.000000 -11.873600
v -15.642632 0.902098 -11.727793
v -15.642632 0.000000 -11.727793
v -15.587537 0.902098 -11.584876
v -15.587537 0.000000 -11.584876
v -15.524446 0.902098 -11.445303
v -15.524446 0.000000 -11.445303
v -15.453560 0.902098 -11.309523
v -15.453560 0.000000 -11.309523
v -15.375105 0.902098 -11.177972
v -15.375105 0.000000 -11.177972
v -15.289333 0.902098 -11.051068
v -15.289333 0.000000 -11.051068
v -15.196522 0.902098 -10.929219
v -15.196522 0.000000 -10.929219
v -15.096963 0.902098 -10.812820
v -15.096963 0.000000 -10.812820
v -14.990978 0.902098 -10.702237
v -14.990978 0.000000 -10.702237
v -14.878907 0.902098 -10.597829
v -14.878907 0.000000 -10.597829
v -14.761110 0.902098 -10.499927
v -14.761110 0.000000 -10.499927
v -14.637960 0.902098 -10.408847
v -14.637960 0.000000 -10.408847
v -14.509856 0.902098 -10.324880
v -14.509856 0.000000 -10.324880
v -14.377209 0.902098 -10.248296
v -14.377209 0.000000 -10.248296
v -14.240438 0.902098 -10.179338
v -14.240438 0.000000 -10.179338
v -14.099986 0.902098 -10.118227
v -14.099986 0.000000 -10.118227
v -13.956303 0.902098 -10.065162
v -13.956303 0.000000 -10.065162
v -13.809847 0.902098 -10.020309
v -13.809847 0.000000 -10.020309
v -13.661089 0.902098 -9.983818
v -13.661089 0.000000 -9.983818
v -13.510501 0.902098 -9.955795
v -13.510501 0.000000 -9.955795
v -13.358572 0.902098 -9.936342
v -13.358572 0.000000 -9.936342
v -13.205787 0.902098 -9.925513
v -13.205787 0.000000 -9.925513
v -13.052630 0.902098 -9.923345
v -13.052630 0.000000 -9.923345
v -12.899600 0.902098 -9.929848
v -12.899600 0.000000 -9.929848
v -12.747181 0.902098 -9.944995
v -12.747181 0.000000 -9.944995
v -12.595863 0.902098 -9.968742
v -12.595863 0.000000 -9.968742
v -12.446132 0.902098 -10.001012
v -12.446132 0.000000 -10.001012
v -12.298464 0.902098 -10.041700
v -12.298464 0.000000 -10.041700
v -12.153336 0.902098 -10.090676
v -12.153336 0.000000 -10.090676
v -12.011209 0.902098 -10.147787
v -12.011209 0.000000 -10.147787
v -11.872544 0.902098 -10.212850
v -11.872544 0.000000 -10.212850
v -11.737781 0.902098 -10.285649
v -11.737781 0.000000 -10.285649
v -11.607352 0.902098 -10.365957
v -11.607352 0.000000 -10.365957
v -11.481676 0.902098 -10.453515
v -11.481676 0.000000 -10.453515
v -11.361156 0.902098 -10.548044
v -11.361156 0.000000 -10.548044
v -11.246175 0.902098 -10.649241
v -11.246175 0.000000 -10.649241
v -11.137104 0.902098 -10.756779
v -11.137104 0.000000 -10.756779
v -11.034291 0.902098 -10.870317
v -11.034291 0.000000 -10.870317
v -10.938066 0.902098 -10.989488
v -10.938066 0.000000 -10.989488
v -10.848738 0.902098 -11.113912
v -10.848738 0.000000 -11.113912
v -10.766591 0.902098 -11.243190
v -10.766591 0.000000 -11.243190
v -10.691892 0.902098 -11.376909
v -10.691892 0.000000 -11.376909
v -10.624876 0.902098 -11.514642
v -10.624876 0.000000 -11.514642
v -10.565762 0.902098 -11.655943
v -10.565762 0.000000 -11.655943
v -10.514734 0.902098 -11.800365
v -10.514734 0.000000 -11.800365
v -10.471959 0.902098 -11.947439
v -10.471959 0.000000 -11.947439
v -10.437574 0.902098 -12.096701
v -10.437574 0.000000 -12.096701
v -10.411688 0.902098 -12.247667
v -10.411688 0.000000 -12.247667
v -10.394385 0.902098 -12.399859
v -10.394385 0.000000 -12.399859
v -10.385718 0.902098 -12.552784
v -10.385718 0.000000 -12.552784
v -10.385718 0.902098 -12.705952
v -10.385718 0.000000 -12.705952
v -10.394385 0.902098 -12.858875
v -10.394385 0.000000 -12.858875
v -10.411688 0.902098 -13.011067
v -10.411688 0.000000 -13.011067
v -10.437574 0.902098 -13.162034
v -10.437574 0.000000 -13.162034
v -10.471959 0.902098 -13.311296
v -10.471959 0.000000 -13.311296
v -10.514734 0.902098 -13.458369
v -10.514734 0.000000 -13.458369
v -10.565762 0.902098 -13.602792
v -10.565762 0.000000 -13.602792
v -10.624876 0.902098 -13.744093
v -10.624876 0.000000 -13.744093
v -10.691892 0.902098 -13.881824
v -10.691892 0.000000 -13.881824
v -10.766591 0.902098 -14.015546
v -10.766591 0.000000 -14.015546
v -10.848738 0.902098 -14.144823
v -10.848738 0.000000 -14.144823
v -10.938066 0.902098 -14.269247
v -10.938066 0.000000 -14.269247
v -11.034291 0.902098 -14.388418
v -11.034291 0.000000 -14.388418
v -11.137104 0.902098 -14.501957
v -11.137104 0.000000 -14.501957
v -11.246175 0.902098 -14.609493
v -11.246175 0.000000 -14.609493
v -11.361156 0.902098 -14.710690
v -11.361156 0.000000 -14.710690
v -11.481676 0.902098 -14.805220
v -11.481676 0.000000 -14.805220
v -11.607352 0.902098 -14.892776
v -11.607352 0.000000 -14.892776
v -11.737781 0.902098 -14.973085
v -11.737781 0.000000 -14.973085
v -11.872544 0.902098 -15.045885
v -11.872544 0.000000 -15.045885
v -12.011212 0.902098 -15.110949
v -12.011212 0.000000 -15.110949
v -12.153336 0.902098 -15.168057
v -12.153336 0.000000 -15.168057
v -12.298464 0.902098 -15.217034
v -12.298464 0.000000 -15.217034
v -12.446132 0.902098 -15.257724
v -12.446132 0.000000 -15.257724
v -12.595863 0.902098 -15.289992
v -12.595863 0.000000 -15.289992
v -12.747181 0.902098 -15.313740
v -12.747181 0.000000 -15.313740
v -12.899600 0.902098 -15.328888
v -12.899600 0.000000 -15.328888
v -13.052633 0.902098 -15.335389
v -13.052633 0.000000 -15.335389
v -13.205787 0.902098 -15.333221
v -13.205787 0.000000 -15.333221
v -13.358572 0.902098 -15.322392
v -13.358572 0.000000 -15.322392
v -13.510504 0.902098 -15.302939
v -13.510504 0.000000 -15.302939
v -13.661089 0.902098 -15.274918
v -13.661089 0.000000 -15.274918
v -13.809847 0.902098 -15.238425
v -13.809847 0.000000 -15.238425
v -13.956303 0.902098 -15.193573
v -13.956303 0.000000 -15.193573
v -14.099986 0.902098 -15.140509
v -14.099986 0.000000 -15.140509
v -14.240438 0.902098 -15.079396
v -14.240438 0.000000 -15.079396
v -14.377209 0.902098 -15.010440
v -14.377209 0.000000 -15.010440
v -14.509859 0.902098 -14.933856
v -14.509859 0.000000 -14.933856
v -14.637960 0.902098 -14.849888
v -14.637960 0.000000 -14.849888
v -14.761110 0.902098 -14.758808
v -14.761110 0.000000 -14.758808
v -14.878907 0.902098 -14.660906
v -14.878907 0.000000 -14.660906
v -14.990978 0.902098 -14.556498
v -14.990978 0.000000 -14.556498
v -15.096963 0.902098 -14.445914
v -15.096963 0.000000 -14.445914
v -15.196522 0.902098 -14.329515
v -15.196522 0.000000 -14.329515
v -15.289336 0.902098 -14.207666
v -15.289336 0.000000 -14.207666
v -15.375105 0.902098 -14.080764
v -15.375105 0.000000 -14.080764
v -15.453560 0.902098 -13.949212
v -15.453560 0.000000 -13.949212
v -15.524446 0.902098 -13.813433
v -15.524446 0.000000 -13.813433
v -15.587537 0.902098 -13.673859
v -15.587537 0.000000 -13.673859
v -15.642632 0.902098 -13.530942
v -15.642632 0.000000 -13.530942
v -15.689551 0.902098 -13.385135
v -15.689551 0.000000 -13.385135
v -15.728145 0.902098 -13.236908
v -15.728145 0.000000 -13.236908
v -15.758293 0.902098 -13.086735
v -15.758293 0.000000 -13.086735
v -15.779899 0.902098 -12.935096
v -15.779899 0.000000 -12.935096
v -15.071203 0.902098 -12.760532
v -15.075542 0.902098 -12.629368
v -15.058207 0.902098 -12.891124
v -15.036604 0.902098 -13.020568
v -15.006497 0.902098 -13.148305
v -14.968011 0.902098 -13.273772
v -14.921317 0.902098 -13.396421
v -14.866621 0.902098 -13.515714
v -14.804161 0.902098 -13.631133
v -14.734208 0.902098 -13.742170
v -14.657069 0.902098 -13.848343
v -14.573081 0.902098 -13.949186
v -14.482613 0.902098 -14.044256
v -14.386060 0.902098 -14.133140
v -14.283842 0.902098 -14.215446
v -14.176410 0.902098 -14.290822
v -14.064231 0.902098 -14.358927
v -13.947793 0.902098 -14.419472
v -13.827612 0.902098 -14.472191
v -13.704209 0.902098 -14.516848
v -13.578123 0.902098 -14.553253
v -13.449908 0.902098 -14.581246
v -13.320121 0.902098 -14.600703
v -13.189333 0.902098 -14.611539
v -13.058114 0.902098 -14.613711
v -12.927039 0.902098 -14.607202
v -12.796682 0.902098 -14.592047
v -12.667612 0.902098 -14.568311
v -12.540391 0.902098 -14.536095
v -12.415579 0.902098 -14.495541
v -12.293718 0.902098 -14.446824
v -12.175345 0.902098 -14.390164
v -12.060972 0.902098 -14.325801
v -11.951107 0.902098 -14.254025
v -11.846224 0.902098 -14.175140
v -11.746785 0.902098 -14.089495
v -11.653223 0.902098 -13.997467
v -11.565948 0.902098 -13.899459
v -11.485340 0.902098 -13.795895
v -11.411756 0.902098 -13.687229
v -11.345510 0.902098 -13.573939
v -11.286900 0.902098 -13.456519
v -11.236178 0.902098 -13.335483
v -11.193565 0.902098 -13.211358
v -11.159249 0.902098 -13.084684
v -11.133383 0.902098 -12.956024
v -11.116072 0.902098 -12.825934
v -11.107400 0.902098 -12.694986
v -11.107400 0.902098 -12.563748
v -11.116072 0.902098 -12.432800
v -11.133383 0.902098 -12.302711
v -11.159249 0.902098 -12.174050
v -11.193565 0.902098 -12.047377
v -11.236178 0.902098 -11.923252
v -11.286900 0.902098 -11.802216
v -11.345510 0.902098 -11.684795
v -11.411756 0.902098 -11.571506
v -11.485340 0.902098 -11.462839
v -11.565948 0.902098 -11.359275
v -11.653223 0.902098 -11.261268
v -11.746785 0.902098 -11.169239
v -11.846224 0.902098 -11.083594
v -11.951107 0.902098 -11.004711
v -12.060972 0.902098 -10.932933
v -12.175343 0.902098 -10.868570
v -12.293718 0.902098 -10.811911
v -12.415576 0.902098 -10.763194
v -12.540391 0.902098 -10.722640
v -12.667609 0.902098 -10.690424
v -12.796682 0.902098 -10.666688
v -12.927039 0.902098 -10.651532
v -13.058114 0.902098 -10.645023
v -13.189333 0.902098 -10.647195
v -13.320121 0.902098 -10.658031
v -13.449905 0.902098 -10.677487
v -13.578123 0.902098 -10.705482
v -13.704206 0.902098 -10.741887
v -13.827612 0.902098 -10.786544
v -13.947793 0.902098 -10.839263
v -14.064231 0.902098 -10.899808
v -14.176410 0.902098 -10.967913
v -14.283842 0.902098 -11.043288
v -14.386060 0.902098 -11.125595
v -14.482613 0.902098 -11.214478
v -14.573081 0.902098 -11.309547
v -14.657069 0.902098 -11.410392
v -14.734208 0.902098 -11.516565
v -14.804161 0.902098 -11.627602
v -14.866621 0.902098 -11.743021
v -14.921317 0.902098 -11.862313
v -14.968011 0.902098 -11.984962
v -15.006497 0.902098 -12.110430
v -15.036604 0.902098 -12.238167
v -15.058207 0.902098 -12.367611
v -15.071203 0.902098 -12.498203
v -13.827612 6.314684 -10.786544
v -13.704206 6.314684 -10.741887
v -13.578241 6.314684 -10.705511
v -13.449905 6.314684 -10.677487
v -13.320121 6.314684 -10.658031
v -13.189333 6.314684 -10.647195
v -13.058114 6.314684 -10.645023
v -12.927039 6.314684 -10.651532
v -12.796682 6.314684 -10.666688
v -12.667609 6.314684 -10.690424
v -12.540391 6.314684 -10.722640
v -12.415576 6.314684 -10.763194
v -12.293718 6.314684 -10.811911
v -12.293718 9.020977 -10.811911
v -12.175343 9.020977 -10.868570
v -12.175343 11.727270 -10.868570
v -12.060972 11.727270 -10.932933
v -11.951107 11.727270 -11.004711
v -11.846224 11.727270 -11.083594
v -11.746785 11.727270 -11.169239
v -11.653223 11.727270 -11.261268
v -11.565948 11.727270 -11.359275
v -11.485340 11.727270 -11.462839
v -11.411756 11.727270 -11.571506
v -11.345510 11.727270 -11.684795
v -11.286900 11.727270 -11.802216
v -11.236178 11.727270 -11.923252
v -11.193565 11.727270 -12.047377
v -11.159249 11.727270 -12.174050
v -11.133383 11.727270 -12.302711
v -11.116072 11.727270 -12.432800
v -11.107400 11.727270 -12.563748
v -11.107400 11.727270 -12.694986
v -11.116072 11.727270 -12.825934
v -11.133383 11.727270 -12.956024
v -11.159249 11.727270 -13.084684
v -11.193565 11.727270 -13.211358
v -11.236178 11.727270 -13.335483
v -11.286900 11.727270 -13.456519
v -11.345510 11.727270 -13.573939
v -11.411756 11.727270 -13.687229
v -11.485340 11.727270 -13.795895
v -11.565948 11.727270 -13.899459
v -11.653223 11.727270 -13.997467
v -11.746785 11.727270 -14.089495
v -11.846224 11.727270 -14.175140
v -11.951107 11.727270 -14.254025
v -12.060972 11.727270 -14.325801
v -12.175345 11.727270 -14.390164
v -12.293718 11.727270 -14.446824
v -12.415579 11.727270 -14.495541
v -12.540391 11.727270 -14.536095
v -12.667612 11.727270 -14.568311
v -12.796682 11.727270 -14.592047
v -12.927039 11.727270 -14.607202
v -13.058114 11.727270 -14.613711
v -13.189333 11.727270 -14.611539
v -13.320121 11.727270 -14.600703
v -13.449908 11.727270 -14.581246
v -13.578123 11.727270 -14.553253
v -13.704209 11.727270 -14.516848
v -13.827612 11.727270 -14.472191
v -13.947793 11.727270 -14.419472
v -14.064231 11.727270 -14.358927
v -14.176410 11.727270 -14.290822
v -14.283842 11.727270 -14.215446
v -14.386060 11.727270 -14.133140
v -14.482613 11.727270 -14.044256
v -14.573081 11.727270 -13.949186
v -14.657069 11.727270 -13.848343
v -14.734208 11.727270 -13.742170
v -14.804161 11.727270 -13.631133
v -14.866621 11.727270 -13.515714
v -14.921317 11.727270 -13.396421
v -14.968011 11.727270 -13.273772
v -15.006497 11.727270 -13.148305
v -15.036604 11.727270 -13.020568
v -15.058207 11.727270 -12.891124
v -15.071203 11.727270 -12.760532
v -15.075542 11.727270 -12.629368
v -15.071203 11.727270 -12.498203
v -15.058207 11.727270 -12.367611
v -15.036604 11.727270 -12.238167
v -15.006497 11.727270 -12.110430
v -14.968011 11.727270 -11.984962
v -14.921317 11.727270 -11.862313
v -14.866621 11.727270 -11.743021
v -14.804161 11.727270 -11.627602
v -14.734208 11.727270 -11.516565
v -14.657069 11.727270 -11.410392
v -14.573081 11.727270 -11.309547
v -14.482613 11.727270 -11.214478
v -14.386060 11.727270 -11.125595
v -14.283842 11.727270 -11.043288
v -14.176410 11.727270 -10.967913
v -14.064231 11.727270 -10.899808
v -13.947793 11.727270 -10.839263
v -13.827612 11.727270 -10.786544
v -13.816363 11.727270 -10.782088
v -13.827612 9.020977 -10.786544
v -13.947793 6.314684 -10.839263
v -13.947793 3.608391 -10.839263
v -14.064231 3.608391 -10.899808
v -14.176410 3.608391 -10.967913
v -14.283842 3.608391 -11.043288
v -14.386060 3.608391 -11.125595
v -14.482613 3.608391 -11.214478
v -14.573081 3.608391 -11.309547
v -14.657069 3.608391 -11.410392
v -14.734208 3.608391 -11.516565
v -14.804161 3.608391 -11.627602
v -14.866621 3.608391 -11.743021
v -14.921317 3.608391 -11.862313
v -14.968011 3.608391 -11.984962
v -15.006497 3.608391 -12.110430
v -15.036604 3.608391 -12.238167
v -15.058207 3.608391 -12.367611
v -15.071203 3.608391 -12.498203
v -15.075542 3.608391 -12.629368
v -15.071203 3.608391 -12.760532
v -15.058207 3.608391 -12.891124
v -15.036604 3.608391 -13.020568
v -15.006497 3.608391 -13.148305
v -14.968011 3.608391 -13.273772
v -14.921317 3.608391 -13.396421
v -14.866621 3.608391 -13.515714
v -14.804161 3.608391 -13.631133
v -14.734208 3.608391 -13.742170
v -14.657069 3.608391 -13.848343
v -14.573081 3.608391 -13.949186
v -14.482613 3.608391 -14.044256
v -14.386060 3.608391 -14.133140
v -14.283842 3.608391 -14.215446
v -14.176410 3.608391 -14.290822
v -14.064231 3.608391 -14.358927
v -13.947793 3.608391 -14.419472
v -13.827612 3.608391 -14.472191
v -13.704209 3.608391 -14.516848
v -13.578123 3.608391 -14.553253
v -13.449908 3.608391 -14.581246
v -13.320121 3.608391 -14.600703
v -13.189333 3.608391 -14.611539
v -13.058114 3.608391 -14.613711
v -12.927039 3.608391 -14.607202
v -12.796682 3.608391 -14.592047
v -12.667612 3.608391 -14.568311
v -12.540391 3.608391 -14.536095
v -12.415579 3.608391 -14.495541
v -12.293718 3.608391 -14.446824
v -12.175345 3.608391 -14.390164
v -12.060972 3.608391 -14.325801
v -11.951107 3.608391 -14.254025
v -11.846224 3.608391 -14.175140
v -11.746785 3.608391 -14.089495
v -11.653223 3.608391 -13.997467
v -11.565948 3.608391 -13.899459
v -11.485340 3.608391 -13.795895
v -11.411756 3.608391 -13.687229
v -11.345510 3.608391 -13.573939
v -11.286900 3.608391 -13.456519
v -11.236178 3.608391 -13.335483
v -11.193565 3.608391 -13.211358
v -11.159249 3.608391 -13.084684
v -11.133383 3.608391 -12.956024
v -11.116072 3.608391 -12.825934
v -11.107400 3.608391 -12.694986
v -11.107400 3.608391 -12.563748
v -11.116072 3.608391 -12.432800
v -11.133383 3.608391 -12.302711
v -11.159249 3.608391 -12.174050
v -11.193565 3.608391 -12.047377
v -11.236178 3.608391 -11.923252
v -11.286900 3.608391 -11.802216
v -11.345510 3.608391 -11.684795
v -11.411756 3.608391 -11.571506
v -11.485340 3.608391 -11.462839
v -11.565948 3.608391 -11.359275
v -11.653223 3.608391 -11.261268
v -11.746785 3.608391 -11.169239
v -11.846224 3.608391 -11.083594
v -11.951107 3.608391 -11.004711
v -12.060972 3.608391 -10.932933
v -12.175343 3.608391 -10.868570
v -12.293718 3.608391 -10.811911
v -12.415576 3.608391 -10.763194
v -12.540391 3.608391 -10.722640
v -12.667609 3.608391 -10.690424
v -12.796682 3.608391 -10.666688
v -12.927039 3.608391 -10.651532
v -13.058114 3.608391 -10.645023
v -13.189333 3.608391 -10.647195
v -13.320121 3.608391 -10.658031
v -13.449905 3.608391 -10.677487
v -13.578180 3.608391 -10.705497
v -13.704206 3.608391 -10.741887
v -13.827612 3.608391 -10.786544
v -13.704206 11.727270 -10.741887
v -13.578255 11.727270 -10.705514
v -13.449905 11.727270 -10.677487
v -13.320121 11.727270 -10.658031
v -13.189333 11.727270 -10.647195
v -13.058114 11.727270 -10.645023
v -12.927039 11.727270 -10.651532
v -12.796682 11.727270 -10.666688
v -12.667609 11.727270 -10.690424
v -12.540391 11.727270 -10.722640
v -12.415576 11.727270 -10.763194
v -12.293718 11.727270 -10.811911
v -15.075542 6.314684 -12.629368
v -15.071203 6.314684 -12.760532
v -15.058207 6.314684 -12.891124
v -15.036604 6.314684 -13.020568
v -15.006497 6.314684 -13.148305
v -14.968011 6.314684 -13.273772
v -14.921317 6.314684 -13.396421
v -14.866621 6.314684 -13.515714
v -14.804161 6.314684 -13.631133
v -14.734208 6.314684 -13.742170
v -14.657069 6.314684 -13.848343
v -14.573081 6.314684 -13.949186
v -14.482613 6.314684 -14.044256
v -14.386060 6.314684 -14.133140
v -14.283842 6.314684 -14.215446
v -14.176410 6.314684 -14.290822
v -14.064231 6.314684 -14.358927
v -13.947793 6.314684 -14.419472
v -13.827612 6.314684 -14.472191
v -13.704209 6.314684 -14.516848
v -13.578123 6.314684 -14.553253
v -13.449908 6.314684 -14.581246
v -13.320121 6.314684 -14.600703
v -13.189333 6.314684 -14.611539
v -13.058114 6.314684 -14.613711
v -12.927039 6.314684 -14.607202
v -12.796682 6.314684 -14.592047
v -12.667612 6.314684 -14.568311
v -12.540391 6.314684 -14.536095
v -12.415579 6.314684 -14.495541
v -12.293718 6.314684 -14.446824
v -12.175345 6.314684 -14.390164
v -12.060972 6.314684 -14.325801
v -11.951107 6.314684 -14.254025
v -11.846224 6.314684 -14.175140
v -11.746785 6.314684 -14.089495
v -11.653223 6.314684 -13.997467
v -11.565948 6.314684 -13.899459
v -11.485340 6.314684 -13.795895
v -11.411756 6.314684 -13.687229
v -11.345510 6.314684 -13.573939
v -11.286900 6.314684 -13.456519
v -11.236178 6.314684 -13.335483
v -11.193565 6.314684 -13.211358
v -11.159249 6.314684 -13.084684
v -11.133383 6.314684 -12.956024
v -11.116072 6.314684 -12.825934
v -11.107400 6.314684 -12.694986
v -11.107400 6.314684 -12.563748
v -11.116072 6.314684 -12.432800
v -11.133383 6.314684 -12.302711
v -11.159249 6.314684 -12.174050
v -11.193565 6.314684 -12.047377
v -11.236178 6.314684 -11.923252
v -11.286900 6.314684 -11.802216
v -11.345510 6.314684 -11.684795
v -11.411756 6.314684 -11.571506
v -11.485340 6.314684 -11.462839
v -11.565948 6.314684 -11.359275
v -11.653223 6.314684 -11.261268
v -11.746785 6.314684 -11.169239
v -11.846224 6.314684 -11.083594
v -11.951107 6.314684 -11.004711
v -12.060972 6.314684 -10.932933
v -12.175343 6.314684 -10.868570
v -15.075542 9.020977 -12.629368
v -15.071203 9.020977 -12.760532
v -15.058207 9.020977 -12.891124
v -15.036604 9.020977 -13.020568
v -15.006497 9.020977 -13.148305
v -14.968011 9.020977 -13.273772
v -14.921317 9.020977 -13.396421
v -14.866621 9.020977 -13.515714
v -14.804161 9.020977 -13.631133
v -14.734208 9.020977 -13.742170
v -14.657069 9.020977 -13.848343
v -14.573081 9.020977 -13.949186
v -14.482613 9.020977 -14.044256
v -14.386060 9.020977 -14.133140
v -14.283842 9.020977 -14.215446
v -14.176410 9.020977 -14.290822
v -14.064231 9.020977 -14.358927
v -13.947793 9.020977 -14.419472
v -13.827612 9.020977 -14.472191
v -13.704209 9.020977 -14.516848
v -13.578123 9.020977 -14.553253
v -13.449908 9.020977 -14.581246
v -13.320121 9.020977 -14.600703
v -13.189333 9.020977 -14.611539
v -13.058114 9.020977 -14.613711
v -12.927039 9.020977 -14.607202
v -12.796682 9.020977 -14.592047
v -12.667612 9.020977 -14.568311
v -12.540391 9.020977 -14.536095
v -12.415579 9.020977 -14.495541
v -12.293718 9.020977 -14.446824
v -12.175345 9.020977 -14.390164
v -12.060972 9.020977 -14.325801
v -11.951107 9.020977 -14.254025
v -11.846224 9.020977 -14.175140
v -11.746785 9.020977 -14.089495
v -11.653223 9.020977 -13.997467
v -11.565948 9.020977 -13.899459
v -11.485340 9.020977 -13.795895
v -11.411756 9.020977 -13.687229
v -11.345510 9.020977 -13.573939
v -11.286900 9.020977 -13.456519
v -11.236178 9.020977 -13.335483
v -11.193565 9.020977 -13.211358
v -11.159249 9.020977 -13.084684
v -11.133383 9.020977 -12.956024
v -11.116072 9.020977 -12.825934
v -11.107400 9.020977 -12.694986
v -11.107400 9.020977 -12.563748
v -11.116072 9.020977 -12.432800
v -11.133383 9.020977 -12.302711
v -11.159249 9.020977 -12.174050
v -11.193565 9.020977 -12.047377
v -11.236178 9.020977 -11.923252
v -11.286900 9.020977 -11.802216
v -11.345510 9.020977 -11.684795
v -11.411756 9.020977 -11.571506
v -11.485340 9.020977 -11.462839
v -11.565948 9.020977 -11.359275
v -11.653223 9.020977 -11.261268
v -11.746785 9.020977 -11.169239
v -11.846224 9.020977 -11.083594
v -11.951107 9.020977 -11.004711
v -12.060972 9.020977 -10.932933
v -15.071203 6.314684 -12.498203
v -15.058207 6.314684 -12.367611
v -15.036604 6.314684 -12.238167
v -15.006497 6.314684 -12.110430
v -14.968011 6.314684 -11.984962
v -14.921317 6.314684 -11.862313
v -14.866621 6.314684 -11.743021
v -14.804161 6.314684 -11.627602
v -14.734208 6.314684 -11.516565
v -14.657069 6.314684 -11.410392
v -14.573081 6.314684 -11.309547
v -14.482613 6.314684 -11.214478
v -14.386060 6.314684 -11.125595
v -14.283842 6.314684 -11.043288
v -14.176410 6.314684 -10.967913
v -14.064231 6.314684 -10.899808
v -15.071203 9.020977 -12.498203
v -15.058207 9.020977 -12.367611
v -15.036604 9.020977 -12.238167
v -15.006497 9.020977 -12.110430
v -14.968011 9.020977 -11.984962
v -14.921317 9.020977 -11.862313
v -14.866621 9.020977 -11.743021
v -14.804161 9.020977 -11.627602
v -14.734208 9.020977 -11.516565
v -14.657069 9.020977 -11.410392
v -14.573081 9.020977 -11.309547
v -14.482613 9.020977 -11.214478
v -14.386060 9.020977 -11.125595
v -14.283842 9.020977 -11.043288
v -14.176410 9.020977 -10.967913
v -14.064231 9.020977 -10.899808
v -13.947793 9.020977 -10.839263
v -1.183238 28.268826 0.721678
v -1.183238 25.078316 0.721678
v -0.341292 28.260965 0.721678
v 1.342636 25.078316 0.721678
v 0.500689 28.260965 0.721678
v 1.342636 28.268826 0.721678
v 1.342636 25.078316 -0.721678
v 1.342636 28.268826 -0.721678
v -1.183238 25.078316 -0.721678
v -1.183238 28.268826 -0.721678
v 0.500689 28.260965 -0.721678
v -0.341292 28.260965 -0.721678
v 15.226722 19.521393 0.180420
v 15.559695 21.325588 0.180420
v 15.226722 22.552443 0.180420
v 15.559695 21.650345 0.180420
v 15.559695 22.227686 0.180420
v 16.461794 19.521393 0.180420
v 15.559695 19.846149 0.180420
v 15.559695 20.423491 0.180420
v 15.559695 20.748247 0.180420
v 16.137037 20.748247 0.180420
v 16.137037 20.423491 0.180420
v 16.461794 20.748247 0.180420
v 16.461794 20.423491 0.180420
v 17.039135 20.748247 0.180420
v 17.363892 20.423491 0.180420
v 17.363892 21.325588 0.180420
v 16.137037 19.846149 0.180420
v 18.265989 21.325588 0.180420
v 17.941233 21.650345 0.180420
v 17.363892 21.650345 0.180420
v 17.039135 21.325588 0.180420
v 17.039135 21.650345 0.180420
v 16.461794 21.325588 0.180420
v 16.461794 21.650345 0.180420
v 16.137037 21.325588 0.180420
v 16.137037 21.650345 0.180420
v 18.265989 22.552443 0.180420
v 17.941233 22.227686 0.180420
v 17.363892 22.227686 0.180420
v 17.039135 22.227686 0.180420
v 16.461794 22.227686 0.180420
v 16.137037 22.227686 0.180420
v 15.226722 22.552443 -0.180420
v 15.559695 20.748247 -0.180420
v 15.226722 19.521393 -0.180420
v 15.559695 20.423491 -0.180420
v 15.559695 19.846149 -0.180420
v 18.265989 22.552443 -0.180420
v 16.461794 22.227686 -0.180420
v 16.137037 22.227686 -0.180420
v 15.559695 22.227686 -0.180420
v 18.265989 21.325588 -0.180420
v 17.941233 22.227686 -0.180420
v 17.363892 22.227686 -0.180420
v 17.039135 22.227686 -0.180420
v 17.363892 21.650345 -0.180420
v 17.039135 21.650345 -0.180420
v 17.363892 21.325588 -0.180420
v 17.039135 21.325588 -0.180420
v 17.039135 20.748247 -0.180420
v 17.363892 20.423491 -0.180420
v 16.461794 20.423491 -0.180420
v 17.941233 21.650345 -0.180420
v 16.461794 19.521393 -0.180420
v 16.137037 19.846149 -0.180420
v 16.137037 20.423491 -0.180420
v 16.137037 20.748247 -0.180420
v 16.461794 21.650345 -0.180420
v 16.461794 21.325588 -0.180420
v 16.137037 21.650345 -0.180420
v 16.137037 21.325588 -0.180420
v 15.559695 21.650345 -0.180420
v 15.559695 21.325588 -0.180420
v 16.461794 20.748247 -0.180420
v 15.234026 19.521393 0.060214
v 15.234026 19.521393 -0.060214
v 10.119938 25.799994 -0.541259
v 10.119938 25.078316 -0.541259
v 10.119938 25.799994 0.541259
v 10.119938 25.078316 0.541259
v 11.340946 25.472824 0.541259
v 11.299263 25.483992 0.363407
v 11.274117 25.490732 0.182476
v 11.265710 25.492983 0.000000
v 11.274117 25.490732 -0.182476
v 11.299263 25.483992 -0.363407
v 11.340946 25.472824 -0.541259
v 16.380713 25.078316 0.541259
v 19.204170 25.078316 -0.902098
v 16.380713 25.078316 -0.541259
v 15.018068 25.078316 -0.902098
v 15.073097 25.078316 -0.784984
v 15.159703 25.078316 0.541259
v 15.120378 25.078316 0.664534
v 15.073097 25.078316 0.784984
v 15.018068 25.078316 0.902098
v 19.204170 25.078316 0.902098
v 15.120378 25.078316 -0.664534
v 15.159703 25.078316 -0.541259
v 11.397870 22.552443 0.712120
v 11.449139 19.545452 0.833318
v 11.482582 22.552443 0.902098
v 11.549796 19.545452 1.023176
v 11.549796 24.206285 1.023176
v 11.670387 24.206285 1.201038
v 11.596517 28.867126 1.097095
v 11.722499 28.867126 1.266669
v 11.809502 24.206285 1.364819
v 11.865797 28.867126 1.421891
v 11.965513 24.206285 1.512598
v 12.024774 28.867126 1.561002
v 12.136583 24.206285 1.642644
v 12.197644 28.867126 1.682426
v 12.320714 24.206285 1.753431
v 12.382439 28.867126 1.784788
v 12.515743 24.206285 1.843661
v 12.577069 28.867126 1.866928
v 12.719381 24.206285 1.912276
v 12.779323 28.867126 1.927914
v 12.929250 24.206285 1.958471
v 12.986917 28.867126 1.967057
v 13.142881 24.206285 1.981704
v 13.197495 28.867126 1.983912
v 13.357768 24.206285 1.981704
v 13.408669 28.867126 1.978288
v 13.571400 24.206285 1.958471
v 13.618052 28.867126 1.950250
v 13.781268 24.206285 1.912276
v 13.823268 28.867126 1.900114
v 13.984906 24.206285 1.843661
v 14.021989 28.867126 1.828449
v 14.179935 24.206285 1.753431
v 14.211972 28.867126 1.736068
v 14.364066 24.206285 1.642644
v 14.391057 28.867126 1.624016
v 14.535137 24.206285 1.512598
v 14.557216 28.867126 1.493563
v 14.691149 24.206285 1.364819
v 14.708570 28.867126 1.346188
v 14.830262 24.206285 1.201038
v 14.843397 28.867126 1.183559
v 14.950854 24.206285 1.023176
v 14.960178 28.867126 1.007521
v 15.057585 28.867126 0.820067
v 11.369599 19.545452 0.633690
v 11.333510 22.552443 0.514319
v 11.312112 19.545452 0.426633
v 11.290206 22.552443 0.310869
v 11.277344 19.545452 0.214575
v 11.268438 22.552443 0.104004
v 11.265710 19.545452 0.000000
v 11.268438 22.552443 -0.104004
v 11.277344 19.545452 -0.214575
v 11.290206 22.552443 -0.310869
v 11.312112 19.545452 -0.426633
v 11.333510 22.552443 -0.514319
v 11.369599 19.545452 -0.633690
v 11.397870 22.552443 -0.712120
v 11.449139 19.545452 -0.833318
v 11.482582 22.552443 -0.902098
v 11.549796 19.545452 -1.023176
v 11.549796 24.206285 -1.023176
v 11.670387 19.545452 -1.201038
v 11.670387 24.206285 -1.201038
v 11.809502 19.545452 -1.364819
v 11.809502 24.206285 -1.364819
v 11.965513 19.545452 -1.512598
v 11.965513 24.206285 -1.512598
v 12.136583 19.545452 -1.642644
v 12.136583 24.206285 -1.642644
v 12.320714 19.545452 -1.753431
v 12.320714 24.206285 -1.753431
v 12.515743 19.545452 -1.843661
v 12.515743 24.206285 -1.843661
v 12.719381 19.545452 -1.912276
v 12.719381 24.206285 -1.912276
v 12.929250 19.545452 -1.958471
v 12.929250 24.206285 -1.958471
v 13.142881 19.545452 -1.981704
v 13.142881 24.206285 -1.981704
v 13.357768 19.545452 -1.981704
v 13.357768 24.206285 -1.981704
v 13.571400 19.545452 -1.958471
v 13.571400 24.206285 -1.958471
v 13.781268 19.545452 -1.912276
v 13.781268 24.206285 -1.912276
v 13.984906 19.545452 -1.843661
v 13.984906 24.206285 -1.843661
v 14.179935 19.545452 -1.753431
v 14.179935 24.206285 -1.753431
v 14.364066 19.545452 -1.642644
v 14.364066 24.206285 -1.642644
v 14.535137 19.545452 -1.512598
v 14.535137 24.206285 -1.512598
v 14.691149 19.545452 -1.364819
v 14.691149 24.206285 -1.364819
v 14.830262 19.545452 -1.201038
v 14.830262 24.206285 -1.201038
v 14.950854 19.545452 -1.023176
v 14.950854 24.206285 -1.023176
v 15.018068 22.552443 -0.902098
v 14.960178 28.867126 -1.007521
v 15.057585 28.867126 -0.820067
v 15.134514 28.867126 -0.623321
v 15.159703 25.472824 -0.541259
v 15.190094 28.867126 -0.419513
v 15.201386 25.483992 -0.363407
v 15.223697 28.867126 -0.210952
v 15.226532 25.490732 -0.182476
v 15.234940 28.867126 -0.000000
v 15.234940 25.492983 0.000000
v 15.226532 25.490732 0.182476
v 15.223697 28.867126 0.210952
v 15.201386 25.483992 0.363407
v 15.190094 28.867126 0.419513
v 15.159703 25.472824 0.541259
v 15.134514 28.867126 0.623321
v 11.482582 25.078316 -0.902098
v 11.489271 28.867126 -0.915091
v 11.596517 28.867126 -1.097095
v 11.427552 25.078316 -0.784984
v 11.401980 28.867126 -0.722718
v 11.380273 25.078316 -0.664534
v 11.340946 25.078316 -0.541259
v 11.335633 28.867126 -0.522157
v 11.290977 28.867126 -0.315680
v 11.268523 28.867126 -0.105626
v 11.268523 28.867126 0.105626
v 11.290977 28.867126 0.315680
v 11.335633 28.867126 0.522157
v 11.401980 28.867126 0.722718
v 11.380273 25.078316 0.664534
v 11.427552 25.078316 0.784984
v 11.340946 25.078316 0.541259
v 11.489271 28.867126 0.915091
v 11.482582 25.078316 0.902098
v 15.051511 19.545452 -0.833318
v 15.095818 22.552443 -0.729965
v 15.131050 19.545452 -0.633690
v 15.156854 22.552443 -0.551221
v 15.188539 19.545452 -0.426633
v 15.200621 22.552443 -0.367485
v 15.223306 19.545452 -0.214575
v 15.223306 14.884611 -0.214575
v 15.234940 14.884611 -0.000000
v 15.223306 14.884611 0.214575
v 15.223306 19.545452 0.214575
v 15.200621 22.552443 0.367485
v 15.188539 19.545452 0.426633
v 15.156854 22.552443 0.551221
v 15.131050 19.545452 0.633690
v 15.095818 22.552443 0.729965
v 15.051511 19.545452 0.833318
v 15.018068 22.552443 0.902098
v 14.950854 19.545452 1.023176
v 14.830262 19.545452 1.201038
v 14.691149 19.545452 1.364819
v 14.535137 19.545452 1.512598
v 14.364066 19.545452 1.642644
v 14.179935 19.545452 1.753431
v 13.984906 19.545452 1.843661
v 13.781268 19.545452 1.912276
v 13.571400 19.545452 1.958471
v 13.357768 19.545452 1.981704
v 13.142881 19.545452 1.981704
v 12.929250 19.545452 1.958471
v 12.719381 19.545452 1.912276
v 12.515743 19.545452 1.843661
v 12.320714 19.545452 1.753431
v 12.136583 19.545452 1.642644
v 11.965513 19.545452 1.512598
v 11.809502 19.545452 1.364819
v 11.670387 19.545452 1.201038
v 15.223697 0.902098 0.210952
v 15.234940 0.902098 -0.000000
v 15.234940 5.562937 -0.000000
v 15.223697 0.902098 -0.210952
v 15.223306 5.562937 -0.214575
v 15.190094 0.902098 -0.419513
v 15.188539 5.562937 -0.426633
v 15.134514 0.902098 -0.623321
v 15.131050 5.562937 -0.633690
v 15.057585 0.902098 -0.820067
v 15.051511 5.562937 -0.833318
v 14.960178 0.902098 -1.007521
v 14.950854 5.562937 -1.023176
v 14.843397 0.902098 -1.183559
v 14.830262 5.562937 -1.201038
v 14.708570 0.902098 -1.346188
v 14.691149 5.562937 -1.364819
v 14.557216 0.902098 -1.493563
v 14.535137 5.562937 -1.512598
v 14.391057 0.902098 -1.624016
v 14.364066 5.562937 -1.642644
v 14.211972 0.902098 -1.736068
v 14.179935 5.562937 -1.753431
v 14.021989 0.902098 -1.828449
v 13.984906 5.562937 -1.843661
v 13.823268 0.902098 -1.900114
v 13.781268 5.562937 -1.912276
v 13.618052 0.902098 -1.950250
v 13.571400 5.562937 -1.958471
v 13.408669 0.902098 -1.978288
v 13.357768 5.562937 -1.981704
v 13.197495 0.902098 -1.983912
v 13.142881 5.562937 -1.981704
v 12.986917 0.902098 -1.967057
v 12.929250 5.562937 -1.958471
v 12.779323 0.902098 -1.927914
v 12.719381 5.562937 -1.912276
v 12.577069 0.902098 -1.866928
v 12.515743 5.562937 -1.843661
v 12.382439 0.902098 -1.784788
v 12.320714 5.562937 -1.753431
v 12.197644 0.902098 -1.682426
v 12.136583 5.562937 -1.642644
v 12.024774 0.902098 -1.561002
v 11.965513 5.562937 -1.512598
v 11.865797 0.902098 -1.421891
v 11.809502 5.562937 -1.364819
v 11.722499 0.902098 -1.266669
v 11.670387 5.562937 -1.201038
v 11.596517 0.902098 -1.097095
v 11.549796 5.562937 -1.023176
v 11.489271 0.902098 -0.915091
v 11.449139 5.562937 -0.833318
v 11.401980 0.902098 -0.722718
v 11.369599 5.562937 -0.633690
v 11.335633 0.902098 -0.522157
v 11.312112 5.562937 -0.426633
v 11.290977 0.902098 -0.315680
v 11.277344 5.562937 -0.214575
v 11.268523 0.902098 -0.105626
v 11.265710 5.562937 0.000000
v 11.268523 0.902098 0.105626
v 11.277344 5.562937 0.214575
v 11.290977 0.902098 0.315680
v 11.312112 5.562937 0.426633
v 11.335633 0.902098 0.522157
v 11.369599 5.562937 0.633690
v 11.401980 0.902098 0.722718
v 11.449139 5.562937 0.833318
v 11.489271 0.902098 0.915091
v 11.549796 5.562937 1.023176
v 11.596517 0.902098 1.097095
v 11.670387 5.562937 1.201038
v 11.722499 0.902098 1.266669
v 11.809502 5.562937 1.364819
v 11.865797 0.902098 1.421891
v 11.965513 5.562937 1.512598
v 12.024774 0.902098 1.561002
v 12.136583 5.562937 1.642644
v 12.197644 0.902098 1.682426
v 12.320714 5.562937 1.753431
v 12.382439 0.902098 1.784788
v 12.515743 5.562937 1.843661
v 12.577069 0.902098 1.866928
v 12.719381 5.562937 1.912276
v 12.779323 0.902098 1.927914
v 12.929250 5.562937 1.958471
v 12.986917 0.902098 1.967057
v 13.142881 5.562937 1.981704
v 13.197495 0.902098 1.983912
v 13.357768 5.562937 1.981704
v 13.408669 0.902098 1.978288
v 13.571400 5.562937 1.958471
v 13.618052 0.902098 1.950250
v 13.781268 5.562937 1.912276
v 13.823268 0.902098 1.900114
v 13.984906 5.562937 1.843661
v 14.021989 0.902098 1.828449
v 14.179935 5.562937 1.753431
v 14.211972 0.902098 1.736068
v 14.364066 5.562937 1.642644
v 14.391057 0.902098 1.624016
v 14.535137 5.562937 1.512598
v 14.557216 0.902098 1.493563
v 14.691149 5.562937 1.364819
v 14.708570 0.902098 1.346188
v 14.830262 5.562937 1.201038
v 14.843397 0.902098 1.183559
v 14.950854 5.562937 1.023176
v 14.960178 0.902098 1.007521
v 15.051511 5.562937 0.833318
v 15.057585 0.902098 0.820067
v 15.131050 5.562937 0.633690
v 15.134514 0.902098 0.623321
v 15.188539 5.562937 0.426633
v 15.190094 0.902098 0.419513
v 15.223306 5.562937 0.214575
v 11.722499 28.867126 -1.266669
v 11.865797 28.867126 -1.421891
v 12.024774 28.867126 -1.561002
v 12.197644 28.867126 -1.682426
v 12.382439 28.867126 -1.784788
v 12.577069 28.867126 -1.866928
v 12.779323 28.867126 -1.927914
v 12.986917 28.867126 -1.967057
v 13.197495 28.867126 -1.983912
v 13.408669 28.867126 -1.978288
v 13.618052 28.867126 -1.950250
v 13.823268 28.867126 -1.900114
v 14.021989 28.867126 -1.828449
v 14.211972 28.867126 -1.736068
v 14.391057 28.867126 -1.624016
v 14.557216 28.867126 -1.493563
v 14.708570 28.867126 -1.346188
v 14.843397 28.867126 -1.183559
v 15.234940 10.223772 -0.000000
v 15.223306 10.223772 -0.214575
v 15.188539 14.884611 -0.426633
v 15.188539 10.223772 -0.426633
v 15.131050 14.884611 -0.633690
v 15.131050 10.223772 -0.633690
v 15.051511 14.884611 -0.833318
v 15.051511 10.223772 -0.833318
v 14.950854 14.884611 -1.023176
v 14.950854 10.223772 -1.023176
v 14.830262 14.884611 -1.201038
v 14.830262 10.223772 -1.201038
v 14.691149 14.884611 -1.364819
v 14.691149 10.223772 -1.364819
v 14.535137 14.884611 -1.512598
v 14.535137 10.223772 -1.512598
v 14.364066 14.884611 -1.642644
v 14.364066 10.223772 -1.642644
v 14.179935 14.884611 -1.753431
v 14.179935 10.223772 -1.753431
v 13.984906 14.884611 -1.843661
v 13.984906 10.223772 -1.843661
v 13.781268 14.884611 -1.912276
v 13.781268 10.223772 -1.912276
v 13.571400 14.884611 -1.958471
v 13.571400 10.223772 -1.958471
v 13.357768 14.884611 -1.981704
v 13.357768 10.223772 -1.981704
v 13.142881 14.884611 -1.981704
v 13.142881 10.223772 -1.981704
v 12.929250 14.884611 -1.958471
v 12.929250 10.223772 -1.958471
v 12.719381 14.884611 -1.912276
v 12.719381 10.223772 -1.912276
v 12.515743 14.884611 -1.843661
v 12.515743 10.223772 -1.843661
v 12.320714 14.884611 -1.753431
v 12.320714 10.223772 -1.753431
v 12.136583 14.884611 -1.642644
v 12.136583 10.223772 -1.642644
v 11.965513 14.884611 -1.512598
v 11.965513 10.223772 -1.512598
v 11.809502 14.884611 -1.364819
v 11.809502 10.223772 -1.364819
v 11.670387 14.884611 -1.201038
v 11.670387 10.223772 -1.201038
v 11.549796 14.884611 -1.023176
v 11.549796 10.223772 -1.023176
v 11.449139 14.884611 -0.833318
v 11.449139 10.223772 -0.833318
v 11.369599 14.884611 -0.633690
v 11.369599 10.223772 -0.633690
v 11.312112 14.884611 -0.426633
v 11.312112 10.223772 -0.426633
v 11.277344 14.884611 -0.214575
v 11.277344 10.223772 -0.214575
v 11.265710 14.884611 0.000000
v 11.265710 10.223772 0.000000
v 11.277344 14.884611 0.214575
v 11.277344 10.223772 0.214575
v 11.312112 14.884611 0.426633
v 11.312112 10.223772 0.426633
v 11.369599 14.884611 0.633690
v 11.369599 10.223772 0.633690
v 11.449139 14.884611 0.833318
v 11.449139 10.223772 0.833318
v 11.549796 14.884611 1.023176
v 11.549796 10.223772 1.023176
v 11.670387 14.884611 1.201038
v 11.670387 10.223772 1.201038
v 11.809502 14.884611 1.364819
v 11.809502 10.223772 1.364819
v 11.965513 14.884611 1.512598
v 11.965513 10.223772 1.512598
v 12.136583 14.884611 1.642644
v 12.136583 10.223772 1.642644
v 12.320714 14.884611 1.753431
v 12.320714 10.223772 1.753431
v 12.515743 14.884611 1.843661
v 12.515743 10.223772 1.843661
v 12.719381 14.884611 1.912276
v 12.719381 10.223772 1.912276
v 12.929250 14.884611 1.958471
v 12.929250 10.223772 1.958471
v 13.142881 14.884611 1.981704
v 13.142881 10.223772 1.981704
v 13.357768 14.884611 1.981704
v 13.357768 10.223772 1.981704
v 13.571400 14.884611 1.958471
v 13.571400 10.223772 1.958471
v 13.781268 14.884611 1.912276
v 13.781268 10.223772 1.912276
v 13.984906 14.884611 1.843661
v 13.984906 10.223772 1.843661
v 14.179935 14.884611 1.753431
v 14.179935 10.223772 1.753431
v 14.364066 14.884611 1.642644
v 14.364066 10.223772 1.642644
v 14.535137 14.884611 1.512598
v 14.535137 10.223772 1.512598
v 14.691149 14.884611 1.364819
v 14.691149 10.223772 1.364819
v 14.830262 14.884611 1.201038
v 14.830262 10.223772 1.201038
v 14.950854 14.884611 1.023176
v 14.950854 10.223772 1.023176
v 15.051511 14.884611 0.833318
v 15.051511 10.223772 0.833318
v 15.131050 14.884611 0.633690
v 15.131050 10.223772 0.633690
v 15.188539 14.884611 0.426633
v 15.188539 10.223772 0.426633
v 15.223306 10.223772 0.214575
v 15.945075 28.867126 -0.249705
v 15.956618 28.867126 0.000000
v 15.945075 28.867126 0.249705
v 15.910539 28.867126 0.497280
v 15.853307 28.867126 0.740612
v 15.773867 28.867126 0.977626
v 15.672898 28.867126 1.206299
v 15.551263 28.867126 1.424680
v 15.409994 28.867126 1.630906
v 15.250301 28.867126 1.823218
v 15.073544 28.867126 1.999975
v 14.881231 28.867126 2.159668
v 14.675005 28.867126 2.300937
v 14.456624 28.867126 2.422574
v 14.227951 28.867126 2.523543
v 13.990935 28.867126 2.602982
v 13.747604 28.867126 2.660213
v 13.500029 28.867126 2.694748
v 13.250325 28.867126 2.706293
v 13.000621 28.867126 2.694748
v 12.753045 28.867126 2.660213
v 12.509714 28.867126 2.602982
v 12.272699 28.867126 2.523543
v 12.044025 28.867126 2.422574
v 11.825644 28.867126 2.300937
v 11.619419 28.867126 2.159668
v 11.427107 28.867126 1.999975
v 11.250348 28.867126 1.823218
v 11.090656 28.867126 1.630906
v 10.949387 28.867126 1.424680
v 10.827751 28.867126 1.206299
v 10.726783 28.867126 0.977626
v 10.647343 28.867126 0.740612
v 10.590112 28.867126 0.497280
v 10.555575 28.867126 0.249705
v 10.544032 28.867126 0.000000
v 10.555575 28.867126 -0.249705
v 10.590112 28.867126 -0.497280
v 10.647343 28.867126 -0.740612
v 10.726783 28.867126 -0.977626
v 10.827751 28.867126 -1.206299
v 10.949387 28.867126 -1.424680
v 11.090656 28.867126 -1.630906
v 11.250348 28.867126 -1.823218
v 11.427107 28.867126 -1.999975
v 11.619419 28.867126 -2.159668
v 11.825644 28.867126 -2.300937
v 12.044025 28.867126 -2.422574
v 12.272699 28.867126 -2.523543
v 12.509714 28.867126 -2.602982
v 12.753045 28.867126 -2.660213
v 13.000621 28.867126 -2.694748
v 13.250325 28.867126 -2.706293
v 13.500029 28.867126 -2.694748
v 13.747604 28.867126 -2.660213
v 13.990935 28.867126 -2.602982
v 14.227951 28.867126 -2.523543
v 14.456624 28.867126 -2.422574
v 14.675005 28.867126 -2.300937
v 14.881231 28.867126 -2.159668
v 15.073544 28.867126 -1.999975
v 15.250301 28.867126 -1.823218
v 15.409994 28.867126 -1.630906
v 15.551263 28.867126 -1.424680
v 15.672898 28.867126 -1.206299
v 15.773867 28.867126 -0.977626
v 15.853307 28.867126 -0.740612
v 15.910539 28.867126 -0.497280
v 10.630644 28.879124 0.678243
v 10.698808 28.887180 0.902098
v 10.698808 29.769222 0.902098
v 10.791550 29.769222 1.130681
v 10.904719 29.769222 1.349870
v 11.037374 29.769222 1.557844
v 11.188417 29.769222 1.752874
v 11.356594 29.769222 1.933341
v 11.540504 29.769222 2.097744
v 11.738618 29.769222 2.244719
v 11.949295 29.769222 2.373044
v 12.170778 29.769222 2.481653
v 12.401231 29.769222 2.569643
v 12.638739 29.769222 2.636283
v 12.881331 29.769222 2.681019
v 13.126986 29.769222 2.703481
v 13.373664 29.769222 2.703481
v 13.619318 29.769222 2.681019
v 13.861911 29.769222 2.636283
v 14.099420 29.769222 2.569643
v 14.329871 29.769222 2.481653
v 14.551354 29.769222 2.373044
v 14.762033 29.769222 2.244719
v 14.960145 29.769222 2.097744
v 15.144055 29.769222 1.933341
v 15.312233 29.769222 1.752874
v 15.463275 29.769222 1.557844
v 15.595930 29.769222 1.349870
v 15.709100 29.769222 1.130681
v 15.801843 29.769222 0.902098
v 15.801843 29.640610 0.902098
v 15.869976 29.652689 0.678346
v 15.918297 29.661293 0.451250
v 15.947084 29.666435 0.224052
v 15.956618 29.668142 0.000000
v 15.947084 29.666435 -0.224052
v 15.918297 29.661293 -0.451250
v 15.869976 29.652689 -0.678346
v 15.801843 29.640610 -0.902098
v 15.709100 29.769222 -1.130681
v 15.595930 29.769222 -1.349870
v 15.463275 29.769222 -1.557844
v 15.312233 29.769222 -1.752874
v 15.144055 29.769222 -1.933341
v 14.960145 29.769222 -2.097744
v 14.762033 29.769222 -2.244719
v 14.551354 29.769222 -2.373044
v 14.329871 29.769222 -2.481653
v 14.099420 29.769222 -2.569643
v 13.861911 29.769222 -2.636283
v 13.619318 29.769222 -2.681019
v 13.373664 29.769222 -2.703481
v 13.126986 29.769222 -2.703481
v 12.881331 29.769222 -2.681019
v 12.638739 29.769222 -2.636283
v 12.401231 29.769222 -2.569643
v 12.170778 29.769222 -2.481653
v 11.949295 29.769222 -2.373044
v 11.738618 29.769222 -2.244719
v 11.540504 29.769222 -2.097744
v 11.356594 29.769222 -1.933341
v 11.188417 29.769222 -1.752874
v 11.037374 29.769222 -1.557844
v 10.904719 29.769222 -1.349870
v 10.791550 29.769222 -1.130681
v 10.698808 29.769222 -0.902098
v 10.698808 28.887180 -0.902098
v 10.630644 28.879124 -0.678243
v 10.582329 28.873444 -0.451113
v 10.553555 28.870077 -0.223951
v 10.544032 28.868971 -0.000000
v 10.553555 28.870077 0.223951
v 10.582329 28.873444 0.451113
v 15.801843 29.769222 -0.902098
v -11.323184 22.552443 -0.902098
v -11.238475 22.552443 -0.712120
v -11.174115 22.552443 -0.514319
v -11.130811 22.552443 -0.310869
v -11.109040 22.552443 -0.104004
v -11.109040 22.552443 0.104004
v -11.130811 22.552443 0.310869
v -11.174115 22.552443 0.514319
v -11.238475 22.552443 0.712120
v -11.323184 22.552443 0.902098
v -9.960540 25.078316 0.541259
v -11.268155 25.078316 0.784984
v -11.323184 25.078316 0.902098
v -11.323184 25.078316 -0.902098
v -11.268155 25.078316 -0.784984
v -9.960540 25.078316 -0.541259
v -11.220875 25.078316 -0.664534
v -11.181546 25.078316 -0.541259
v -11.181546 25.078316 0.541259
v -11.220875 25.078316 0.664534
v 16.380713 25.799994 0.541259
v 16.380713 25.799994 -0.541259
v 19.204170 22.552443 -0.902098
v 19.204170 22.552443 0.902098
v -11.181546 25.472824 0.541259
v -9.960540 25.799994 0.541259
v -11.181546 25.472824 -0.541259
v -11.139869 25.483992 -0.363407
v -9.960540 25.799994 -0.541259
v -11.114720 25.490732 -0.182476
v -11.106312 25.492983 0.000000
v -11.114720 25.490732 0.182476
v -11.139869 25.483992 0.363407
v -15.000308 25.078316 0.541259
v -15.000308 25.472824 0.541259
v -16.221315 25.078316 0.541259
v -16.221315 25.799994 0.541259
v -15.041986 25.483992 0.363407
v -15.067135 25.490732 0.182476
v -15.075542 25.492983 0.000000
v -16.221315 25.799994 -0.541259
v -15.067135 25.490732 -0.182476
v -15.041986 25.483992 -0.363407
v -15.000308 25.472824 -0.541259
v -15.000308 25.078316 -0.541259
v -16.221315 25.078316 -0.541259
v -14.960979 25.078316 0.664534
v -14.913699 25.078316 0.784984
v -14.858670 25.078316 0.902098
v -19.044771 25.078316 0.902098
v -19.044771 25.078316 -0.902098
v -14.858670 25.078316 -0.902098
v -14.913699 25.078316 -0.784984
v -14.960979 25.078316 -0.664534
v -15.067325 22.552443 0.180420
v -15.400298 20.748247 0.180420
v -15.067325 19.521393 0.180420
v -15.400298 20.423491 0.180420
v -15.400298 19.846149 0.180420
v -18.106590 22.552443 0.180420
v -16.302395 22.227686 0.180420
v -15.977640 22.227686 0.180420
v -15.400298 22.227686 0.180420
v -18.106590 21.325588 0.180420
v -17.781836 22.227686 0.180420
v -17.204493 22.227686 0.180420
v -16.879738 22.227686 0.180420
v -17.204493 21.650345 0.180420
v -16.879738 21.650345 0.180420
v -17.204493 21.325588 0.180420
v -16.879738 21.325588 0.180420
v -16.879738 20.748247 0.180420
v -17.204493 20.423491 0.180420
v -16.302395 20.423491 0.180420
v -17.781836 21.650345 0.180420
v -16.302395 19.521393 0.180420
v -15.977640 19.846149 0.180420
v -15.977640 20.423491 0.180420
v -15.977640 20.748247 0.180420
v -15.400298 21.650345 0.180420
v -15.400298 21.325588 0.180420
v -15.977640 21.325588 0.180420
v -15.977640 21.650345 0.180420
v -16.302395 21.325588 0.180420
v -16.302395 21.650345 0.180420
v -16.302395 20.748247 0.180420
v -15.067325 19.521393 -0.180420
v -15.400298 21.325588 -0.180420
v -15.067325 22.552443 -0.180420
v -15.400298 21.650345 -0.180420
v -15.400298 22.227686 -0.180420
v -16.302395 19.521393 -0.180420
v -15.400298 19.846149 -0.180420
v -15.400298 20.423491 -0.180420
v -15.400298 20.748247 -0.180420
v -15.977640 20.748247 -0.180420
v -15.977640 20.423491 -0.180420
v -16.302395 20.748247 -0.180420
v -16.302395 20.423491 -0.180420
v -16.879738 20.748247 -0.180420
v -17.204493 20.423491 -0.180420
v -17.204493 21.325588 -0.180420
v -15.977640 19.846149 -0.180420
v -18.106590 21.325588 -0.180420
v -17.781836 21.650345 -0.180420
v -17.204493 21.650345 -0.180420
v -16.879738 21.325588 -0.180420
v -16.879738 21.650345 -0.180420
v -16.302395 21.325588 -0.180420
v -16.302395 21.650345 -0.180420
v -15.977640 21.325588 -0.180420
v -15.977640 21.650345 -0.180420
v -18.106590 22.552443 -0.180420
v -17.781836 22.227686 -0.180420
v -17.204493 22.227686 -0.180420
v -16.879738 22.227686 -0.180420
v -16.302395 22.227686 -0.180420
v -15.977640 22.227686 -0.180420
v -15.074628 19.521393 -0.060214
v -15.074628 19.521393 0.060214
v -11.206738 28.867126 -0.623321
v -11.151158 28.867126 -0.419513
v -11.117556 28.867126 -0.210952
v -11.106312 28.867126 -0.000000
v -11.117556 28.867126 0.210952
v -11.151158 28.867126 0.419513
v -11.206738 28.867126 0.623321
v -11.283668 28.867126 0.820067
v -11.381074 28.867126 1.007521
v -11.390395 24.206285 1.023176
v -11.497852 28.867126 1.183559
v -11.510990 24.206285 1.201038
v -11.632683 28.867126 1.346188
v -11.650106 24.206285 1.364819
v -11.784037 28.867126 1.493563
v -11.806115 24.206285 1.512598
v -11.950195 28.867126 1.624016
v -11.977185 24.206285 1.642644
v -12.129280 28.867126 1.736068
v -12.161316 24.206285 1.753431
v -12.319261 28.867126 1.828449
v -12.356346 24.206285 1.843661
v -12.517984 28.867126 1.900114
v -12.559987 24.206285 1.912276
v -12.723200 28.867126 1.950250
v -12.769853 24.206285 1.958471
v -12.932584 28.867126 1.978288
v -12.983481 24.206285 1.981704
v -13.143760 28.867126 1.983912
v -13.198374 24.206285 1.981704
v -13.354336 28.867126 1.967057
v -13.412003 24.206285 1.958471
v -13.561930 28.867126 1.927914
v -13.621867 24.206285 1.912276
v -13.764186 28.867126 1.866928
v -13.825508 24.206285 1.843661
v -13.958814 28.867126 1.784788
v -14.020538 24.206285 1.753431
v -14.143607 28.867126 1.682426
v -14.204669 24.206285 1.642644
v -14.316476 28.867126 1.561002
v -14.375739 24.206285 1.512598
v -14.475457 28.867126 1.421891
v -14.531748 24.206285 1.364819
v -14.618751 28.867126 1.266669
v -14.670864 24.206285 1.201038
v -14.744736 28.867126 1.097095
v -14.791459 24.206285 1.023176
v -14.851980 28.867126 0.915091
v -14.858670 22.552443 0.902098
v -14.939272 28.867126 0.722718
v -11.283668 28.867126 -0.820067
v -11.381074 28.867126 -1.007521
v -11.390395 24.206285 -1.023176
v -11.390395 19.545452 -1.023176
v -11.510990 24.206285 -1.201038
v -11.510990 19.545452 -1.201038
v -11.650106 24.206285 -1.364819
v -11.650106 19.545452 -1.364819
v -11.806115 24.206285 -1.512598
v -11.806115 19.545452 -1.512598
v -11.977185 24.206285 -1.642644
v -11.977185 19.545452 -1.642644
v -12.161316 24.206285 -1.753431
v -12.161316 19.545452 -1.753431
v -12.356346 24.206285 -1.843661
v -12.356346 19.545452 -1.843661
v -12.559987 24.206285 -1.912276
v -12.559987 19.545452 -1.912276
v -12.769853 24.206285 -1.958471
v -12.769853 19.545452 -1.958471
v -12.983481 24.206285 -1.981704
v -12.983481 19.545452 -1.981704
v -13.198374 24.206285 -1.981704
v -13.198374 19.545452 -1.981704
v -13.412003 24.206285 -1.958471
v -13.412003 19.545452 -1.958471
v -13.621867 24.206285 -1.912276
v -13.621867 19.545452 -1.912276
v -13.825508 24.206285 -1.843661
v -13.825508 19.545452 -1.843661
v -14.020538 24.206285 -1.753431
v -14.020538 19.545452 -1.753431
v -14.204669 24.206285 -1.642644
v -14.204669 19.545452 -1.642644
v -14.375739 24.206285 -1.512598
v -14.375739 19.545452 -1.512598
v -14.531748 24.206285 -1.364819
v -14.531748 19.545452 -1.364819
v -14.670864 24.206285 -1.201038
v -14.670864 19.545452 -1.201038
v -14.791459 24.206285 -1.023176
v -14.791459 19.545452 -1.023176
v -14.858670 22.552443 -0.902098
v -14.892114 19.545452 -0.833318
v -14.936420 22.552443 -0.729965
v -14.971653 19.545452 -0.633690
v -14.997457 22.552443 -0.551221
v -15.029143 19.545452 -0.426633
v -15.041224 22.552443 -0.367485
v -15.063908 19.545452 -0.214575
v -15.063908 14.884611 -0.214575
v -15.075542 14.884611 -0.000000
v -15.063908 14.884611 0.214575
v -15.063908 19.545452 0.214575
v -15.041224 22.552443 0.367485
v -15.029143 19.545452 0.426633
v -14.997457 22.552443 0.551221
v -14.971653 19.545452 0.633690
v -14.936420 22.552443 0.729965
v -14.892114 19.545452 0.833318
v -14.791459 19.545452 1.023176
v -11.289741 19.545452 -0.833318
v -11.210201 19.545452 -0.633690
v -11.152711 19.545452 -0.426633
v -11.117947 19.545452 -0.214575
v -11.106312 19.545452 -0.000000
v -11.117947 19.545452 0.214575
v -11.152711 19.545452 0.426633
v -11.210201 19.545452 0.633690
v -11.289741 19.545452 0.833318
v -11.390395 19.545452 1.023176
v -11.510990 19.545452 1.201038
v -11.650106 19.545452 1.364819
v -11.806115 19.545452 1.512598
v -11.977185 19.545452 1.642644
v -12.161316 19.545452 1.753431
v -12.356346 19.545452 1.843661
v -12.559987 19.545452 1.912276
v -12.769853 19.545452 1.958471
v -12.983481 19.545452 1.981704
v -13.198374 19.545452 1.981704
v -13.412003 19.545452 1.958471
v -13.621867 19.545452 1.912276
v -13.825508 19.545452 1.843661
v -14.020538 19.545452 1.753431
v -14.204669 19.545452 1.642644
v -14.375739 19.545452 1.512598
v -14.531748 19.545452 1.364819
v -14.670864 19.545452 1.201038
v -14.851980 28.867126 -0.915091
v -14.744736 28.867126 -1.097095
v -14.939272 28.867126 -0.722718
v -15.005619 28.867126 -0.522157
v -15.050275 28.867126 -0.315680
v -15.072728 28.867126 -0.105626
v -15.072728 28.867126 0.105626
v -15.050275 28.867126 0.315680
v -15.005619 28.867126 0.522157
v -14.618751 28.867126 -1.266669
v -14.475457 28.867126 -1.421891
v -14.316476 28.867126 -1.561002
v -14.143607 28.867126 -1.682426
v -13.958814 28.867126 -1.784788
v -13.764186 28.867126 -1.866928
v -13.561930 28.867126 -1.927914
v -13.354336 28.867126 -1.967057
v -13.143760 28.867126 -1.983912
v -12.932584 28.867126 -1.978288
v -12.723200 28.867126 -1.950250
v -12.517984 28.867126 -1.900114
v -12.319261 28.867126 -1.828449
v -12.129280 28.867126 -1.736068
v -11.950195 28.867126 -1.624016
v -11.784037 28.867126 -1.493563
v -11.632683 28.867126 -1.346188
v -11.497852 28.867126 -1.183559
v -11.117556 0.902098 0.210952
v -11.106312 0.902098 -0.000000
v -11.106312 5.562937 -0.000000
v -11.117556 0.902098 -0.210952
v -11.117947 5.562937 -0.214575
v -11.151158 0.902098 -0.419513
v -11.152711 5.562937 -0.426633
v -11.206738 0.902098 -0.623321
v -11.210201 5.562937 -0.633690
v -11.283668 0.902098 -0.820067
v -11.289741 5.562937 -0.833318
v -11.381074 0.902098 -1.007521
v -11.390395 5.562937 -1.023176
v -11.497852 0.902098 -1.183559
v -11.510990 5.562937 -1.201038
v -11.632683 0.902098 -1.346188
v -11.650106 5.562937 -1.364819
v -11.784037 0.902098 -1.493563
v -11.806115 5.562937 -1.512598
v -11.950195 0.902098 -1.624016
v -11.977185 5.562937 -1.642644
v -12.129280 0.902098 -1.736068
v -12.161316 5.562937 -1.753431
v -12.319261 0.902098 -1.828449
v -12.356346 5.562937 -1.843661
v -12.517984 0.902098 -1.900114
v -12.559987 5.562937 -1.912276
v -12.723200 0.902098 -1.950250
v -12.769853 5.562937 -1.958471
v -12.932584 0.902098 -1.978288
v -12.983481 5.562937 -1.981704
v -13.143760 0.902098 -1.983912
v -13.198374 5.562937 -1.981704
v -13.354336 0.902098 -1.967057
v -13.412003 5.562937 -1.958471
v -13.561930 0.902098 -1.927914
v -13.621867 5.562937 -1.912276
v -13.764186 0.902098 -1.866928
v -13.825508 5.562937 -1.843661
v -13.958814 0.902098 -1.784788
v -14.020538 5.562937 -1.753431
v -14.143607 0.902098 -1.682426
v -14.204669 5.562937 -1.642644
v -14.316476 0.902098 -1.561002
v -14.375739 5.562937 -1.512598
v -14.475457 0.902098 -1.421891
v -14.531748 5.562937 -1.364819
v -14.618751 0.902098 -1.266669
v -14.670864 5.562937 -1.201038
v -14.744736 0.902098 -1.097095
v -14.791459 5.562937 -1.023176
v -14.851980 0.902098 -0.915091
v -14.892114 5.562937 -0.833318
v -14.939272 0.902098 -0.722718
v -14.971653 5.562937 -0.633690
v -15.005619 0.902098 -0.522157
v -15.029143 5.562937 -0.426633
v -15.050275 0.902098 -0.315680
v -15.063908 5.562937 -0.214575
v -15.072728 0.902098 -0.105626
v -15.075542 5.562937 -0.000000
v -15.072728 0.902098 0.105626
v -15.063908 5.562937 0.214575
v -15.050275 0.902098 0.315680
v -15.029143 5.562937 0.426633
v -15.005619 0.902098 0.522157
v -14.971653 5.562937 0.633690
v -14.939272 0.902098 0.722718
v -14.892114 5.562937 0.833318
v -14.851980 0.902098 0.915091
v -14.791459 5.562937 1.023176
v -14.744736 0.902098 1.097095
v -14.670864 5.562937 1.201038
v -14.618751 0.902098 1.266669
v -14.531748 5.562937 1.364819
v -14.475457 0.902098 1.421891
v -14.375739 5.562937 1.512598
v -14.316476 0.902098 1.561002
v -14.204669 5.562937 1.642644
v -14.143607 0.902098 1.682426
v -14.020538 5.562937 1.753431
v -13.958814 0.902098 1.784788
v -13.825508 5.562937 1.843661
v -13.764186 0.902098 1.866928
v -13.621867 5.562937 1.912276
v -13.561930 0.902098 1.927914
v -13.412003 5.562937 1.958471
v -13.354336 0.902098 1.967057
v -13.198374 5.562937 1.981704
v -13.143760 0.902098 1.983912
v -12.983481 5.562937 1.981704
v -12.932584 0.902098 1.978288
v -12.769853 5.562937 1.958471
v -12.723200 0.902098 1.950250
v -12.559987 5.562937 1.912276
v -12.517984 0.902098 1.900114
v -12.356346 5.562937 1.843661
v -12.319261 0.902098 1.828449
v -12.161316 5.562937 1.753431
v -12.129280 0.902098 1.736068
v -11.977185 5.562937 1.642644
v -11.950195 0.902098 1.624016
v -11.806115 5.562937 1.512598
v -11.784037 0.902098 1.493563
v -11.650106 5.562937 1.364819
v -11.632683 0.902098 1.346188
v -11.510990 5.562937 1.201038
v -11.497852 0.902098 1.183559
v -11.390395 5.562937 1.023176
v -11.381074 0.902098 1.007521
v -11.289741 5.562937 0.833318
v -11.283668 0.902098 0.820067
v -11.210201 5.562937 0.633690
v -11.206738 0.902098 0.623321
v -11.152711 5.562937 0.426633
v -11.151158 0.902098 0.419513
v -11.117947 5.562937 0.214575
v -11.106312 14.884611 -0.000000
v -11.117947 14.884611 -0.214575
v -11.152711 14.884611 -0.426633
v -11.210201 14.884611 -0.633690
v -11.289741 14.884611 -0.833318
v -11.390395 14.884611 -1.023176
v -11.510990 14.884611 -1.201038
v -11.650106 14.884611 -1.364819
v -11.806115 14.884611 -1.512598
v -11.977185 14.884611 -1.642644
v -12.161316 14.884611 -1.753431
v -12.356346 14.884611 -1.843661
v -12.559987 14.884611 -1.912276
v -12.769853 14.884611 -1.958471
v -12.983481 14.884611 -1.981704
v -13.198374 14.884611 -1.981704
v -13.412003 14.884611 -1.958471
v -13.621867 14.884611 -1.912276
v -13.825508 14.884611 -1.843661
v -14.020538 14.884611 -1.753431
v -14.204669 14.884611 -1.642644
v -14.375739 14.884611 -1.512598
v -14.531748 14.884611 -1.364819
v -14.670864 14.884611 -1.201038
v -14.791459 14.884611 -1.023176
v -14.892114 14.884611 -0.833318
v -14.971653 14.884611 -0.633690
v -15.029143 14.884611 -0.426633
v -11.106312 10.223772 -0.000000
v -11.117947 10.223772 -0.214575
v -11.152711 10.223772 -0.426633
v -11.210201 10.223772 -0.633690
v -11.289741 10.223772 -0.833318
v -11.390395 10.223772 -1.023176
v -11.510990 10.223772 -1.201038
v -11.650106 10.223772 -1.364819
v -11.806115 10.223772 -1.512598
v -11.977185 10.223772 -1.642644
v -12.161316 10.223772 -1.753431
v -12.356346 10.223772 -1.843661
v -12.559987 10.223772 -1.912276
v -12.769853 10.223772 -1.958471
v -12.983481 10.223772 -1.981704
v -13.198374 10.223772 -1.981704
v -13.412003 10.223772 -1.958471
v -13.621867 10.223772 -1.912276
v -13.825508 10.223772 -1.843661
v -14.020538 10.223772 -1.753431
v -14.204669 10.223772 -1.642644
v -14.375739 10.223772 -1.512598
v -14.531748 10.223772 -1.364819
v -14.670864 10.223772 -1.201038
v -14.791459 10.223772 -1.023176
v -14.892114 10.223772 -0.833318
v -14.971653 10.223772 -0.633690
v -15.029143 10.223772 -0.426633
v -15.063908 10.223772 -0.214575
v -15.075542 10.223772 -0.000000
v -15.063908 10.223772 0.214575
v -15.029143 14.884611 0.426633
v -15.029143 10.223772 0.426633
v -14.971653 14.884611 0.633690
v -14.971653 10.223772 0.633690
v -14.892114 14.884611 0.833318
v -14.892114 10.223772 0.833318
v -14.791459 14.884611 1.023176
v -14.791459 10.223772 1.023176
v -14.670864 14.884611 1.201038
v -14.670864 10.223772 1.201038
v -14.531748 14.884611 1.364819
v -14.531748 10.223772 1.364819
v -14.375739 14.884611 1.512598
v -14.375739 10.223772 1.512598
v -14.204669 14.884611 1.642644
v -14.204669 10.223772 1.642644
v -14.020538 14.884611 1.753431
v -14.020538 10.223772 1.753431
v -13.825508 14.884611 1.843661
v -13.825508 10.223772 1.843661
v -13.621867 14.884611 1.912276
v -13.621867 10.223772 1.912276
v -13.412003 14.884611 1.958471
v -13.412003 10.223772 1.958471
v -13.198374 14.884611 1.981704
v -13.198374 10.223772 1.981704
v -12.983481 14.884611 1.981704
v -12.983481 10.223772 1.981704
v -12.769853 14.884611 1.958471
v -12.769853 10.223772 1.958471
v -12.559987 14.884611 1.912276
v -12.559987 10.223772 1.912276
v -12.356346 14.884611 1.843661
v -12.356346 10.223772 1.843661
v -12.161316 14.884611 1.753431
v -12.161316 10.223772 1.753431
v -11.977185 14.884611 1.642644
v -11.977185 10.223772 1.642644
v -11.806115 14.884611 1.512598
v -11.806115 10.223772 1.512598
v -11.650106 14.884611 1.364819
v -11.650106 10.223772 1.364819
v -11.510990 14.884611 1.201038
v -11.510990 10.223772 1.201038
v -11.390395 14.884611 1.023176
v -11.390395 10.223772 1.023176
v -11.289741 14.884611 0.833318
v -11.289741 10.223772 0.833318
v -11.210201 14.884611 0.633690
v -11.210201 10.223772 0.633690
v -11.152711 14.884611 0.426633
v -11.152711 10.223772 0.426633
v -11.117947 14.884611 0.214575
v -11.117947 10.223772 0.214575
v -10.396177 28.867126 -0.249705
v -10.394159 28.870077 -0.223951
v -10.384634 28.867126 0.000000
v -10.384634 28.868971 0.000000
v -10.394159 28.870077 0.223951
v -10.422931 28.873444 -0.451113
v -10.430714 28.867126 -0.497280
v -10.471249 28.879124 -0.678243
v -10.487946 28.867126 -0.740612
v -10.539410 28.887180 -0.902098
v -10.567383 28.867126 -0.977626
v -10.539410 29.769222 -0.902098
v -10.632150 29.769222 -1.130681
v -10.668354 28.867126 -1.206299
v -10.745319 29.769222 -1.349870
v -10.789991 28.867126 -1.424680
v -10.877977 29.769222 -1.557844
v -10.931258 28.867126 -1.630906
v -11.029022 29.769222 -1.752874
v -11.090954 28.867126 -1.823218
v -11.197197 29.769222 -1.933341
v -11.267709 28.867126 -1.999975
v -11.381106 29.769222 -2.097744
v -11.460021 28.867126 -2.159668
v -11.579220 29.769222 -2.244719
v -11.666247 28.867126 -2.300937
v -11.789895 29.769222 -2.373044
v -11.884627 28.867126 -2.422574
v -12.011380 29.769222 -2.481653
v -12.113301 28.867126 -2.523543
v -12.241833 29.769222 -2.569643
v -12.350314 28.867126 -2.602982
v -12.479341 29.769222 -2.636283
v -12.593647 28.867126 -2.660213
v -12.721931 29.769222 -2.681019
v -12.841224 28.867126 -2.694748
v -12.967588 29.769222 -2.703481
v -13.090927 28.867126 -2.706293
v -13.214267 29.769222 -2.703481
v -13.340631 28.867126 -2.694748
v -13.459924 29.769222 -2.681019
v -13.588207 28.867126 -2.660213
v -13.702514 29.769222 -2.636283
v -13.831540 28.867126 -2.602982
v -13.940022 29.769222 -2.569643
v -14.068553 28.867126 -2.523543
v -14.170474 29.769222 -2.481653
v -14.297227 28.867126 -2.422574
v -14.391959 29.769222 -2.373044
v -14.515607 28.867126 -2.300937
v -14.602634 29.769222 -2.244719
v -14.721833 28.867126 -2.159668
v -14.800748 29.769222 -2.097744
v -14.914145 28.867126 -1.999975
v -14.984658 29.769222 -1.933341
v -15.090901 28.867126 -1.823218
v -15.152832 29.769222 -1.752874
v -15.250596 28.867126 -1.630906
v -15.303877 29.769222 -1.557844
v -15.391863 28.867126 -1.424680
v -15.436535 29.769222 -1.349870
v -15.513500 28.867126 -1.206299
v -15.549705 29.769222 -1.130681
v -15.614471 28.867126 -0.977626
v -15.642445 29.769222 -0.902098
v -15.642445 29.640610 -0.902098
v -15.693909 28.867126 -0.740612
v -15.710578 29.652689 -0.678346
v -15.751141 28.867126 -0.497280
v -15.758899 29.661293 -0.451250
v -15.785677 28.867126 -0.249705
v -15.787686 29.666435 -0.224052
v -15.797220 28.867126 0.000000
v -15.797220 29.668142 0.000000
v -15.787686 29.666435 0.224052
v -15.785677 28.867126 0.249705
v -15.758899 29.661293 0.451250
v -15.751141 28.867126 0.497280
v -15.710578 29.652689 0.678346
v -15.693909 28.867126 0.740612
v -15.642445 29.640610 0.902098
v -15.614471 28.867126 0.977626
v -15.549705 29.769222 1.130681
v -15.513500 28.867126 1.206299
v -15.436535 29.769222 1.349870
v -15.391863 28.867126 1.424680
v -15.303877 29.769222 1.557844
v -15.250596 28.867126 1.630906
v -15.152832 29.769222 1.752874
v -15.090901 28.867126 1.823218
v -14.984658 29.769222 1.933341
v -14.914145 28.867126 1.999975
v -14.800748 29.769222 2.097744
v -14.721833 28.867126 2.159668
v -14.602634 29.769222 2.244719
v -14.515607 28.867126 2.300937
v -14.391959 29.769222 2.373044
v -14.297227 28.867126 2.422574
v -14.170474 29.769222 2.481653
v -14.068553 28.867126 2.523543
v -13.940022 29.769222 2.569643
v -13.831540 28.867126 2.602982
v -13.702514 29.769222 2.636283
v -13.588207 28.867126 2.660213
v -13.459924 29.769222 2.681019
v -13.340631 28.867126 2.694748
v -13.214267 29.769222 2.703481
v -13.090927 28.867126 2.706293
v -12.967588 29.769222 2.703481
v -12.841224 28.867126 2.694748
v -12.721931 29.769222 2.681019
v -12.593647 28.867126 2.660213
v -12.479341 29.769222 2.636283
v -12.350314 28.867126 2.602982
v -12.241833 29.769222 2.569643
v -12.113301 28.867126 2.523543
v -12.011380 29.769222 2.481653
v -11.884627 28.867126 2.422574
v -11.789895 29.769222 2.373044
v -11.666247 28.867126 2.300937
v -11.579220 29.769222 2.244719
v -11.460021 28.867126 2.159668
v -11.381106 29.769222 2.097744
v -11.267709 28.867126 1.999975
v -11.197197 29.769222 1.933341
v -11.090954 28.867126 1.823218
v -11.029022 29.769222 1.752874
v -10.931258 28.867126 1.630906
v -10.877977 29.769222 1.557844
v -10.789991 28.867126 1.424680
v -10.745319 29.769222 1.349870
v -10.668354 28.867126 1.206299
v -10.632150 29.769222 1.130681
v -10.567383 28.867126 0.977626
v -10.539410 29.769222 0.902098
v -10.539410 28.887180 0.902098
v -10.487946 28.867126 0.740612
v -10.471249 28.879124 0.678243
v -10.430714 28.867126 0.497280
v -10.422931 28.873444 0.451113
v -10.396177 28.867126 0.249705
v -15.642445 29.769222 0.902098
v -16.779387 29.849363 0.902098
v -17.913557 30.072662 0.902098
v -19.044771 30.310482 0.902098
v -8.360858 31.555582 0.902098
v -9.762062 31.703079 0.902098
v -9.128850 28.731216 0.902098
v -7.716009 28.597460 0.902098
v -6.301242 28.485943 0.902098
v -4.884892 28.396696 0.902098
v -3.467317 28.329746 0.902098
v -2.048861 28.285097 0.902098
v -0.629880 28.262774 0.902098
v 0.789278 28.262774 0.902098
v 2.208259 28.285097 0.902098
v 3.626714 28.329746 0.902098
v 5.044289 28.396696 0.902098
v 6.460640 28.485943 0.902098
v 7.875407 28.597460 0.902098
v 9.288247 28.731216 0.902098
v 18.072954 30.072662 0.902098
v 19.204170 30.310482 0.902098
v 8.520256 31.555582 0.902098
v 9.921458 31.703079 0.902098
v 11.320098 31.873161 0.902098
v 12.715814 32.065788 0.902098
v 14.108237 32.280914 0.902098
v 15.497010 32.518471 0.902098
v 16.881769 32.778408 0.902098
v 18.262156 33.060654 0.902098
v 19.637802 33.365131 0.902098
v 21.008366 33.691765 0.902098
v 16.938784 29.849363 0.902098
v 7.116858 31.430710 0.902098
v 5.711625 31.328503 0.902098
v 4.304926 31.248976 0.902098
v 2.897130 31.192160 0.902098
v 1.488599 31.158066 0.902098
v 0.079699 31.146698 0.902098
v -1.329201 31.158066 0.902098
v -2.737732 31.192160 0.902098
v -4.145528 31.248976 0.902098
v -5.552227 31.328503 0.902098
v -6.957461 31.430710 0.902098
v -11.160703 31.873161 0.902098
v -12.556417 32.065788 0.902098
v -13.948839 32.280914 0.902098
v -15.337612 32.518471 0.902098
v -16.722372 32.778408 0.902098
v -18.102758 33.060654 0.902098
v -19.478409 33.365131 0.902098
v -20.848967 33.691765 0.902098
v -2.048861 28.285097 -0.902098
v -3.467317 28.329746 -0.902098
v -4.884892 28.396696 -0.902098
v -6.301242 28.485943 -0.902098
v -7.716009 28.597460 -0.902098
v -9.128850 28.731216 -0.902098
v 0.789278 28.262774 -0.902098
v 2.208259 28.285097 -0.902098
v 3.626714 28.329746 -0.902098
v 5.044289 28.396696 -0.902098
v 6.460640 28.485943 -0.902098
v 7.875407 28.597460 -0.902098
v 9.288247 28.731216 -0.902098
v -0.629880 28.262774 -0.902098
v 16.938784 29.849363 -0.902098
v 18.072954 30.072662 -0.902098
v 19.204170 30.310482 -0.902098
v 20.504156 33.568882 -1.804195
v 21.883707 33.912663 -1.804195
v 21.008366 33.691765 -0.902098
v 21.883707 33.912663 1.804195
v 20.504156 33.568882 1.804195
v 19.119196 33.247608 1.804195
v 17.729187 32.948929 1.804195
v 16.334496 32.672913 1.804195
v 14.935500 32.419643 1.804195
v 13.532566 32.189182 1.804195
v 12.126061 31.981596 1.804195
v 10.716369 31.796934 1.804195
v 9.303857 31.635248 1.804195
v 7.888895 31.496582 1.804195
v 6.471865 31.380968 1.804195
v 5.053144 31.288443 1.804195
v 3.633101 31.219025 1.804195
v 2.212117 31.172735 1.804195
v 0.790566 31.149591 1.804195
v -0.631168 31.149591 1.804195
v -2.052720 31.172735 1.804195
v -3.473704 31.219025 1.804195
v -4.893746 31.288443 1.804195
v -6.312468 31.380968 1.804195
v -7.729497 31.496582 1.804195
v -9.144459 31.635248 1.804195
v -10.556971 31.796934 1.804195
v -11.966666 31.981596 1.804195
v -13.373166 32.189182 1.804195
v -14.776103 32.419643 1.804195
v -16.175100 32.672913 1.804195
v -17.569786 32.948929 1.804195
v -18.959799 33.247608 1.804195
v -20.344761 33.568882 1.804195
v -21.724308 33.912663 1.804195
v -21.724308 33.912663 -1.804195
v -20.848967 33.691765 -0.902098
v -20.344761 33.568882 -1.804195
v -19.478409 33.365131 -0.902098
v -18.959799 33.247608 -1.804195
v -18.102758 33.060654 -0.902098
v -17.569786 32.948929 -1.804195
v -16.722372 32.778408 -0.902098
v -16.175100 32.672913 -1.804195
v -15.337612 32.518471 -0.902098
v -14.776103 32.419643 -1.804195
v -13.948839 32.280914 -0.902098
v -13.373166 32.189182 -1.804195
v -12.556417 32.065788 -0.902098
v -11.966666 31.981596 -1.804195
v -11.160703 31.873161 -0.902098
v -10.556971 31.796934 -1.804195
v -9.762062 31.703079 -0.902098
v -9.144459 31.635248 -1.804195
v -8.360858 31.555582 -0.902098
v -7.729497 31.496582 -1.804195
v -6.957461 31.430710 -0.902098
v -6.312468 31.380968 -1.804195
v -5.552227 31.328503 -0.902098
v -4.893746 31.288443 -1.804195
v -4.145528 31.248976 -0.902098
v -3.473704 31.219025 -1.804195
v -2.737732 31.192160 -0.902098
v -2.052720 31.172735 -1.804195
v -1.329201 31.158066 -0.902098
v -0.631168 31.149591 -1.804195
v 0.079699 31.146698 -0.902098
v 0.790566 31.149591 -1.804195
v 1.488599 31.158066 -0.902098
v 2.212117 31.172735 -1.804195
v 2.897130 31.192160 -0.902098
v 3.633101 31.219025 -1.804195
v 4.304926 31.248976 -0.902098
v 5.053144 31.288443 -1.804195
v 5.711625 31.328503 -0.902098
v 6.471865 31.380968 -1.804195
v 7.116858 31.430710 -0.902098
v 7.888895 31.496582 -1.804195
v 8.520256 31.555582 -0.902098
v 9.303857 31.635248 -1.804195
v 9.921458 31.703079 -0.902098
v 10.716369 31.796934 -1.804195
v 11.320098 31.873161 -0.902098
v 12.126061 31.981596 -1.804195
v 12.715814 32.065788 -0.902098
v 13.532566 32.189182 -1.804195
v 14.108237 32.280914 -0.902098
v 14.935500 32.419643 -1.804195
v 15.497010 32.518471 -0.902098
v 16.334496 32.672913 -1.804195
v 16.881769 32.778408 -0.902098
v 17.729187 32.948929 -1.804195
v 18.262156 33.060654 -0.902098
v 19.119196 33.247608 -1.804195
v 19.637802 33.365131 -0.902098
v -22.653162 35.653450 -1.804195
v -21.305593 35.295288 -1.804195
v -19.952389 34.959045 -1.804195
v -18.593903 34.644821 -1.804195
v -17.230497 34.352692 -1.804195
v -15.862527 34.082737 -1.804195
v -14.490352 33.835026 -1.804195
v -13.114339 33.609631 -1.804195
v -11.734843 33.406601 -1.804195
v -10.352237 33.225998 -1.804195
v -8.966879 33.067863 -1.804195
v -7.579139 32.932243 -1.804195
v -6.189379 32.819176 -1.804195
v -4.797965 32.728680 -1.804195
v -3.405263 32.660789 -1.804195
v -2.011649 32.615520 -1.804195
v -0.617478 32.592880 -1.804195
v 0.776875 32.592880 -1.804195
v 2.171047 32.615520 -1.804195
v 3.564661 32.660789 -1.804195
v 4.957362 32.728680 -1.804195
v 6.348777 32.819176 -1.804195
v 7.738536 32.932243 -1.804195
v 9.126277 33.067863 -1.804195
v 10.511635 33.225998 -1.804195
v 11.894241 33.406601 -1.804195
v 13.273736 33.609631 -1.804195
v 14.649749 33.835026 -1.804195
v 16.021921 34.082737 -1.804195
v 17.389896 34.352692 -1.804195
v 18.753302 34.644821 -1.804195
v 20.111788 34.959045 -1.804195
v 21.464991 35.295288 -1.804195
v 22.812561 35.653450 -1.804195
v 22.812561 35.653450 1.804195
v -22.653162 35.653450 1.804195
v -21.305593 35.295288 1.804195
v -19.952389 34.959045 1.804195
v -18.593903 34.644821 1.804195
v -17.230497 34.352692 1.804195
v -15.862527 34.082737 1.804195
v -14.490352 33.835026 1.804195
v -13.114339 33.609631 1.804195
v -11.734843 33.406601 1.804195
v -10.352237 33.225998 1.804195
v -8.966879 33.067863 1.804195
v -7.579139 32.932243 1.804195
v -6.189379 32.819176 1.804195
v -4.797965 32.728680 1.804195
v -3.405263 32.660789 1.804195
v -2.011649 32.615520 1.804195
v -0.617478 32.592880 1.804195
v 0.776875 32.592880 1.804195
v 2.171047 32.615520 1.804195
v 3.564661 32.660789 1.804195
v 4.957362 32.728680 1.804195
v 6.348777 32.819176 1.804195
v 7.738536 32.932243 1.804195
v 9.126277 33.067863 1.804195
v 10.511635 33.225998 1.804195
v 11.894241 33.406601 1.804195
v 13.273736 33.609631 1.804195
v 14.649749 33.835026 1.804195
v 16.021921 34.082737 1.804195
v 17.389896 34.352692 1.804195
v 18.753302 34.644821 1.804195
v 20.111788 34.959045 1.804195
v 21.464991 35.295288 1.804195
v -16.779387 29.849363 -0.902098
v -17.913557 30.072662 -0.902098
v -19.044771 30.310482 -0.902098
v -19.044771 22.552443 0.902098
v -19.044771 22.552443 -0.902098
v -10.396177 0.902098 0.249705
v -10.384634 0.902098 -0.000000
v -10.396177 0.902098 -0.249705
v -10.430714 0.902098 -0.497280
v -10.487946 0.902098 -0.740612
v -10.567383 0.902098 -0.977626
v -10.668354 0.902098 -1.206299
v -10.789991 0.902098 -1.424680
v -10.931258 0.902098 -1.630906
v -11.090954 0.902098 -1.823218
v -11.267709 0.902098 -1.999975
v -11.460021 0.902098 -2.159668
v -11.666247 0.902098 -2.300937
v -11.884627 0.902098 -2.422574
v -12.113301 0.902098 -2.523543
v -12.350314 0.902098 -2.602982
v -12.593647 0.902098 -2.660213
v -12.841224 0.902098 -2.694748
v -13.090927 0.902098 -2.706293
v -13.340631 0.902098 -2.694748
v -13.588207 0.902098 -2.660213
v -13.831540 0.902098 -2.602982
v -14.068553 0.902098 -2.523543
v -14.297227 0.902098 -2.422574
v -14.515607 0.902098 -2.300937
v -14.721833 0.902098 -2.159668
v -14.914145 0.902098 -1.999975
v -15.090901 0.902098 -1.823218
v -15.250596 0.902098 -1.630906
v -15.391863 0.902098 -1.424680
v -15.513500 0.902098 -1.206299
v -15.614471 0.902098 -0.977626
v -15.693909 0.902098 -0.740612
v -15.751141 0.902098 -0.497280
v -15.785677 0.902098 -0.249705
v -15.797220 0.902098 0.000000
v -15.785677 0.902098 0.249705
v -15.751141 0.902098 0.497280
v -15.693909 0.902098 0.740612
v -15.614471 0.902098 0.977626
v -15.513500 0.902098 1.206299
v -15.391863 0.902098 1.424680
v -15.250596 0.902098 1.630906
v -15.090901 0.902098 1.823218
v -14.914145 0.902098 1.999975
v -14.721833 0.902098 2.159668
v -14.515607 0.902098 2.300937
v -14.297227 0.902098 2.422574
v -14.068553 0.902098 2.523543
v -13.831540 0.902098 2.602982
v -13.588207 0.902098 2.660213
v -13.340631 0.902098 2.694748
v -13.090927 0.902098 2.706293
v -12.841224 0.902098 2.694748
v -12.593647 0.902098 2.660213
v -12.350314 0.902098 2.602982
v -12.113301 0.902098 2.523543
v -11.884627 0.902098 2.422574
v -11.666247 0.902098 2.300937
v -11.460021 0.902098 2.159668
v -11.267709 0.902098 1.999975
v -11.090954 0.902098 1.823218
v -10.931258 0.902098 1.630906
v -10.789991 0.902098 1.424680
v -10.668354 0.902098 1.206299
v -10.567383 0.902098 0.977626
v -10.487946 0.902098 0.740612
v -10.430714 0.902098 0.497280
v -10.396177 0.000000 0.249705
v -10.384634 0.000000 -0.000000
v -10.396177 0.000000 -0.249705
v -10.430714 0.000000 -0.497280
v -10.487946 0.000000 -0.740612
v -10.567383 0.000000 -0.977626
v -10.668354 0.000000 -1.206299
v -10.789991 0.000000 -1.424680
v -10.931258 0.000000 -1.630906
v -11.090954 0.000000 -1.823218
v -11.267709 0.000000 -1.999975
v -11.460021 0.000000 -2.159668
v -11.666247 0.000000 -2.300937
v -11.884627 0.000000 -2.422574
v -12.113301 0.000000 -2.523543
v -12.350314 0.000000 -2.602982
v -12.593647 0.000000 -2.660213
v -12.841224 0.000000 -2.694748
v -13.090927 0.000000 -2.706293
v -13.340631 0.000000 -2.694748
v -13.588207 0.000000 -2.660213
v -13.831540 0.000000 -2.602982
v -14.068553 0.000000 -2.523543
v -14.297227 0.000000 -2.422574
v -14.515607 0.000000 -2.300937
v -14.721833 0.000000 -2.159668
v -14.914145 0.000000 -1.999975
v -15.090901 0.000000 -1.823218
v -15.250596 0.000000 -1.630906
v -15.391863 0.000000 -1.424680
v -15.513500 0.000000 -1.206299
v -15.614471 0.000000 -0.977626
v -15.693909 0.000000 -0.740612
v -15.751141 0.000000 -0.497280
v -15.785677 0.000000 -0.249705
v -15.797220 0.000000 0.000000
v -15.785677 0.000000 0.249705
v -15.751141 0.000000 0.497280
v -15.693909 0.000000 0.740612
v -15.614471 0.000000 0.977626
v -15.513500 0.000000 1.206299
v -15.391863 0.000000 1.424680
v -15.250596 0.000000 1.630906
v -15.090901 0.000000 1.823218
v -14.914145 0.000000 1.999975
v -14.721833 0.000000 2.159668
v -14.515607 0.000000 2.300937
v -14.297227 0.000000 2.422574
v -14.068553 0.000000 2.523543
v -13.831540 0.000000 2.602982
v -13.588207 0.000000 2.660213
v -13.340631 0.000000 2.694748
v -13.090927 0.000000 2.706293
v -12.841224 0.000000 2.694748
v -12.593647 0.000000 2.660213
v -12.350314 0.000000 2.602982
v -12.113301 0.000000 2.523543
v -11.884627 0.000000 2.422574
v -11.666247 0.000000 2.300937
v -11.460021 0.000000 2.159668
v -11.267709 0.000000 1.999975
v -11.090954 0.000000 1.823218
v -10.931258 0.000000 1.630906
v -10.789991 0.000000 1.424680
v -10.668354 0.000000 1.206299
v -10.567383 0.000000 0.977626
v -10.487946 0.000000 0.740612
v -10.430714 0.000000 0.497280
v 15.945075 0.902098 0.249705
v 15.956618 0.902098 -0.000000
v 15.945075 0.902098 -0.249705
v 15.910539 0.902098 -0.497280
v 15.853307 0.902098 -0.740612
v 15.773867 0.902098 -0.977626
v 15.672898 0.902098 -1.206299
v 15.551263 0.902098 -1.424680
v 15.409994 0.902098 -1.630906
v 15.250301 0.902098 -1.823218
v 15.073544 0.902098 -1.999975
v 14.881231 0.902098 -2.159668
v 14.675005 0.902098 -2.300937
v 14.456624 0.902098 -2.422574
v 14.227951 0.902098 -2.523543
v 13.990935 0.902098 -2.602982
v 13.747604 0.902098 -2.660213
v 13.500029 0.902098 -2.694748
v 13.250325 0.902098 -2.706293
v 13.000621 0.902098 -2.694748
v 12.753045 0.902098 -2.660213
v 12.509714 0.902098 -2.602982
v 12.272699 0.902098 -2.523543
v 12.044025 0.902098 -2.422574
v 11.825644 0.902098 -2.300937
v 11.619419 0.902098 -2.159668
v 11.427107 0.902098 -1.999975
v 11.250348 0.902098 -1.823218
v 11.090656 0.902098 -1.630906
v 10.949387 0.902098 -1.424680
v 10.827751 0.902098 -1.206299
v 10.726783 0.902098 -0.977626
v 10.647343 0.902098 -0.740612
v 10.590112 0.902098 -0.497280
v 10.555575 0.902098 -0.249705
v 10.544032 0.902098 0.000000
v 10.555575 0.902098 0.249705
v 10.590112 0.902098 0.497280
v 10.647343 0.902098 0.740612
v 10.726783 0.902098 0.977626
v 10.827751 0.902098 1.206299
v 10.949387 0.902098 1.424680
v 11.090656 0.902098 1.630906
v 11.250348 0.902098 1.823218
v 11.427107 0.902098 1.999975
v 11.619419 0.902098 2.159668
v 11.825644 0.902098 2.300937
v 12.044025 0.902098 2.422574
v 12.272699 0.902098 2.523543
v 12.509714 0.902098 2.602982
v 12.753045 0.902098 2.660213
v 13.000621 0.902098 2.694748
v 13.250325 0.902098 2.706293
v 13.500029 0.902098 2.694748
v 13.747604 0.902098 2.660213
v 13.990935 0.902098 2.602982
v 14.227951 0.902098 2.523543
v 14.456624 0.902098 2.422574
v 14.675005 0.902098 2.300937
v 14.881231 0.902098 2.159668
v 15.073544 0.902098 1.999975
v 15.250301 0.902098 1.823218
v 15.409994 0.902098 1.630906
v 15.551263 0.902098 1.424680
v 15.672898 0.902098 1.206299
v 15.773867 0.902098 0.977626
v 15.853307 0.902098 0.740612
v 15.910539 0.902098 0.497280
v 15.945075 0.000000 0.249705
v 15.956618 0.000000 -0.000000
v 15.945075 0.000000 -0.249705
v 15.910539 0.000000 -0.497280
v 15.853307 0.000000 -0.740612
v 15.773867 0.000000 -0.977626
v 15.672898 0.000000 -1.206299
v 15.551263 0.000000 -1.424680
v 15.409994 0.000000 -1.630906
v 15.250301 0.000000 -1.823218
v 15.073544 0.000000 -1.999975
v 14.881231 0.000000 -2.159668
v 14.675005 0.000000 -2.300937
v 14.456624 0.000000 -2.422574
v 14.227951 0.000000 -2.523543
v 13.990935 0.000000 -2.602982
v 13.747604 0.000000 -2.660213
v 13.500029 0.000000 -2.694748
v 13.250325 0.000000 -2.706293
v 13.000621 0.000000 -2.694748
v 12.753045 0.000000 -2.660213
v 12.509714 0.000000 -2.602982
v 12.272699 0.000000 -2.523543
v 12.044025 0.000000 -2.422574
v 11.825644 0.000000 -2.300937
v 11.619419 0.000000 -2.159668
v 11.427107 0.000000 -1.999975
v 11.250348 0.000000 -1.823218
v 11.090656 0.000000 -1.630906
v 10.949387 0.000000 -1.424680
v 10.827751 0.000000 -1.206299
v 10.726783 0.000000 -0.977626
v 10.647343 0.000000 -0.740612
v 10.590112 0.000000 -0.497280
v 10.555575 0.000000 -0.249705
v 10.544032 0.000000 0.000000
v 10.555575 0.000000 0.249705
v 10.590112 0.000000 0.497280
v 10.647343 0.000000 0.740612
v 10.726783 0.000000 0.977626
v 10.827751 0.000000 1.206299
v 10.949387 0.000000 1.424680
v 11.090656 0.000000 1.630906
v 11.250348 0.000000 1.823218
v 11.427107 0.000000 1.999975
v 11.619419 0.000000 2.159668
v 11.825644 0.000000 2.300937
v 12.044025 0.000000 2.422574
v 12.272699 0.000000 2.523543
v 12.509714 0.000000 2.602982
v 12.753045 0.000000 2.660213
v 13.000621 0.000000 2.694748
v 13.250325 0.000000 2.706293
v 13.500029 0.000000 2.694748
v 13.747604 0.000000 2.660213
v 13.990935 0.000000 2.602982
v 14.227951 0.000000 2.523543
v 14.456624 0.000000 2.422574
v 14.675005 0.000000 2.300937
v 14.881231 0.000000 2.159668
v 15.073544 0.000000 1.999975
v 15.250301 0.000000 1.823218
v 15.409994 0.000000 1.630906
v 15.551263 0.000000 1.424680
v 15.672898 0.000000 1.206299
v 15.773867 0.000000 0.977626
v 15.853307 0.000000 0.740612
v 15.910539 0.000000 0.497280
v -13.812605 9.020977 1.848750
v -13.812605 10.825172 1.848750
v -13.696616 9.020977 1.889930
v -13.696616 10.825172 1.889930
v -13.578299 9.020977 1.923841
v -13.578299 10.825172 1.923841
v -13.458106 9.020977 1.950353
v -13.458106 10.825172 1.950353
v -13.336499 9.020977 1.969363
v -13.336499 10.825172 1.969363
v -13.213950 9.020977 1.980798
v -13.213950 10.825172 1.980798
v -13.090927 9.020977 1.984615
v -13.090927 10.825172 1.984615
v -12.967904 9.020977 1.980798
v -12.967904 10.825172 1.980798
v -12.845355 9.020977 1.969363
v -12.845355 10.825172 1.969363
v -12.723748 9.020977 1.950353
v -12.723748 10.825172 1.950353
v -12.603556 9.020977 1.923841
v -12.603556 10.825172 1.923841
v -12.485238 9.020977 1.889930
v -12.485238 10.825172 1.889930
v -12.369249 9.020977 1.848750
v -12.369249 10.825172 1.848750
v -13.812605 9.020977 10.780616
v -13.696616 9.020977 10.739436
v -13.578299 9.020977 10.705525
v -13.458106 9.020977 10.679014
v -13.336499 9.020977 10.660006
v -13.213950 9.020977 10.648570
v -13.090927 9.020977 10.644753
v -12.967904 9.020977 10.648570
v -12.845355 9.020977 10.660006
v -12.723748 9.020977 10.679014
v -12.603556 9.020977 10.705525
v -12.485238 9.020977 10.739436
v -12.369249 9.020977 10.780616
v -12.369249 10.825172 10.780616
v -12.485238 10.825172 10.739436
v -12.603556 10.825172 10.705525
v -12.723748 10.825172 10.679014
v -12.845355 10.825172 10.660006
v -12.967904 10.825172 10.648570
v -13.090927 10.825172 10.644753
v -13.213950 10.825172 10.648570
v -13.336499 10.825172 10.660006
v -13.458106 10.825172 10.679014
v -13.578299 10.825172 10.705525
v -13.696616 10.825172 10.739436
v -13.812605 10.825172 10.780616
v -15.797220 15.155241 15.335660
v -10.912940 15.155241 14.807356
v -10.384634 15.155241 15.335660
v -10.912940 15.155241 10.451379
v -10.384634 15.155241 9.923075
v -15.268914 15.155241 10.451379
v -15.797220 15.155241 9.923075
v -15.268914 15.155241 14.807356
v -15.990592 15.876919 15.529034
v -15.990592 15.876919 9.729701
v -10.191262 15.876919 9.729701
v -10.191262 15.876919 15.529034
v -11.106312 14.433563 12.629368
v -11.110560 14.433563 12.499567
v -11.106312 14.433563 10.644753
v -11.123290 14.433563 12.370324
v -11.144446 14.433563 12.242187
v -11.173937 14.433563 12.115713
v -11.211636 14.433563 11.991432
v -11.257382 14.433563 11.869888
v -11.310980 14.433563 11.751594
v -11.372201 14.433563 11.637060
v -11.440781 14.433563 11.526773
v -11.516427 14.433563 11.421209
v -11.598816 14.433563 11.320821
v -11.687593 14.433563 11.226032
v -11.782379 14.433563 11.137255
v -11.882770 14.433563 11.054868
v -11.988336 14.433563 10.979221
v -12.098619 14.433563 10.910641
v -12.213155 14.433563 10.849421
v -12.331448 14.433563 10.795821
v -12.452994 14.433563 10.750074
v -12.577270 14.433563 10.712378
v -12.703748 14.433563 10.682886
v -12.831882 14.433563 10.661730
v -12.961126 14.433563 10.649003
v -13.090927 14.433563 10.644753
v -13.220728 14.433563 10.649003
v -15.075542 14.433563 10.644753
v -13.349972 14.433563 10.661730
v -13.478106 14.433563 10.682886
v -13.604585 14.433563 10.712378
v -13.728860 14.433563 10.750074
v -13.850407 14.433563 10.795821
v -13.968699 14.433563 10.849421
v -14.083235 14.433563 10.910641
v -14.193519 14.433563 10.979221
v -14.299085 14.433563 11.054868
v -14.399475 14.433563 11.137255
v -14.494261 14.433563 11.226032
v -14.583038 14.433563 11.320821
v -14.665427 14.433563 11.421209
v -14.741074 14.433563 11.526773
v -14.809653 14.433563 11.637060
v -14.870874 14.433563 11.751594
v -14.924472 14.433563 11.869888
v -14.970219 14.433563 11.991432
v -15.007917 14.433563 12.115713
v -15.037408 14.433563 12.242187
v -15.058564 14.433563 12.370324
v -15.071294 14.433563 12.499567
v -15.075542 14.433563 12.629368
v -15.071294 14.433563 12.759168
v -15.075542 14.433563 14.613982
v -15.058564 14.433563 12.888411
v -15.037408 14.433563 13.016548
v -15.007917 14.433563 13.143022
v -14.970219 14.433563 13.267303
v -14.924472 14.433563 13.388846
v -14.870874 14.433563 13.507141
v -14.809653 14.433563 13.621675
v -14.741074 14.433563 13.731962
v -14.665427 14.433563 13.837525
v -14.583038 14.433563 13.937914
v -14.494261 14.433563 14.032703
v -14.399475 14.433563 14.121480
v -14.299085 14.433563 14.203868
v -14.193519 14.433563 14.279512
v -14.083235 14.433563 14.348095
v -13.968699 14.433563 14.409314
v -13.850407 14.433563 14.462914
v -13.728860 14.433563 14.508660
v -13.604585 14.433563 14.546358
v -13.478106 14.433563 14.575850
v -13.349972 14.433563 14.597005
v -13.220728 14.433563 14.609732
v -13.090927 14.433563 14.613982
v -12.961126 14.433563 14.609732
v -11.106312 14.433563 14.613982
v -12.831882 14.433563 14.597005
v -12.703748 14.433563 14.575850
v -12.577270 14.433563 14.546358
v -12.452994 14.433563 14.508660
v -12.331448 14.433563 14.462914
v -12.213155 14.433563 14.409314
v -12.098619 14.433563 14.348095
v -11.988336 14.433563 14.279512
v -11.882770 14.433563 14.203868
v -11.782379 14.433563 14.121480
v -11.687593 14.433563 14.032703
v -11.598816 14.433563 13.937914
v -11.516427 14.433563 13.837525
v -11.440781 14.433563 13.731962
v -11.372201 14.433563 13.621675
v -11.310980 14.433563 13.507141
v -11.257382 14.433563 13.388846
v -11.211636 14.433563 13.267303
v -11.173937 14.433563 13.143022
v -11.144446 14.433563 13.016548
v -11.123290 14.433563 12.888411
v -11.110560 14.433563 12.759168
v -10.388968 0.902098 12.782475
v -10.388968 0.000000 12.782475
v -10.384634 0.902098 12.629368
v -10.384634 0.000000 12.629368
v -10.388968 0.902098 12.476260
v -10.388968 0.000000 12.476260
v -10.401958 0.902098 12.323639
v -10.401958 0.000000 12.323639
v -10.423561 0.902098 12.172001
v -10.423561 0.000000 12.172001
v -10.453710 0.902098 12.021827
v -10.453710 0.000000 12.021827
v -10.492306 0.902098 11.873600
v -10.492306 0.000000 11.873600
v -10.539226 0.902098 11.727793
v -10.539226 0.000000 11.727793
v -10.594317 0.902098 11.584876
v -10.594317 0.000000 11.584876
v -10.657408 0.902098 11.445303
v -10.657408 0.000000 11.445303
v -10.728294 0.902098 11.309523
v -10.728294 0.000000 11.309523
v -10.806749 0.902098 11.177972
v -10.806749 0.000000 11.177972
v -10.892521 0.902098 11.051068
v -10.892521 0.000000 11.051068
v -10.985335 0.902098 10.929219
v -10.985335 0.000000 10.929219
v -11.084894 0.902098 10.812820
v -11.084894 0.000000 10.812820
v -11.190876 0.902098 10.702237
v -11.190876 0.000000 10.702237
v -11.302947 0.902098 10.597829
v -11.302947 0.000000 10.597829
v -11.420747 0.902098 10.499927
v -11.420747 0.000000 10.499927
v -11.543894 0.902098 10.408847
v -11.543894 0.000000 10.408847
v -11.671998 0.902098 10.324880
v -11.671998 0.000000 10.324880
v -11.804647 0.902098 10.248296
v -11.804647 0.000000 10.248296
v -11.941416 0.902098 10.179338
v -11.941416 0.000000 10.179338
v -12.081868 0.902098 10.118227
v -12.081868 0.000000 10.118227
v -12.225552 0.902098 10.065162
v -12.225552 0.000000 10.065162
v -12.372007 0.902098 10.020309
v -12.372007 0.000000 10.020309
v -12.520768 0.902098 9.983818
v -12.520768 0.000000 9.983818
v -12.671353 0.902098 9.955795
v -12.671353 0.000000 9.955795
v -12.823282 0.902098 9.936342
v -12.823282 0.000000 9.936342
v -12.976069 0.902098 9.925513
v -12.976069 0.000000 9.925513
v -13.129224 0.902098 9.923345
v -13.129224 0.000000 9.923345
v -13.282257 0.902098 9.929848
v -13.282257 0.000000 9.929848
v -13.434675 0.902098 9.944995
v -13.434675 0.000000 9.944995
v -13.585994 0.902098 9.968742
v -13.585994 0.000000 9.968742
v -13.735725 0.902098 10.001012
v -13.735725 0.000000 10.001012
v -13.883392 0.902098 10.041700
v -13.883392 0.000000 10.041700
v -14.028519 0.902098 10.090676
v -14.028519 0.000000 10.090676
v -14.170645 0.902098 10.147787
v -14.170645 0.000000 10.147787
v -14.309310 0.902098 10.212850
v -14.309310 0.000000 10.212850
v -14.444074 0.902098 10.285649
v -14.444074 0.000000 10.285649
v -14.574502 0.902098 10.365957
v -14.574502 0.000000 10.365957
v -14.700178 0.902098 10.453515
v -14.700178 0.000000 10.453515
v -14.820701 0.902098 10.548044
v -14.820701 0.000000 10.548044
v -14.935682 0.902098 10.649241
v -14.935682 0.000000 10.649241
v -15.044753 0.902098 10.756779
v -15.044753 0.000000 10.756779
v -15.147566 0.902098 10.870317
v -15.147566 0.000000 10.870317
v -15.243788 0.902098 10.989488
v -15.243788 0.000000 10.989488
v -15.333117 0.902098 11.113912
v -15.333117 0.000000 11.113912
v -15.415263 0.902098 11.243190
v -15.415263 0.000000 11.243190
v -15.489963 0.902098 11.376909
v -15.489963 0.000000 11.376909
v -15.556978 0.902098 11.514642
v -15.556978 0.000000 11.514642
v -15.616093 0.902098 11.655943
v -15.616093 0.000000 11.655943
v -15.667123 0.902098 11.800365
v -15.667123 0.000000 11.800365
v -15.709895 0.902098 11.947439
v -15.709895 0.000000 11.947439
v -15.744280 0.902098 12.096701
v -15.744280 0.000000 12.096701
v -15.770166 0.902098 12.247667
v -15.770166 0.000000 12.247667
v -15.787472 0.902098 12.399859
v -15.787472 0.000000 12.399859
v -15.796136 0.902098 12.552784
v -15.796136 0.000000 12.552784
v -15.796136 0.902098 12.705952
v -15.796136 0.000000 12.705952
v -15.787472 0.902098 12.858875
v -15.787472 0.000000 12.858875
v -15.770166 0.902098 13.011067
v -15.770166 0.000000 13.011067
v -15.744280 0.902098 13.162034
v -15.744280 0.000000 13.162034
v -15.709895 0.902098 13.311296
v -15.709895 0.000000 13.311296
v -15.667123 0.902098 13.458369
v -15.667123 0.000000 13.458369
v -15.616093 0.902098 13.602792
v -15.616093 0.000000 13.602792
v -15.556978 0.902098 13.744093
v -15.556978 0.000000 13.744093
v -15.489963 0.902098 13.881824
v -15.489963 0.000000 13.881824
v -15.415263 0.902098 14.015546
v -15.415263 0.000000 14.015546
v -15.333117 0.902098 14.144823
v -15.333117 0.000000 14.144823
v -15.243788 0.902098 14.269247
v -15.243788 0.000000 14.269247
v -15.147566 0.902098 14.388418
v -15.147566 0.000000 14.388418
v -15.044753 0.902098 14.501957
v -15.044753 0.000000 14.501957
v -14.935682 0.902098 14.609493
v -14.935682 0.000000 14.609493
v -14.820701 0.902098 14.710690
v -14.820701 0.000000 14.710690
v -14.700178 0.902098 14.805220
v -14.700178 0.000000 14.805220
v -14.574502 0.902098 14.892776
v -14.574502 0.000000 14.892776
v -14.444074 0.902098 14.973085
v -14.444074 0.000000 14.973085
v -14.309310 0.902098 15.045885
v -14.309310 0.000000 15.045885
v -14.170645 0.902098 15.110949
v -14.170645 0.000000 15.110949
v -14.028519 0.902098 15.168057
v -14.028519 0.000000 15.168057
v -13.883392 0.902098 15.217034
v -13.883392 0.000000 15.217034
v -13.735725 0.902098 15.257724
v -13.735725 0.000000 15.257724
v -13.585994 0.902098 15.289992
v -13.585994 0.000000 15.289992
v -13.434675 0.902098 15.313740
v -13.434675 0.000000 15.313740
v -13.282257 0.902098 15.328888
v -13.282257 0.000000 15.328888
v -13.129224 0.902098 15.335389
v -13.129224 0.000000 15.335389
v -12.976069 0.902098 15.333221
v -12.976069 0.000000 15.333221
v -12.823282 0.902098 15.322392
v -12.823282 0.000000 15.322392
v -12.671353 0.902098 15.302939
v -12.671353 0.000000 15.302939
v -12.520768 0.902098 15.274918
v -12.520768 0.000000 15.274918
v -12.372007 0.902098 15.238425
v -12.372007 0.000000 15.238425
v -12.225552 0.902098 15.193573
v -12.225552 0.000000 15.193573
v -12.081868 0.902098 15.140509
v -12.081868 0.000000 15.140509
v -11.941416 0.902098 15.079396
v -11.941416 0.000000 15.079396
v -11.804647 0.902098 15.010440
v -11.804647 0.000000 15.010440
v -11.671998 0.902098 14.933856
v -11.671998 0.000000 14.933856
v -11.543894 0.902098 14.849888
v -11.543894 0.000000 14.849888
v -11.420747 0.902098 14.758808
v -11.420747 0.000000 14.758808
v -11.302947 0.902098 14.660906
v -11.302947 0.000000 14.660906
v -11.190876 0.902098 14.556498
v -11.190876 0.000000 14.556498
v -11.084894 0.902098 14.445914
v -11.084894 0.000000 14.445914
v -10.985335 0.902098 14.329515
v -10.985335 0.000000 14.329515
v -10.892521 0.902098 14.207666
v -10.892521 0.000000 14.207666
v -10.806749 0.902098 14.080764
v -10.806749 0.000000 14.080764
v -10.728294 0.902098 13.949212
v -10.728294 0.000000 13.949212
v -10.657408 0.902098 13.813433
v -10.657408 0.000000 13.813433
v -10.594317 0.902098 13.673859
v -10.594317 0.000000 13.673859
v -10.539226 0.902098 13.530942
v -10.539226 0.000000 13.530942
v -10.492306 0.902098 13.385135
v -10.492306 0.000000 13.385135
v -10.453710 0.902098 13.236908
v -10.453710 0.000000 13.236908
v -10.423561 0.902098 13.086735
v -10.423561 0.000000 13.086735
v -10.401958 0.902098 12.935096
v -10.401958 0.000000 12.935096
v -11.110651 0.902098 12.760532
v -11.106312 0.902098 12.629368
v -11.123651 0.902098 12.891124
v -11.145250 0.902098 13.020568
v -11.175360 0.902098 13.148305
v -11.213843 0.902098 13.273772
v -11.260537 0.902098 13.396421
v -11.315233 0.902098 13.515714
v -11.377696 0.902098 13.631133
v -11.447649 0.902098 13.742170
v -11.524788 0.902098 13.848343
v -11.608773 0.902098 13.949186
v -11.699242 0.902098 14.044256
v -11.795794 0.902098 14.133140
v -11.898012 0.902098 14.215446
v -12.005445 0.902098 14.290822
v -12.117626 0.902098 14.358927
v -12.234061 0.902098 14.419472
v -12.354242 0.902098 14.472191
v -12.477648 0.902098 14.516848
v -12.603734 0.902098 14.553253
v -12.731949 0.902098 14.581246
v -12.861735 0.902098 14.600703
v -12.992521 0.902098 14.611539
v -13.123740 0.902098 14.613711
v -13.254815 0.902098 14.607202
v -13.385175 0.902098 14.592047
v -13.514245 0.902098 14.568311
v -13.641466 0.902098 14.536095
v -13.766278 0.902098 14.495541
v -13.888139 0.902098 14.446824
v -14.006512 0.902098 14.390164
v -14.120882 0.902098 14.325801
v -14.230747 0.902098 14.254025
v -14.335630 0.902098 14.175140
v -14.435071 0.902098 14.089495
v -14.528631 0.902098 13.997467
v -14.615907 0.902098 13.899459
v -14.696514 0.902098 13.795895
v -14.770102 0.902098 13.687229
v -14.836344 0.902098 13.573939
v -14.894955 0.902098 13.456519
v -14.945679 0.902098 13.335483
v -14.988289 0.902098 13.211358
v -15.022605 0.902098 13.084684
v -15.048474 0.902098 12.956024
v -15.065783 0.902098 12.825934
v -15.074457 0.902098 12.694986
v -15.074457 0.902098 12.563748
v -15.065783 0.902098 12.432800
v -15.048474 0.902098 12.302711
v -15.022605 0.902098 12.174050
v -14.988289 0.902098 12.047377
v -14.945679 0.902098 11.923252
v -14.894955 0.902098 11.802216
v -14.836344 0.902098 11.684795
v -14.770102 0.902098 11.571506
v -14.696514 0.902098 11.462839
v -14.615907 0.902098 11.359275
v -14.528631 0.902098 11.261268
v -14.435071 0.902098 11.169239
v -14.335630 0.902098 11.083594
v -14.230747 0.902098 11.004711
v -14.120882 0.902098 10.932933
v -14.006512 0.902098 10.868570
v -13.888139 0.902098 10.811911
v -13.766278 0.902098 10.763194
v -13.641466 0.902098 10.722640
v -13.514245 0.902098 10.690424
v -13.385175 0.902098 10.666688
v -13.254815 0.902098 10.651532
v -13.123740 0.902098 10.645023
v -12.992521 0.902098 10.647195
v -12.861735 0.902098 10.658031
v -12.731949 0.902098 10.677487
v -12.603734 0.902098 10.705482
v -12.477648 0.902098 10.741887
v -12.354242 0.902098 10.786544
v -12.234061 0.902098 10.839263
v -12.117626 0.902098 10.899808
v -12.005445 0.902098 10.967913
v -11.898012 0.902098 11.043288
v -11.795794 0.902098 11.125595
v -11.699242 0.902098 11.214478
v -11.608773 0.902098 11.309547
v -11.524788 0.902098 11.410392
v -11.447649 0.902098 11.516565
v -11.377696 0.902098 11.627602
v -11.315233 0.902098 11.743021
v -11.260537 0.902098 11.862313
v -11.213843 0.902098 11.984962
v -11.175360 0.902098 12.110430
v -11.145250 0.902098 12.238167
v -11.123651 0.902098 12.367611
v -11.110651 0.902098 12.498203
v -12.354242 6.314684 10.786544
v -12.477648 6.314684 10.741887
v -12.603616 6.314684 10.705511
v -12.731949 6.314684 10.677487
v -12.861735 6.314684 10.658031
v -12.992521 6.314684 10.647195
v -13.123740 6.314684 10.645023
v -13.254815 6.314684 10.651532
v -13.385175 6.314684 10.666688
v -13.514245 6.314684 10.690424
v -13.641466 6.314684 10.722640
v -13.766278 6.314684 10.763194
v -13.888139 6.314684 10.811911
v -13.888139 9.020977 10.811911
v -14.006512 9.020977 10.868570
v -14.006512 11.727270 10.868570
v -14.120882 11.727270 10.932933
v -14.230747 11.727270 11.004711
v -14.335630 11.727270 11.083594
v -14.435071 11.727270 11.169239
v -14.528631 11.727270 11.261268
v -14.615907 11.727270 11.359275
v -14.696514 11.727270 11.462839
v -14.770102 11.727270 11.571506
v -14.836344 11.727270 11.684795
v -14.894955 11.727270 11.802216
v -14.945679 11.727270 11.923252
v -14.988289 11.727270 12.047377
v -15.022605 11.727270 12.174050
v -15.048474 11.727270 12.302711
v -15.065783 11.727270 12.432800
v -15.074457 11.727270 12.563748
v -15.074457 11.727270 12.694986
v -15.065783 11.727270 12.825934
v -15.048474 11.727270 12.956024
v -15.022605 11.727270 13.084684
v -14.988289 11.727270 13.211358
v -14.945679 11.727270 13.335483
v -14.894955 11.727270 13.456519
v -14.836344 11.727270 13.573939
v -14.770102 11.727270 13.687229
v -14.696514 11.727270 13.795895
v -14.615907 11.727270 13.899459
v -14.528631 11.727270 13.997467
v -14.435071 11.727270 14.089495
v -14.335630 11.727270 14.175140
v -14.230747 11.727270 14.254025
v -14.120882 11.727270 14.325801
v -14.006512 11.727270 14.390164
v -13.888139 11.727270 14.446824
v -13.766278 11.727270 14.495541
v -13.641466 11.727270 14.536095
v -13.514245 11.727270 14.568311
v -13.385175 11.727270 14.592047
v -13.254815 11.727270 14.607202
v -13.123740 11.727270 14.613711
v -12.992521 11.727270 14.611539
v -12.861735 11.727270 14.600703
v -12.731949 11.727270 14.581246
v -12.603734 11.727270 14.553253
v -12.477648 11.727270 14.516848
v -12.354242 11.727270 14.472191
v -12.234061 11.727270 14.419472
v -12.117626 11.727270 14.358927
v -12.005445 11.727270 14.290822
v -11.898012 11.727270 14.215446
v -11.795794 11.727270 14.133140
v -11.699242 11.727270 14.044256
v -11.608773 11.727270 13.949186
v -11.524788 11.727270 13.848343
v -11.447649 11.727270 13.742170
v -11.377696 11.727270 13.631133
v -11.315233 11.727270 13.515714
v -11.260537 11.727270 13.396421
v -11.213843 11.727270 13.273772
v -11.175360 11.727270 13.148305
v -11.145250 11.727270 13.020568
v -11.123651 11.727270 12.891124
v -11.110651 11.727270 12.760532
v -11.106312 11.727270 12.629368
v -11.110651 11.727270 12.498203
v -11.123651 11.727270 12.367611
v -11.145250 11.727270 12.238167
v -11.175360 11.727270 12.110430
v -11.213843 11.727270 11.984962
v -11.260537 11.727270 11.862313
v -11.315233 11.727270 11.743021
v -11.377696 11.727270 11.627602
v -11.447649 11.727270 11.516565
v -11.524788 11.727270 11.410392
v -11.608773 11.727270 11.309547
v -11.699242 11.727270 11.214478
v -11.795794 11.727270 11.125595
v -11.898012 11.727270 11.043288
v -12.005445 11.727270 10.967913
v -12.117626 11.727270 10.899808
v -12.234061 11.727270 10.839263
v -12.354242 11.727270 10.786544
v -12.365494 11.727270 10.782088
v -12.354242 9.020977 10.786544
v -12.234061 6.314684 10.839263
v -12.234061 3.608391 10.839263
v -12.117626 3.608391 10.899808
v -12.005445 3.608391 10.967913
v -11.898012 3.608391 11.043288
v -11.795794 3.608391 11.125595
v -11.699242 3.608391 11.214478
v -11.608773 3.608391 11.309547
v -11.524788 3.608391 11.410392
v -11.447649 3.608391 11.516565
v -11.377696 3.608391 11.627602
v -11.315233 3.608391 11.743021
v -11.260537 3.608391 11.862313
v -11.213843 3.608391 11.984962
v -11.175360 3.608391 12.110430
v -11.145250 3.608391 12.238167
v -11.123651 3.608391 12.367611
v -11.110651 3.608391 12.498203
v -11.106312 3.608391 12.629368
v -11.110651 3.608391 12.760532
v -11.123651 3.608391 12.891124
v -11.145250 3.608391 13.020568
v -11.175360 3.608391 13.148305
v -11.213843 3.608391 13.273772
v -11.260537 3.608391 13.396421
v -11.315233 3.608391 13.515714
v -11.377696 3.608391 13.631133
v -11.447649 3.608391 13.742170
v -11.524788 3.608391 13.848343
v -11.608773 3.608391 13.949186
v -11.699242 3.608391 14.044256
v -11.795794 3.608391 14.133140
v -11.898012 3.608391 14.215446
v -12.005445 3.608391 14.290822
v -12.117626 3.608391 14.358927
v -12.234061 3.608391 14.419472
v -12.354242 3.608391 14.472191
v -12.477648 3.608391 14.516848
v -12.603734 3.608391 14.553253
v -12.731949 3.608391 14.581246
v -12.861735 3.608391 14.600703
v -12.992521 3.608391 14.611539
v -13.123740 3.608391 14.613711
v -13.254815 3.608391 14.607202
v -13.385175 3.608391 14.592047
v -13.514245 3.608391 14.568311
v -13.641466 3.608391 14.536095
v -13.766278 3.608391 14.495541
v -13.888139 3.608391 14.446824
v -14.006512 3.608391 14.390164
v -14.120882 3.608391 14.325801
v -14.230747 3.608391 14.254025
v -14.335630 3.608391 14.175140
v -14.435071 3.608391 14.089495
v -14.528631 3.608391 13.997467
v -14.615907 3.608391 13.899459
v -14.696514 3.608391 13.795895
v -14.770102 3.608391 13.687229
v -14.836344 3.608391 13.573939
v -14.894955 3.608391 13.456519
v -14.945679 3.608391 13.335483
v -14.988289 3.608391 13.211358
v -15.022605 3.608391 13.084684
v -15.048474 3.608391 12.956024
v -15.065783 3.608391 12.825934
v -15.074457 3.608391 12.694986
v -15.074457 3.608391 12.563748
v -15.065783 3.608391 12.432800
v -15.048474 3.608391 12.302711
v -15.022605 3.608391 12.174050
v -14.988289 3.608391 12.047377
v -14.945679 3.608391 11.923252
v -14.894955 3.608391 11.802216
v -14.836344 3.608391 11.684795
v -14.770102 3.608391 11.571506
v -14.696514 3.608391 11.462839
v -14.615907 3.608391 11.359275
v -14.528631 3.608391 11.261268
v -14.435071 3.608391 11.169239
v -14.335630 3.608391 11.083594
v -14.230747 3.608391 11.004711
v -14.120882 3.608391 10.932933
v -14.006512 3.608391 10.868570
v -13.888139 3.608391 10.811911
v -13.766278 3.608391 10.763194
v -13.641466 3.608391 10.722640
v -13.514245 3.608391 10.690424
v -13.385175 3.608391 10.666688
v -13.254815 3.608391 10.651532
v -13.123740 3.608391 10.645023
v -12.992521 3.608391 10.647195
v -12.861735 3.608391 10.658031
v -12.731949 3.608391 10.677487
v -12.603674 3.608391 10.705497
v -12.477648 3.608391 10.741887
v -12.354242 3.608391 10.786544
v -12.477648 11.727270 10.741887
v -12.603600 11.727270 10.705514
v -12.731949 11.727270 10.677487
v -12.861735 11.727270 10.658031
v -12.992521 11.727270 10.647195
v -13.123740 11.727270 10.645023
v -13.254815 11.727270 10.651532
v -13.385175 11.727270 10.666688
v -13.514245 11.727270 10.690424
v -13.641466 11.727270 10.722640
v -13.766278 11.727270 10.763194
v -13.888139 11.727270 10.811911
v -11.106312 6.314684 12.629368
v -11.110651 6.314684 12.760532
v -11.123651 6.314684 12.891124
v -11.145250 6.314684 13.020568
v -11.175360 6.314684 13.148305
v -11.213843 6.314684 13.273772
v -11.260537 6.314684 13.396421
v -11.315233 6.314684 13.515714
v -11.377696 6.314684 13.631133
v -11.447649 6.314684 13.742170
v -11.524788 6.314684 13.848343
v -11.608773 6.314684 13.949186
v -11.699242 6.314684 14.044256
v -11.795794 6.314684 14.133140
v -11.898012 6.314684 14.215446
v -12.005445 6.314684 14.290822
v -12.117626 6.314684 14.358927
v -12.234061 6.314684 14.419472
v -12.354242 6.314684 14.472191
v -12.477648 6.314684 14.516848
v -12.603734 6.314684 14.553253
v -12.731949 6.314684 14.581246
v -12.861735 6.314684 14.600703
v -12.992521 6.314684 14.611539
v -13.123740 6.314684 14.613711
v -13.254815 6.314684 14.607202
v -13.385175 6.314684 14.592047
v -13.514245 6.314684 14.568311
v -13.641466 6.314684 14.536095
v -13.766278 6.314684 14.495541
v -13.888139 6.314684 14.446824
v -14.006512 6.314684 14.390164
v -14.120882 6.314684 14.325801
v -14.230747 6.314684 14.254025
v -14.335630 6.314684 14.175140
v -14.435071 6.314684 14.089495
v -14.528631 6.314684 13.997467
v -14.615907 6.314684 13.899459
v -14.696514 6.314684 13.795895
v -14.770102 6.314684 13.687229
v -14.836344 6.314684 13.573939
v -14.894955 6.314684 13.456519
v -14.945679 6.314684 13.335483
v -14.988289 6.314684 13.211358
v -15.022605 6.314684 13.084684
v -15.048474 6.314684 12.956024
v -15.065783 6.314684 12.825934
v -15.074457 6.314684 12.694986
v -15.074457 6.314684 12.563748
v -15.065783 6.314684 12.432800
v -15.048474 6.314684 12.302711
v -15.022605 6.314684 12.174050
v -14.988289 6.314684 12.047377
v -14.945679 6.314684 11.923252
v -14.894955 6.314684 11.802216
v -14.836344 6.314684 11.684795
v -14.770102 6.314684 11.571506
v -14.696514 6.314684 11.462839
v -14.615907 6.314684 11.359275
v -14.528631 6.314684 11.261268
v -14.435071 6.314684 11.169239
v -14.335630 6.314684 11.083594
v -14.230747 6.314684 11.004711
v -14.120882 6.314684 10.932933
v -14.006512 6.314684 10.868570
v -11.106312 9.020977 12.629368
v -11.110651 9.020977 12.760532
v -11.123651 9.020977 12.891124
v -11.145250 9.020977 13.020568
v -11.175360 9.020977 13.148305
v -11.213843 9.020977 13.273772
v -11.260537 9.020977 13.396421
v -11.315233 9.020977 13.515714
v -11.377696 9.020977 13.631133
v -11.447649 9.020977 13.742170
v -11.524788 9.020977 13.848343
v -11.608773 9.020977 13.949186
v -11.699242 9.020977 14.044256
v -11.795794 9.020977 14.133140
v -11.898012 9.020977 14.215446
v -12.005445 9.020977 14.290822
v -12.117626 9.020977 14.358927
v -12.234061 9.020977 14.419472
v -12.354242 9.020977 14.472191
v -12.477648 9.020977 14.516848
v -12.603734 9.020977 14.553253
v -12.731949 9.020977 14.581246
v -12.861735 9.020977 14.600703
v -12.992521 9.020977 14.611539
v -13.123740 9.020977 14.613711
v -13.254815 9.020977 14.607202
v -13.385175 9.020977 14.592047
v -13.514245 9.020977 14.568311
v -13.641466 9.020977 14.536095
v -13.766278 9.020977 14.495541
v -13.888139 9.020977 14.446824
v -14.006512 9.020977 14.390164
v -14.120882 9.020977 14.325801
v -14.230747 9.020977 14.254025
v -14.335630 9.020977 14.175140
v -14.435071 9.020977 14.089495
v -14.528631 9.020977 13.997467
v -14.615907 9.020977 13.899459
v -14.696514 9.020977 13.795895
v -14.770102 9.020977 13.687229
v -14.836344 9.020977 13.573939
v -14.894955 9.020977 13.456519
v -14.945679 9.020977 13.335483
v -14.988289 9.020977 13.211358
v -15.022605 9.020977 13.084684
v -15.048474 9.020977 12.956024
v -15.065783 9.020977 12.825934
v -15.074457 9.020977 12.694986
v -15.074457 9.020977 12.563748
v -15.065783 9.020977 12.432800
v -15.048474 9.020977 12.302711
v -15.022605 9.020977 12.174050
v -14.988289 9.020977 12.047377
v -14.945679 9.020977 11.923252
v -14.894955 9.020977 11.802216
v -14.836344 9.020977 11.684795
v -14.770102 9.020977 11.571506
v -14.696514 9.020977 11.462839
v -14.615907 9.020977 11.359275
v -14.528631 9.020977 11.261268
v -14.435071 9.020977 11.169239
v -14.335630 9.020977 11.083594
v -14.230747 9.020977 11.004711
v -14.120882 9.020977 10.932933
v -11.110651 6.314684 12.498203
v -11.123651 6.314684 12.367611
v -11.145250 6.314684 12.238167
v -11.175360 6.314684 12.110430
v -11.213843 6.314684 11.984962
v -11.260537 6.314684 11.862313
v -11.315233 6.314684 11.743021
v -11.377696 6.314684 11.627602
v -11.447649 6.314684 11.516565
v -11.524788 6.314684 11.410392
v -11.608773 6.314684 11.309547
v -11.699242 6.314684 11.214478
v -11.795794 6.314684 11.125595
v -11.898012 6.314684 11.043288
v -12.005445 6.314684 10.967913
v -12.117626 6.314684 10.899808
v -11.110651 9.020977 12.498203
v -11.123651 9.020977 12.367611
v -11.145250 9.020977 12.238167
v -11.175360 9.020977 12.110430
v -11.213843 9.020977 11.984962
v -11.260537 9.020977 11.862313
v -11.315233 9.020977 11.743021
v -11.377696 9.020977 11.627602
v -11.447649 9.020977 11.516565
v -11.524788 9.020977 11.410392
v -11.608773 9.020977 11.309547
v -11.699242 9.020977 11.214478
v -11.795794 9.020977 11.125595
v -11.898012 9.020977 11.043288
v -12.005445 9.020977 10.967913
v -12.117626 9.020977 10.899808
v -12.234061 9.020977 10.839263
v 13.911809 9.020977 -1.848750
v 13.911809 10.825172 -1.848750
v 13.795820 9.020977 -1.889930
v 13.795820 10.825172 -1.889930
v 13.677502 9.020977 -1.923841
v 13.677502 10.825172 -1.923841
v 13.557309 9.020977 -1.950353
v 13.557309 10.825172 -1.950353
v 13.435704 9.020977 -1.969363
v 13.435704 10.825172 -1.969363
v 13.313153 9.020977 -1.980798
v 13.313153 10.825172 -1.980798
v 13.190131 9.020977 -1.984615
v 13.190131 10.825172 -1.984615
v 13.067108 9.020977 -1.980798
v 13.067108 10.825172 -1.980798
v 12.944558 9.020977 -1.969363
v 12.944558 10.825172 -1.969363
v 12.822953 9.020977 -1.950353
v 12.822953 10.825172 -1.950353
v 12.702759 9.020977 -1.923841
v 12.702759 10.825172 -1.923841
v 12.584441 9.020977 -1.889930
v 12.584441 10.825172 -1.889930
v 12.468452 9.020977 -1.848750
v 12.468452 10.825172 -1.848750
v 13.911808 9.020977 -10.780616
v 13.795819 9.020977 -10.739436
v 13.677502 9.020977 -10.705525
v 13.557307 9.020977 -10.679014
v 13.435702 9.020977 -10.660006
v 13.313153 9.020977 -10.648570
v 13.190129 9.020977 -10.644753
v 13.067107 9.020977 -10.648570
v 12.944558 9.020977 -10.660006
v 12.822951 9.020977 -10.679014
v 12.702759 9.020977 -10.705525
v 12.584440 9.020977 -10.739436
v 12.468451 9.020977 -10.780616
v 12.468451 10.825172 -10.780616
v 12.584440 10.825172 -10.739436
v 12.702759 10.825172 -10.705525
v 12.822951 10.825172 -10.679014
v 12.944558 10.825172 -10.660006
v 13.067107 10.825172 -10.648570
v 13.190129 10.825172 -10.644753
v 13.313153 10.825172 -10.648570
v 13.435702 10.825172 -10.660006
v 13.557307 10.825172 -10.679014
v 13.677502 10.825172 -10.705525
v 13.795819 10.825172 -10.739436
v 13.911808 10.825172 -10.780616
v 15.896422 15.155241 -15.335660
v 11.012141 15.155241 -14.807356
v 10.483836 15.155241 -15.335660
v 11.012142 15.155241 -10.451379
v 10.483837 15.155241 -9.923075
v 15.368118 15.155241 -10.451379
v 15.896422 15.155241 -9.923075
v 15.368118 15.155241 -14.807356
v 16.089796 15.876919 -15.529034
v 16.214041 15.795248 -9.766094
v 10.414709 15.795248 -9.766094
v 10.414708 15.795248 -15.565427
v 11.205515 14.433563 -12.629368
v 11.209764 14.433563 -12.499567
v 11.205515 14.433563 -10.644753
v 11.222494 14.433563 -12.370324
v 11.243649 14.433563 -12.242187
v 11.273139 14.433563 -12.115713
v 11.310839 14.433563 -11.991432
v 11.356585 14.433563 -11.869888
v 11.410183 14.433563 -11.751594
v 11.471402 14.433563 -11.637060
v 11.539983 14.433563 -11.526773
v 11.615629 14.433563 -11.421209
v 11.698018 14.433563 -11.320821
v 11.786795 14.433563 -11.226032
v 11.881582 14.433563 -11.137255
v 11.981973 14.433563 -11.054868
v 12.087538 14.433563 -10.979221
v 12.197822 14.433563 -10.910641
v 12.312357 14.433563 -10.849421
v 12.430650 14.433563 -10.795821
v 12.552196 14.433563 -10.750074
v 12.676474 14.433563 -10.712378
v 12.802951 14.433563 -10.682886
v 12.931087 14.433563 -10.661730
v 13.060330 14.433563 -10.649003
v 13.190129 14.433563 -10.644753
v 13.319930 14.433563 -10.649003
v 15.174745 14.433563 -10.644753
v 13.449174 14.433563 -10.661730
v 13.577310 14.433563 -10.682886
v 13.703787 14.433563 -10.712378
v 13.828063 14.433563 -10.750074
v 13.949609 14.433563 -10.795821
v 14.067904 14.433563 -10.849421
v 14.182437 14.433563 -10.910641
v 14.292723 14.433563 -10.979221
v 14.398288 14.433563 -11.054868
v 14.498677 14.433563 -11.137255
v 14.593464 14.433563 -11.226032
v 14.682242 14.433563 -11.320821
v 14.764631 14.433563 -11.421209
v 14.840278 14.433563 -11.526773
v 14.908857 14.433563 -11.637060
v 14.970077 14.433563 -11.751594
v 15.023674 14.433563 -11.869888
v 15.069422 14.433563 -11.991432
v 15.107121 14.433563 -12.115713
v 15.136611 14.433563 -12.242187
v 15.157766 14.433563 -12.370324
v 15.170495 14.433563 -12.499567
v 15.174745 14.433563 -12.629368
v 15.170495 14.433563 -12.759168
v 15.174745 14.433563 -14.613982
v 15.157765 14.433563 -12.888411
v 15.136611 14.433563 -13.016548
v 15.107121 14.433563 -13.143022
v 15.069422 14.433563 -13.267303
v 15.023674 14.433563 -13.388846
v 14.970077 14.433563 -13.507141
v 14.908857 14.433563 -13.621675
v 14.840276 14.433563 -13.731962
v 14.764631 14.433563 -13.837525
v 14.682242 14.433563 -13.937914
v 14.593464 14.433563 -14.032703
v 14.498677 14.433563 -14.121480
v 14.398286 14.433563 -14.203868
v 14.292723 14.433563 -14.279512
v 14.182437 14.433563 -14.348095
v 14.067902 14.433563 -14.409314
v 13.949609 14.433563 -14.462914
v 13.828063 14.433563 -14.508660
v 13.703785 14.433563 -14.546358
v 13.577310 14.433563 -14.575850
v 13.449174 14.433563 -14.597005
v 13.319930 14.433563 -14.609732
v 13.190129 14.433563 -14.613982
v 13.060329 14.433563 -14.609732
v 11.205515 14.433563 -14.613982
v 12.931085 14.433563 -14.597005
v 12.802950 14.433563 -14.575850
v 12.676474 14.433563 -14.546358
v 12.552196 14.433563 -14.508660
v 12.430650 14.433563 -14.462914
v 12.312357 14.433563 -14.409314
v 12.197822 14.433563 -14.348095
v 12.087536 14.433563 -14.279512
v 11.981973 14.433563 -14.203868
v 11.881582 14.433563 -14.121480
v 11.786795 14.433563 -14.032703
v 11.698016 14.433563 -13.937914
v 11.615629 14.433563 -13.837525
v 11.539983 14.433563 -13.731962
v 11.471402 14.433563 -13.621675
v 11.410182 14.433563 -13.507141
v 11.356585 14.433563 -13.388846
v 11.310839 14.433563 -13.267303
v 11.273139 14.433563 -13.143022
v 11.243649 14.433563 -13.016548
v 11.222494 14.433563 -12.888411
v 11.209764 14.433563 -12.759168
v 10.488171 0.902098 -12.782475
v 10.488171 0.000000 -12.782475
v 10.483836 0.902098 -12.629368
v 10.483836 0.000000 -12.629368
v 10.488171 0.902098 -12.476260
v 10.488171 0.000000 -12.476260
v 10.501161 0.902098 -12.323639
v 10.501161 0.000000 -12.323639
v 10.522764 0.902098 -12.172001
v 10.522764 0.000000 -12.172001
v 10.552912 0.902098 -12.021827
v 10.552912 0.000000 -12.021827
v 10.591508 0.902098 -11.873600
v 10.591508 0.000000 -11.873600
v 10.638428 0.902098 -11.727793
v 10.638428 0.000000 -11.727793
v 10.693521 0.902098 -11.584876
v 10.693521 0.000000 -11.584876
v 10.756612 0.902098 -11.445303
v 10.756612 0.000000 -11.445303
v 10.827497 0.902098 -11.309523
v 10.827497 0.000000 -11.309523
v 10.905952 0.902098 -11.177972
v 10.905952 0.000000 -11.177972
v 10.991723 0.902098 -11.051068
v 10.991723 0.000000 -11.051068
v 11.084538 0.902098 -10.929219
v 11.084538 0.000000 -10.929219
v 11.184095 0.902098 -10.812820
v 11.184095 0.000000 -10.812820
v 11.290080 0.902098 -10.702237
v 11.290080 0.000000 -10.702237
v 11.402151 0.902098 -10.597829
v 11.402151 0.000000 -10.597829
v 11.519949 0.902098 -10.499927
v 11.519949 0.000000 -10.499927
v 11.643097 0.902098 -10.408847
v 11.643097 0.000000 -10.408847
v 11.771200 0.902098 -10.324880
v 11.771200 0.000000 -10.324880
v 11.903851 0.902098 -10.248296
v 11.903851 0.000000 -10.248296
v 12.040620 0.902098 -10.179338
v 12.040620 0.000000 -10.179338
v 12.181071 0.902098 -10.118227
v 12.181071 0.000000 -10.118227
v 12.324756 0.902098 -10.065162
v 12.324756 0.000000 -10.065162
v 12.471211 0.902098 -10.020309
v 12.471211 0.000000 -10.020309
v 12.619970 0.902098 -9.983818
v 12.619970 0.000000 -9.983818
v 12.770555 0.902098 -9.955795
v 12.770555 0.000000 -9.955795
v 12.922484 0.902098 -9.936342
v 12.922484 0.000000 -9.936342
v 13.075273 0.902098 -9.925513
v 13.075273 0.000000 -9.925513
v 13.228426 0.902098 -9.923345
v 13.228426 0.000000 -9.923345
v 13.381457 0.902098 -9.929848
v 13.381457 0.000000 -9.929848
v 13.533878 0.902098 -9.944995
v 13.533878 0.000000 -9.944995
v 13.685196 0.902098 -9.968742
v 13.685196 0.000000 -9.968742
v 13.834928 0.902098 -10.001012
v 13.834928 0.000000 -10.001012
v 13.982594 0.902098 -10.041700
v 13.982594 0.000000 -10.041700
v 14.127723 0.902098 -10.090676
v 14.127723 0.000000 -10.090676
v 14.269847 0.902098 -10.147787
v 14.269847 0.000000 -10.147787
v 14.408513 0.902098 -10.212850
v 14.408513 0.000000 -10.212850
v 14.543276 0.902098 -10.285649
v 14.543276 0.000000 -10.285649
v 14.673705 0.902098 -10.365957
v 14.673705 0.000000 -10.365957
v 14.799382 0.902098 -10.453515
v 14.799382 0.000000 -10.453515
v 14.919904 0.902098 -10.548044
v 14.919904 0.000000 -10.548044
v 15.034883 0.902098 -10.649241
v 15.034883 0.000000 -10.649241
v 15.143955 0.902098 -10.756779
v 15.143955 0.000000 -10.756779
v 15.246767 0.902098 -10.870317
v 15.246767 0.000000 -10.870317
v 15.342992 0.902098 -10.989488
v 15.342992 0.000000 -10.989488
v 15.432319 0.902098 -11.113912
v 15.432319 0.000000 -11.113912
v 15.514465 0.902098 -11.243190
v 15.514465 0.000000 -11.243190
v 15.589167 0.902098 -11.376909
v 15.589167 0.000000 -11.376909
v 15.656182 0.902098 -11.514642
v 15.656182 0.000000 -11.514642
v 15.715297 0.902098 -11.655943
v 15.715297 0.000000 -11.655943
v 15.766323 0.902098 -11.800365
v 15.766323 0.000000 -11.800365
v 15.809099 0.902098 -11.947439
v 15.809099 0.000000 -11.947439
v 15.843484 0.902098 -12.096701
v 15.843484 0.000000 -12.096701
v 15.869370 0.902098 -12.247667
v 15.869370 0.000000 -12.247667
v 15.886673 0.902098 -12.399859
v 15.886673 0.000000 -12.399859
v 15.895339 0.902098 -12.552784
v 15.895339 0.000000 -12.552784
v 15.895339 0.902098 -12.705952
v 15.895339 0.000000 -12.705952
v 15.886673 0.902098 -12.858875
v 15.886673 0.000000 -12.858875
v 15.869370 0.902098 -13.011067
v 15.869370 0.000000 -13.011067
v 15.843484 0.902098 -13.162034
v 15.843484 0.000000 -13.162034
v 15.809099 0.902098 -13.311296
v 15.809099 0.000000 -13.311296
v 15.766323 0.902098 -13.458369
v 15.766323 0.000000 -13.458369
v 15.715297 0.902098 -13.602792
v 15.715297 0.000000 -13.602792
v 15.656180 0.902098 -13.744093
v 15.656180 0.000000 -13.744093
v 15.589167 0.902098 -13.881824
v 15.589167 0.000000 -13.881824
v 15.514465 0.902098 -14.015546
v 15.514465 0.000000 -14.015546
v 15.432319 0.902098 -14.144823
v 15.432319 0.000000 -14.144823
v 15.342992 0.902098 -14.269247
v 15.342992 0.000000 -14.269247
v 15.246767 0.902098 -14.388418
v 15.246767 0.000000 -14.388418
v 15.143955 0.902098 -14.501957
v 15.143955 0.000000 -14.501957
v 15.034883 0.902098 -14.609493
v 15.034883 0.000000 -14.609493
v 14.919902 0.902098 -14.710690
v 14.919902 0.000000 -14.710690
v 14.799382 0.902098 -14.805220
v 14.799382 0.000000 -14.805220
v 14.673705 0.902098 -14.892776
v 14.673705 0.000000 -14.892776
v 14.543276 0.902098 -14.973085
v 14.543276 0.000000 -14.973085
v 14.408513 0.902098 -15.045885
v 14.408513 0.000000 -15.045885
v 14.269847 0.902098 -15.110949
v 14.269847 0.000000 -15.110949
v 14.127722 0.902098 -15.168057
v 14.127722 0.000000 -15.168057
v 13.982594 0.902098 -15.217034
v 13.982594 0.000000 -15.217034
v 13.834927 0.902098 -15.257724
v 13.834927 0.000000 -15.257724
v 13.685194 0.902098 -15.289992
v 13.685194 0.000000 -15.289992
v 13.533876 0.902098 -15.313740
v 13.533876 0.000000 -15.313740
v 13.381457 0.902098 -15.328888
v 13.381457 0.000000 -15.328888
v 13.228426 0.902098 -15.335389
v 13.228426 0.000000 -15.335389
v 13.075271 0.902098 -15.333221
v 13.075271 0.000000 -15.333221
v 12.922484 0.902098 -15.322392
v 12.922484 0.000000 -15.322392
v 12.770555 0.902098 -15.302939
v 12.770555 0.000000 -15.302939
v 12.619970 0.902098 -15.274918
v 12.619970 0.000000 -15.274918
v 12.471211 0.902098 -15.238425
v 12.471211 0.000000 -15.238425
v 12.324756 0.902098 -15.193573
v 12.324756 0.000000 -15.193573
v 12.181070 0.902098 -15.140509
v 12.181070 0.000000 -15.140509
v 12.040619 0.902098 -15.079396
v 12.040619 0.000000 -15.079396
v 11.903849 0.902098 -15.010440
v 11.903849 0.000000 -15.010440
v 11.771200 0.902098 -14.933856
v 11.771200 0.000000 -14.933856
v 11.643097 0.902098 -14.849888
v 11.643097 0.000000 -14.849888
v 11.519949 0.902098 -14.758808
v 11.519949 0.000000 -14.758808
v 11.402151 0.902098 -14.660906
v 11.402151 0.000000 -14.660906
v 11.290079 0.902098 -14.556498
v 11.290079 0.000000 -14.556498
v 11.184095 0.902098 -14.445914
v 11.184095 0.000000 -14.445914
v 11.084537 0.902098 -14.329515
v 11.084537 0.000000 -14.329515
v 10.991723 0.902098 -14.207666
v 10.991723 0.000000 -14.207666
v 10.905952 0.902098 -14.080764
v 10.905952 0.000000 -14.080764
v 10.827497 0.902098 -13.949212
v 10.827497 0.000000 -13.949212
v 10.756612 0.902098 -13.813433
v 10.756612 0.000000 -13.813433
v 10.693521 0.902098 -13.673859
v 10.693521 0.000000 -13.673859
v 10.638427 0.902098 -13.530942
v 10.638427 0.000000 -13.530942
v 10.591507 0.902098 -13.385135
v 10.591507 0.000000 -13.385135
v 10.552912 0.902098 -13.236908
v 10.552912 0.000000 -13.236908
v 10.522764 0.902098 -13.086735
v 10.522764 0.000000 -13.086735
v 10.501161 0.902098 -12.935096
v 10.501161 0.000000 -12.935096
v 11.209854 0.902098 -12.760532
v 11.205515 0.902098 -12.629368
v 11.222853 0.902098 -12.891124
v 11.244452 0.902098 -13.020568
v 11.274562 0.902098 -13.148305
v 11.313046 0.902098 -13.273772
v 11.359739 0.902098 -13.396421
v 11.414436 0.902098 -13.515714
v 11.476898 0.902098 -13.631133
v 11.546850 0.902098 -13.742170
v 11.623990 0.902098 -13.848343
v 11.707977 0.902098 -13.949186
v 11.798446 0.902098 -14.044256
v 11.894998 0.902098 -14.133140
v 11.997215 0.902098 -14.215446
v 12.104649 0.902098 -14.290822
v 12.216827 0.902098 -14.358927
v 12.333263 0.902098 -14.419472
v 12.453446 0.902098 -14.472191
v 12.576850 0.902098 -14.516848
v 12.702935 0.902098 -14.553253
v 12.831151 0.902098 -14.581246
v 12.960937 0.902098 -14.600703
v 13.091725 0.902098 -14.611539
v 13.222943 0.902098 -14.613711
v 13.354017 0.902098 -14.607202
v 13.484375 0.902098 -14.592047
v 13.613447 0.902098 -14.568311
v 13.740667 0.902098 -14.536095
v 13.865480 0.902098 -14.495541
v 13.987340 0.902098 -14.446824
v 14.105714 0.902098 -14.390164
v 14.220084 0.902098 -14.325801
v 14.329951 0.902098 -14.254025
v 14.434834 0.902098 -14.175140
v 14.534272 0.902098 -14.089495
v 14.627835 0.902098 -13.997467
v 14.715111 0.902098 -13.899459
v 14.795716 0.902098 -13.795895
v 14.869302 0.902098 -13.687229
v 14.935547 0.902098 -13.573939
v 14.994159 0.902098 -13.456519
v 15.044881 0.902098 -13.335483
v 15.087493 0.902098 -13.211358
v 15.121809 0.902098 -13.084684
v 15.147677 0.902098 -12.956024
v 15.164987 0.902098 -12.825934
v 15.173659 0.902098 -12.694986
v 15.173659 0.902098 -12.563748
v 15.164987 0.902098 -12.432800
v 15.147677 0.902098 -12.302711
v 15.121809 0.902098 -12.174050
v 15.087493 0.902098 -12.047377
v 15.044881 0.902098 -11.923252
v 14.994159 0.902098 -11.802216
v 14.935547 0.902098 -11.684795
v 14.869304 0.902098 -11.571506
v 14.795716 0.902098 -11.462839
v 14.715111 0.902098 -11.359275
v 14.627835 0.902098 -11.261268
v 14.534274 0.902098 -11.169239
v 14.434834 0.902098 -11.083594
v 14.329951 0.902098 -11.004711
v 14.220085 0.902098 -10.932933
v 14.105714 0.902098 -10.868570
v 13.987341 0.902098 -10.811911
v 13.865480 0.902098 -10.763194
v 13.740668 0.902098 -10.722640
v 13.613447 0.902098 -10.690424
v 13.484377 0.902098 -10.666688
v 13.354019 0.902098 -10.651532
v 13.222943 0.902098 -10.645023
v 13.091725 0.902098 -10.647195
v 12.960937 0.902098 -10.658031
v 12.831151 0.902098 -10.677487
v 12.702935 0.902098 -10.705482
v 12.576850 0.902098 -10.741887
v 12.453446 0.902098 -10.786544
v 12.333263 0.902098 -10.839263
v 12.216828 0.902098 -10.899808
v 12.104649 0.902098 -10.967913
v 11.997215 0.902098 -11.043288
v 11.894998 0.902098 -11.125595
v 11.798446 0.902098 -11.214478
v 11.707977 0.902098 -11.309547
v 11.623990 0.902098 -11.410392
v 11.546851 0.902098 -11.516565
v 11.476898 0.902098 -11.627602
v 11.414437 0.902098 -11.743021
v 11.359739 0.902098 -11.862313
v 11.313046 0.902098 -11.984962
v 11.274562 0.902098 -12.110430
v 11.244452 0.902098 -12.238167
v 11.222853 0.902098 -12.367611
v 11.209854 0.902098 -12.498203
v 12.453446 6.314684 -10.786544
v 12.576850 6.314684 -10.741887
v 12.702818 6.314684 -10.705511
v 12.831151 6.314684 -10.677487
v 12.960937 6.314684 -10.658031
v 13.091725 6.314684 -10.647195
v 13.222943 6.314684 -10.645023
v 13.354019 6.314684 -10.651532
v 13.484377 6.314684 -10.666688
v 13.613447 6.314684 -10.690424
v 13.740668 6.314684 -10.722640
v 13.865480 6.314684 -10.763194
v 13.987341 6.314684 -10.811911
v 13.987341 9.020977 -10.811911
v 14.105714 9.020977 -10.868570
v 14.105714 11.727270 -10.868570
v 14.220085 11.727270 -10.932933
v 14.329951 11.727270 -11.004711
v 14.434834 11.727270 -11.083594
v 14.534274 11.727270 -11.169239
v 14.627835 11.727270 -11.261268
v 14.715111 11.727270 -11.359275
v 14.795716 11.727270 -11.462839
v 14.869304 11.727270 -11.571506
v 14.935547 11.727270 -11.684795
v 14.994159 11.727270 -11.802216
v 15.044881 11.727270 -11.923252
v 15.087493 11.727270 -12.047377
v 15.121809 11.727270 -12.174050
v 15.147677 11.727270 -12.302711
v 15.164987 11.727270 -12.432800
v 15.173659 11.727270 -12.563748
v 15.173659 11.727270 -12.694986
v 15.164987 11.727270 -12.825934
v 15.147677 11.727270 -12.956024
v 15.121809 11.727270 -13.084684
v 15.087493 11.727270 -13.211358
v 15.044881 11.727270 -13.335483
v 14.994159 11.727270 -13.456519
v 14.935547 11.727270 -13.573939
v 14.869302 11.727270 -13.687229
v 14.795716 11.727270 -13.795895
v 14.715111 11.727270 -13.899459
v 14.627835 11.727270 -13.997467
v 14.534272 11.727270 -14.089495
v 14.434834 11.727270 -14.175140
v 14.329951 11.727270 -14.254025
v 14.220084 11.727270 -14.325801
v 14.105714 11.727270 -14.390164
v 13.987340 11.727270 -14.446824
v 13.865480 11.727270 -14.495541
v 13.740667 11.727270 -14.536095
v 13.613447 11.727270 -14.568311
v 13.484375 11.727270 -14.592047
v 13.354017 11.727270 -14.607202
v 13.222943 11.727270 -14.613711
v 13.091725 11.727270 -14.611539
v 12.960937 11.727270 -14.600703
v 12.831151 11.727270 -14.581246
v 12.702935 11.727270 -14.553253
v 12.576850 11.727270 -14.516848
v 12.453446 11.727270 -14.472191
v 12.333263 11.727270 -14.419472
v 12.216827 11.727270 -14.358927
v 12.104649 11.727270 -14.290822
v 11.997215 11.727270 -14.215446
v 11.894998 11.727270 -14.133140
v 11.798446 11.727270 -14.044256
v 11.707977 11.727270 -13.949186
v 11.623990 11.727270 -13.848343
v 11.546850 11.727270 -13.742170
v 11.476898 11.727270 -13.631133
v 11.414436 11.727270 -13.515714
v 11.359739 11.727270 -13.396421
v 11.313046 11.727270 -13.273772
v 11.274562 11.727270 -13.148305
v 11.244452 11.727270 -13.020568
v 11.222853 11.727270 -12.891124
v 11.209854 11.727270 -12.760532
v 11.205515 11.727270 -12.629368
v 11.209854 11.727270 -12.498203
v 11.222853 11.727270 -12.367611
v 11.244452 11.727270 -12.238167
v 11.274562 11.727270 -12.110430
v 11.313046 11.727270 -11.984962
v 11.359739 11.727270 -11.862313
v 11.414437 11.727270 -11.743021
v 11.476898 11.727270 -11.627602
v 11.546851 11.727270 -11.516565
v 11.623990 11.727270 -11.410392
v 11.707977 11.727270 -11.309547
v 11.798446 11.727270 -11.214478
v 11.894998 11.727270 -11.125595
v 11.997215 11.727270 -11.043288
v 12.104649 11.727270 -10.967913
v 12.216828 11.727270 -10.899808
v 12.333263 11.727270 -10.839263
v 12.453446 11.727270 -10.786544
v 12.464696 11.727270 -10.782088
v 12.453446 9.020977 -10.786544
v 12.333263 6.314684 -10.839263
v 12.333263 3.608391 -10.839263
v 12.216828 3.608391 -10.899808
v 12.104649 3.608391 -10.967913
v 11.997215 3.608391 -11.043288
v 11.894998 3.608391 -11.125595
v 11.798446 3.608391 -11.214478
v 11.707977 3.608391 -11.309547
v 11.623990 3.608391 -11.410392
v 11.546851 3.608391 -11.516565
v 11.476898 3.608391 -11.627602
v 11.414437 3.608391 -11.743021
v 11.359739 3.608391 -11.862313
v 11.313046 3.608391 -11.984962
v 11.274562 3.608391 -12.110430
v 11.244452 3.608391 -12.238167
v 11.222853 3.608391 -12.367611
v 11.209854 3.608391 -12.498203
v 11.205515 3.608391 -12.629368
v 11.209854 3.608391 -12.760532
v 11.222853 3.608391 -12.891124
v 11.244452 3.608391 -13.020568
v 11.274562 3.608391 -13.148305
v 11.313046 3.608391 -13.273772
v 11.359739 3.608391 -13.396421
v 11.414436 3.608391 -13.515714
v 11.476898 3.608391 -13.631133
v 11.546850 3.608391 -13.742170
v 11.623990 3.608391 -13.848343
v 11.707977 3.608391 -13.949186
v 11.798446 3.608391 -14.044256
v 11.894998 3.608391 -14.133140
v 11.997215 3.608391 -14.215446
v 12.104649 3.608391 -14.290822
v 12.216827 3.608391 -14.358927
v 12.333263 3.608391 -14.419472
v 12.453446 3.608391 -14.472191
v 12.576850 3.608391 -14.516848
v 12.702935 3.608391 -14.553253
v 12.831151 3.608391 -14.581246
v 12.960937 3.608391 -14.600703
v 13.091725 3.608391 -14.611539
v 13.222943 3.608391 -14.613711
v 13.354017 3.608391 -14.607202
v 13.484375 3.608391 -14.592047
v 13.613447 3.608391 -14.568311
v 13.740667 3.608391 -14.536095
v 13.865480 3.608391 -14.495541
v 13.987340 3.608391 -14.446824
v 14.105714 3.608391 -14.390164
v 14.220084 3.608391 -14.325801
v 14.329951 3.608391 -14.254025
v 14.434834 3.608391 -14.175140
v 14.534272 3.608391 -14.089495
v 14.627835 3.608391 -13.997467
v 14.715111 3.608391 -13.899459
v 14.795716 3.608391 -13.795895
v 14.869302 3.608391 -13.687229
v 14.935547 3.608391 -13.573939
v 14.994159 3.608391 -13.456519
v 15.044881 3.608391 -13.335483
v 15.087493 3.608391 -13.211358
v 15.121809 3.608391 -13.084684
v 15.147677 3.608391 -12.956024
v 15.164987 3.608391 -12.825934
v 15.173659 3.608391 -12.694986
v 15.173659 3.608391 -12.563748
v 15.164987 3.608391 -12.432800
v 15.147677 3.608391 -12.302711
v 15.121809 3.608391 -12.174050
v 15.087493 3.608391 -12.047377
v 15.044881 3.608391 -11.923252
v 14.994159 3.608391 -11.802216
v 14.935547 3.608391 -11.684795
v 14.869304 3.608391 -11.571506
v 14.795716 3.608391 -11.462839
v 14.715111 3.608391 -11.359275
v 14.627835 3.608391 -11.261268
v 14.534274 3.608391 -11.169239
v 14.434834 3.608391 -11.083594
v 14.329951 3.608391 -11.004711
v 14.220085 3.608391 -10.932933
v 14.105714 3.608391 -10.868570
v 13.987341 3.608391 -10.811911
v 13.865480 3.608391 -10.763194
v 13.740668 3.608391 -10.722640
v 13.613447 3.608391 -10.690424
v 13.484377 3.608391 -10.666688
v 13.354019 3.608391 -10.651532
v 13.222943 3.608391 -10.645023
v 13.091725 3.608391 -10.647195
v 12.960937 3.608391 -10.658031
v 12.831151 3.608391 -10.677487
v 12.702878 3.608391 -10.705497
v 12.576850 3.608391 -10.741887
v 12.453446 3.608391 -10.786544
v 12.576850 11.727270 -10.741887
v 12.702804 11.727270 -10.705514
v 12.831151 11.727270 -10.677487
v 12.960937 11.727270 -10.658031
v 13.091725 11.727270 -10.647195
v 13.222943 11.727270 -10.645023
v 13.354019 11.727270 -10.651532
v 13.484377 11.727270 -10.666688
v 13.613447 11.727270 -10.690424
v 13.740668 11.727270 -10.722640
v 13.865480 11.727270 -10.763194
v 13.987341 11.727270 -10.811911
v 11.205515 6.314684 -12.629368
v 11.209854 6.314684 -12.760532
v 11.222853 6.314684 -12.891124
v 11.244452 6.314684 -13.020568
v 11.274562 6.314684 -13.148305
v 11.313046 6.314684 -13.273772
v 11.359739 6.314684 -13.396421
v 11.414436 6.314684 -13.515714
v 11.476898 6.314684 -13.631133
v 11.546850 6.314684 -13.742170
v 11.623990 6.314684 -13.848343
v 11.707977 6.314684 -13.949186
v 11.798446 6.314684 -14.044256
v 11.894998 6.314684 -14.133140
v 11.997215 6.314684 -14.215446
v 12.104649 6.314684 -14.290822
v 12.216827 6.314684 -14.358927
v 12.333263 6.314684 -14.419472
v 12.453446 6.314684 -14.472191
v 12.576850 6.314684 -14.516848
v 12.702935 6.314684 -14.553253
v 12.831151 6.314684 -14.581246
v 12.960937 6.314684 -14.600703
v 13.091725 6.314684 -14.611539
v 13.222943 6.314684 -14.613711
v 13.354017 6.314684 -14.607202
v 13.484375 6.314684 -14.592047
v 13.613447 6.314684 -14.568311
v 13.740667 6.314684 -14.536095
v 13.865480 6.314684 -14.495541
v 13.987340 6.314684 -14.446824
v 14.105714 6.314684 -14.390164
v 14.220084 6.314684 -14.325801
v 14.329951 6.314684 -14.254025
v 14.434834 6.314684 -14.175140
v 14.534272 6.314684 -14.089495
v 14.627835 6.314684 -13.997467
v 14.715111 6.314684 -13.899459
v 14.795716 6.314684 -13.795895
v 14.869302 6.314684 -13.687229
v 14.935547 6.314684 -13.573939
v 14.994159 6.314684 -13.456519
v 15.044881 6.314684 -13.335483
v 15.087493 6.314684 -13.211358
v 15.121809 6.314684 -13.084684
v 15.147677 6.314684 -12.956024
v 15.164987 6.314684 -12.825934
v 15.173659 6.314684 -12.694986
v 15.173659 6.314684 -12.563748
v 15.164987 6.314684 -12.432800
v 15.147677 6.314684 -12.302711
v 15.121809 6.314684 -12.174050
v 15.087493 6.314684 -12.047377
v 15.044881 6.314684 -11.923252
v 14.994159 6.314684 -11.802216
v 14.935547 6.314684 -11.684795
v 14.869304 6.314684 -11.571506
v 14.795716 6.314684 -11.462839
v 14.715111 6.314684 -11.359275
v 14.627835 6.314684 -11.261268
v 14.534274 6.314684 -11.169239
v 14.434834 6.314684 -11.083594
v 14.329951 6.314684 -11.004711
v 14.220085 6.314684 -10.932933
v 14.105714 6.314684 -10.868570
v 11.205515 9.020977 -12.629368
v 11.209854 9.020977 -12.760532
v 11.222853 9.020977 -12.891124
v 11.244452 9.020977 -13.020568
v 11.274562 9.020977 -13.148305
v 11.313046 9.020977 -13.273772
v 11.359739 9.020977 -13.396421
v 11.414436 9.020977 -13.515714
v 11.476898 9.020977 -13.631133
v 11.546850 9.020977 -13.742170
v 11.623990 9.020977 -13.848343
v 11.707977 9.020977 -13.949186
v 11.798446 9.020977 -14.044256
v 11.894998 9.020977 -14.133140
v 11.997215 9.020977 -14.215446
v 12.104649 9.020977 -14.290822
v 12.216827 9.020977 -14.358927
v 12.333263 9.020977 -14.419472
v 12.453446 9.020977 -14.472191
v 12.576850 9.020977 -14.516848
v 12.702935 9.020977 -14.553253
v 12.831151 9.020977 -14.581246
v 12.960937 9.020977 -14.600703
v 13.091725 9.020977 -14.611539
v 13.222943 9.020977 -14.613711
v 13.354017 9.020977 -14.607202
v 13.484375 9.020977 -14.592047
v 13.613447 9.020977 -14.568311
v 13.740667 9.020977 -14.536095
v 13.865480 9.020977 -14.495541
v 13.987340 9.020977 -14.446824
v 14.105714 9.020977 -14.390164
v 14.220084 9.020977 -14.325801
v 14.329951 9.020977 -14.254025
v 14.434834 9.020977 -14.175140
v 14.534272 9.020977 -14.089495
v 14.627835 9.020977 -13.997467
v 14.715111 9.020977 -13.899459
v 14.795716 9.020977 -13.795895
v 14.869302 9.020977 -13.687229
v 14.935547 9.020977 -13.573939
v 14.994159 9.020977 -13.456519
v 15.044881 9.020977 -13.335483
v 15.087493 9.020977 -13.211358
v 15.121809 9.020977 -13.084684
v 15.147677 9.020977 -12.956024
v 15.164987 9.020977 -12.825934
v 15.173659 9.020977 -12.694986
v 15.173659 9.020977 -12.563748
v 15.164987 9.020977 -12.432800
v 15.147677 9.020977 -12.302711
v 15.121809 9.020977 -12.174050
v 15.087493 9.020977 -12.047377
v 15.044881 9.020977 -11.923252
v 14.994159 9.020977 -11.802216
v 14.935547 9.020977 -11.684795
v 14.869304 9.020977 -11.571506
v 14.795716 9.020977 -11.462839
v 14.715111 9.020977 -11.359275
v 14.627835 9.020977 -11.261268
v 14.534274 9.020977 -11.169239
v 14.434834 9.020977 -11.083594
v 14.329951 9.020977 -11.004711
v 14.220085 9.020977 -10.932933
v 11.209854 6.314684 -12.498203
v 11.222853 6.314684 -12.367611
v 11.244452 6.314684 -12.238167
v 11.274562 6.314684 -12.110430
v 11.313046 6.314684 -11.984962
v 11.359739 6.314684 -11.862313
v 11.414437 6.314684 -11.743021
v 11.476898 6.314684 -11.627602
v 11.546851 6.314684 -11.516565
v 11.623990 6.314684 -11.410392
v 11.707977 6.314684 -11.309547
v 11.798446 6.314684 -11.214478
v 11.894998 6.314684 -11.125595
v 11.997215 6.314684 -11.043288
v 12.104649 6.314684 -10.967913
v 12.216828 6.314684 -10.899808
v 11.209854 9.020977 -12.498203
v 11.222853 9.020977 -12.367611
v 11.244452 9.020977 -12.238167
v 11.274562 9.020977 -12.110430
v 11.313046 9.020977 -11.984962
v 11.359739 9.020977 -11.862313
v 11.414437 9.020977 -11.743021
v 11.476898 9.020977 -11.627602
v 11.546851 9.020977 -11.516565
v 11.623990 9.020977 -11.410392
v 11.707977 9.020977 -11.309547
v 11.798446 9.020977 -11.214478
v 11.894998 9.020977 -11.125595
v 11.997215 9.020977 -11.043288
v 12.104649 9.020977 -10.967913
v 12.216828 9.020977 -10.899808
v 12.333263 9.020977 -10.839263
v -11.407948 0.367380 -1.284651
v -11.407948 0.386066 0.113160
v -11.407948 0.404751 1.510972
v -10.254833 0.404751 1.510972
v -10.254833 0.403314 1.403448
v -10.126710 0.403314 1.403448
v -10.126710 0.367380 -1.284651
v -11.407948 22.686417 -1.583012
v -11.407948 22.705103 -0.185200
v -11.407948 22.723789 1.212612
v -10.254833 21.767262 1.225399
v -10.254833 21.765823 1.117875
v -10.126710 21.659542 1.119295
v -10.126710 21.623608 -1.568804
v 11.654354 22.686417 -1.583012
v 11.654354 22.705103 -0.185200
v 11.654354 22.723789 1.212612
v 10.501239 21.767262 1.225399
v 10.501239 21.765823 1.117875
v 10.373115 21.659542 1.119295
v 10.373115 21.623608 -1.568804
v 11.654354 0.367380 -1.284651
v 11.654354 0.386066 0.113160
v 11.654354 0.404751 1.510972
v 10.501239 0.404751 1.510972
v 10.501239 0.403314 1.403448
v 10.373115 0.403314 1.403448
v 10.373115 0.367380 -1.284651
vn 0.3346 -0.0000 -0.9424
vn 0.2755 -0.0000 -0.9613
vn 0.2154 -0.0000 -0.9765
vn 0.1545 -0.0000 -0.9880
vn 0.0929 -0.0000 -0.9957
vn 0.0310 -0.0000 -0.9995
vn -0.0310 -0.0000 -0.9995
vn -0.0929 -0.0000 -0.9957
vn -0.1545 -0.0000 -0.9880
vn -0.2154 -0.0000 -0.9765
vn -0.2755 -0.0000 -0.9613
vn -0.3346 -0.0000 -0.9424
vn -0.0000 -1.0000 -0.0000
vn 1.0000 -0.0000 -0.0000
vn -0.0000 1.0000 -0.0000
vn -1.0000 -0.0000 -0.0000
vn -0.9659 -0.2588 -0.0000
vn -0.0000 -0.2588 -0.9659
vn 0.9659 -0.2588 -0.0000
vn -0.0000 -0.2588 0.9659
vn 0.9996 -0.0000 0.0283
vn 0.9996 -0.0000 -0.0283
vn 0.9964 -0.0000 -0.0848
vn 0.9900 -0.0000 -0.1410
vn 0.9804 -0.0000 -0.1968
vn 0.9677 -0.0000 -0.2520
vn 0.9519 -0.0000 -0.3063
vn 0.9331 -0.0000 -0.3597
vn 0.9112 -0.0000 -0.4119
vn 0.8865 -0.0000 -0.4628
vn 0.8589 -0.0000 -0.5122
vn 0.8285 -0.0000 -0.5600
vn 0.7955 -0.0000 -0.6060
vn 0.7599 -0.0000 -0.6500
vn 0.7220 -0.0000 -0.6919
vn 0.6816 -0.0000 -0.7317
vn 0.6817 -0.0000 -0.7317
vn 0.6392 -0.0000 -0.7691
vn 0.5946 -0.0000 -0.8040
vn 0.5482 -0.0000 -0.8363
vn 0.5000 -0.0000 -0.8660
vn 0.4502 -0.0000 -0.8929
vn 0.3990 -0.0000 -0.9170
vn 0.3464 -0.0000 -0.9381
vn 0.2928 -0.0000 -0.9562
vn 0.2382 -0.0000 -0.9712
vn 0.1830 -0.0000 -0.9831
vn 0.1270 -0.0000 -0.9919
vn 0.0707 -0.0000 -0.9975
vn 0.0142 -0.0000 -0.9999
vn -0.0425 -0.0000 -0.9991
vn -0.0989 -0.0000 -0.9951
vn -0.1550 -0.0000 -0.9879
vn -0.2107 -0.0000 -0.9776
vn -0.2656 -0.0000 -0.9641
vn -0.3198 -0.0000 -0.9475
vn -0.3729 -0.0000 -0.9279
vn -0.3728 -0.0000 -0.9279
vn -0.4248 -0.0000 -0.9053
vn -0.4753 -0.0000 -0.8798
vn -0.5243 -0.0000 -0.8515
vn -0.5716 -0.0000 -0.8205
vn -0.6172 -0.0000 -0.7868
vn -0.6607 -0.0000 -0.7507
vn -0.7021 -0.0000 -0.7121
vn -0.7413 -0.0000 -0.6712
vn -0.7780 -0.0000 -0.6282
vn -0.8123 -0.0000 -0.5832
vn -0.8440 -0.0000 -0.5363
vn -0.8730 -0.0000 -0.4877
vn -0.8992 -0.0000 -0.4375
vn -0.9225 -0.0000 -0.3860
vn -0.9429 -0.0000 -0.3331
vn -0.9602 -0.0000 -0.2793
vn -0.9745 -0.0000 -0.2245
vn -0.9856 -0.0000 -0.1690
vn -0.9936 -0.0000 -0.1130
vn -0.9984 -0.0000 -0.0566
vn -0.9984 -0.0000 0.0566
vn -0.9936 -0.0000 0.1130
vn -0.9856 -0.0000 0.1690
vn -0.9745 -0.0000 0.2245
vn -0.9602 -0.0000 0.2793
vn -0.9429 -0.0000 0.3331
vn -0.9225 -0.0000 0.3860
vn -0.8992 -0.0000 0.4375
vn -0.8730 -0.0000 0.4877
vn -0.8440 -0.0000 0.5363
vn -0.8123 -0.0000 0.5832
vn -0.7780 -0.0000 0.6282
vn -0.7413 -0.0000 0.6712
vn -0.7021 -0.0000 0.7121
vn -0.6607 -0.0000 0.7507
vn -0.6172 -0.0000 0.7868
vn -0.5716 -0.0000 0.8205
vn -0.5243 -0.0000 0.8515
vn -0.4753 -0.0000 0.8798
vn -0.4248 -0.0000 0.9053
vn -0.3728 -0.0000 0.9279
vn -0.3729 -0.0000 0.9279
vn -0.3198 -0.0000 0.9475
vn -0.2656 -0.0000 0.9641
vn -0.2107 -0.0000 0.9776
vn -0.1550 -0.0000 0.9879
vn -0.0989 -0.0000 0.9951
vn -0.0424 -0.0000 0.9991
vn 0.0142 -0.0000 0.9999
vn 0.0707 -0.0000 0.9975
vn 0.1270 -0.0000 0.9919
vn 0.1829 -0.0000 0.9831
vn 0.2382 -0.0000 0.9712
vn 0.2928 -0.0000 0.9562
vn 0.3464 -0.0000 0.9381
vn 0.3990 -0.0000 0.9170
vn 0.4502 -0.0000 0.8929
vn 0.5000 -0.0000 0.8660
vn 0.5482 -0.0000 0.8363
vn 0.5946 -0.0000 0.8040
vn 0.6392 -0.0000 0.7691
vn 0.6817 -0.0000 0.7317
vn 0.6816 -0.0000 0.7317
vn 0.7220 -0.0000 0.6919
vn 0.7599 -0.0000 0.6500
vn 0.7955 -0.0000 0.6060
vn 0.8285 -0.0000 0.5600
vn 0.8589 -0.0000 0.5122
vn 0.8865 -0.0000 0.4628
vn 0.9112 -0.0000 0.4119
vn 0.9331 -0.0000 0.3597
vn 0.9519 -0.0000 0.3063
vn 0.9677 -0.0000 0.2520
vn 0.9804 -0.0000 0.1968
vn 0.9900 -0.0000 0.1410
vn 0.9964 -0.0000 0.0848
vn 0.3675 -0.0000 -0.9300
vn 0.3403 -0.0002 -0.9403
vn 0.3346 0.0001 -0.9424
vn 0.2774 -0.0001 -0.9607
vn 0.2133 -0.0001 -0.9770
vn 0.1544 0.0001 -0.9880
vn 0.1483 -0.0002 -0.9889
vn 0.0929 0.0002 -0.9957
vn 0.0826 -0.0002 -0.9966
vn 0.0310 0.0002 -0.9995
vn 0.0166 -0.0003 -0.9999
vn -0.0310 0.0003 -0.9995
vn -0.0496 -0.0003 -0.9988
vn -0.0929 0.0003 -0.9957
vn -0.1155 -0.0004 -0.9933
vn -0.1544 0.0003 -0.9880
vn -0.1809 -0.0004 -0.9835
vn -0.2154 0.0004 -0.9765
vn -0.2455 -0.0004 -0.9694
vn -0.2755 0.0004 -0.9613
vn -0.3090 -0.0004 -0.9511
vn -0.3346 0.0003 -0.9424
vn -0.3712 -0.0004 -0.9285
vn -0.3828 -0.0000 -0.9238
vn -0.4317 -0.0000 -0.9020
vn -0.4904 -0.0000 -0.8715
vn -0.4904 -0.0004 -0.8715
vn -0.5281 0.0004 -0.8492
vn -0.5469 -0.0004 -0.8372
vn -0.5825 0.0004 -0.8128
vn -0.6011 -0.0004 -0.7992
vn -0.6344 0.0004 -0.7730
vn -0.6526 -0.0004 -0.7577
vn -0.6836 0.0004 -0.7299
vn -0.7012 -0.0004 -0.7129
vn -0.7299 0.0004 -0.6836
vn -0.7468 -0.0004 -0.6650
vn -0.7730 0.0004 -0.6344
vn -0.7891 -0.0004 -0.6142
vn -0.8128 0.0004 -0.5825
vn -0.8280 -0.0004 -0.5607
vn -0.8492 0.0004 -0.5281
vn -0.8633 -0.0004 -0.5048
vn -0.8819 0.0004 -0.4714
vn -0.8947 -0.0004 -0.4466
vn -0.9109 0.0004 -0.4127
vn -0.9223 -0.0004 -0.3865
vn -0.9359 0.0004 -0.3523
vn -0.9458 -0.0004 -0.3247
vn -0.9569 0.0004 -0.2903
vn -0.9652 -0.0004 -0.2615
vn -0.9739 0.0004 -0.2271
vn -0.9804 -0.0004 -0.1971
vn -0.9866 0.0004 -0.1629
vn -0.9913 -0.0004 -0.1319
vn -0.9952 0.0004 -0.0980
vn -0.9978 -0.0004 -0.0661
vn -0.9995 0.0004 -0.0327
vn -1.0000 -0.0004 -0.0000
vn -0.9995 0.0004 0.0327
vn -0.9978 -0.0004 0.0661
vn -0.9952 0.0004 0.0980
vn -0.9913 -0.0004 0.1319
vn -0.9866 0.0004 0.1629
vn -0.9804 -0.0004 0.1971
vn -0.9739 0.0004 0.2271
vn -0.9652 -0.0004 0.2615
vn -0.9569 0.0004 0.2903
vn -0.9458 -0.0004 0.3247
vn -0.9359 0.0004 0.3523
vn -0.9223 -0.0004 0.3865
vn -0.9109 0.0004 0.4127
vn -0.8947 -0.0004 0.4466
vn -0.8819 0.0004 0.4714
vn -0.8633 -0.0004 0.5048
vn -0.8492 0.0004 0.5281
vn -0.8280 -0.0004 0.5607
vn -0.8128 0.0004 0.5825
vn -0.7891 -0.0004 0.6142
vn -0.7730 0.0004 0.6344
vn -0.7468 -0.0004 0.6650
vn -0.7299 0.0004 0.6836
vn -0.7012 -0.0004 0.7129
vn -0.6836 0.0004 0.7299
vn -0.6526 -0.0004 0.7577
vn -0.6344 0.0004 0.7730
vn -0.6011 -0.0004 0.7992
vn -0.5825 0.0004 0.8128
vn -0.5469 -0.0004 0.8372
vn -0.5281 0.0004 0.8492
vn -0.4904 -0.0004 0.8715
vn -0.4714 0.0003 0.8819
vn -0.4317 -0.0004 0.9020
vn -0.4127 0.0003 0.9109
vn -0.3712 -0.0003 0.9286
vn -0.3522 0.0003 0.9359
vn -0.3090 -0.0003 0.9511
vn -0.2903 0.0003 0.9569
vn -0.2455 -0.0003 0.9694
vn -0.2271 0.0003 0.9739
vn -0.1809 -0.0003 0.9835
vn -0.1629 0.0003 0.9866
vn -0.1155 -0.0003 0.9933
vn -0.0980 0.0003 0.9952
vn -0.0496 -0.0003 0.9988
vn -0.0327 0.0003 0.9995
vn 0.0166 -0.0003 0.9999
vn 0.0327 0.0003 0.9995
vn 0.0826 -0.0003 0.9966
vn 0.0980 0.0003 0.9952
vn 0.1483 -0.0003 0.9889
vn 0.1629 0.0003 0.9866
vn 0.2133 -0.0003 0.9770
vn 0.2271 0.0003 0.9739
vn 0.2774 -0.0003 0.9608
vn 0.2903 0.0003 0.9569
vn 0.3403 -0.0003 0.9403
vn 0.3522 0.0002 0.9359
vn 0.4017 -0.0002 0.9158
vn 0.4127 0.0002 0.9109
vn 0.4614 -0.0002 0.8872
vn 0.4714 0.0002 0.8819
vn 0.5189 -0.0002 0.8548
vn 0.5281 0.0002 0.8492
vn 0.5743 -0.0002 0.8186
vn 0.5825 0.0002 0.8128
vn 0.6272 -0.0002 0.7789
vn 0.6344 0.0002 0.7730
vn 0.6773 -0.0002 0.7357
vn 0.6836 0.0002 0.7299
vn 0.7244 -0.0002 0.6893
vn 0.7299 0.0002 0.6836
vn 0.7684 -0.0002 0.6400
vn 0.7730 0.0001 0.6344
vn 0.8090 -0.0001 0.5878
vn 0.8128 0.0001 0.5825
vn 0.8461 -0.0001 0.5330
vn 0.8492 0.0001 0.5281
vn 0.8795 -0.0001 0.4760
vn 0.8819 0.0001 0.4714
vn 0.9090 -0.0001 0.4168
vn 0.9109 0.0001 0.4127
vn 0.9346 -0.0001 0.3558
vn 0.9359 0.0001 0.3523
vn 0.9560 -0.0001 0.2932
vn 0.9569 0.0001 0.2903
vn 0.9733 -0.0001 0.2294
vn 0.9739 -0.0000 0.2271
vn 0.9864 -0.0000 0.1646
vn 0.9866 -0.0000 0.1629
vn 0.9951 -0.0000 0.0990
vn 0.9952 -0.0000 0.0980
vn 0.9995 -0.0000 0.0331
vn 0.9995 -0.0000 0.0327
vn 0.9995 -0.0000 -0.0327
vn 0.9995 -0.0000 -0.0331
vn 0.9952 -0.0000 -0.0980
vn 0.9951 -0.0000 -0.0990
vn 0.9866 -0.0000 -0.1629
vn 0.9864 -0.0000 -0.1646
vn 0.9739 -0.0000 -0.2271
vn 0.9733 -0.0001 -0.2294
vn 0.9569 0.0001 -0.2903
vn 0.9560 -0.0001 -0.2932
vn 0.9359 0.0001 -0.3523
vn 0.9346 -0.0001 -0.3558
vn 0.9109 0.0001 -0.4127
vn 0.9090 -0.0001 -0.4168
vn 0.8819 0.0001 -0.4714
vn 0.8795 -0.0001 -0.4760
vn 0.8492 0.0001 -0.5281
vn 0.8461 -0.0001 -0.5330
vn 0.8128 0.0001 -0.5825
vn 0.8090 -0.0001 -0.5878
vn 0.7730 0.0001 -0.6344
vn 0.7684 -0.0002 -0.6399
vn 0.7299 0.0002 -0.6836
vn 0.7244 -0.0002 -0.6893
vn 0.6836 0.0002 -0.7299
vn 0.6773 -0.0002 -0.7357
vn 0.6344 0.0002 -0.7730
vn 0.6272 -0.0002 -0.7789
vn 0.5825 0.0002 -0.8128
vn 0.5743 -0.0002 -0.8186
vn 0.5281 0.0002 -0.8492
vn 0.5189 -0.0002 -0.8548
vn 0.4714 0.0002 -0.8819
vn 0.4614 -0.0002 -0.8872
vn 0.4127 0.0002 -0.9109
vn 0.4017 -0.0002 -0.9158
vn 0.3683 0.0001 -0.9297
vn 0.3683 -0.0000 -0.9297
vn 0.4017 -0.0000 -0.9158
vn 0.4613 -0.0000 -0.8872
vn 0.5189 -0.0000 -0.8548
vn 0.5743 -0.0000 -0.8186
vn 0.6272 -0.0000 -0.7789
vn 0.6773 -0.0000 -0.7357
vn 0.7244 -0.0000 -0.6894
vn 0.7244 -0.0000 -0.6893
vn 0.7684 -0.0000 -0.6399
vn 0.7684 -0.0000 -0.6400
vn 0.8090 -0.0000 -0.5878
vn 0.8461 -0.0000 -0.5330
vn 0.8795 -0.0000 -0.4760
vn 0.8795 -0.0000 -0.4759
vn 0.9090 -0.0000 -0.4168
vn 0.9346 -0.0000 -0.3558
vn 0.9560 -0.0000 -0.2932
vn 0.9560 -0.0000 -0.2933
vn 0.9733 -0.0000 -0.2294
vn 0.9951 -0.0000 -0.0991
vn 0.9995 -0.0000 -0.0330
vn 0.9995 -0.0000 0.0330
vn 0.9951 -0.0000 0.0991
vn 0.9733 -0.0000 0.2294
vn 0.9560 -0.0000 0.2933
vn 0.9560 -0.0000 0.2932
vn 0.9346 -0.0000 0.3558
vn 0.9090 -0.0000 0.4168
vn 0.8795 -0.0000 0.4759
vn 0.8795 -0.0000 0.4760
vn 0.8461 -0.0000 0.5330
vn 0.8090 -0.0000 0.5878
vn 0.7684 -0.0000 0.6400
vn 0.7244 -0.0000 0.6893
vn 0.7244 -0.0000 0.6894
vn 0.6773 -0.0000 0.7357
vn 0.6272 -0.0000 0.7789
vn 0.5743 -0.0000 0.8186
vn 0.5189 -0.0000 0.8548
vn 0.4613 -0.0000 0.8872
vn 0.4017 -0.0000 0.9158
vn 0.3403 -0.0000 0.9403
vn 0.2774 -0.0000 0.9608
vn 0.2133 -0.0000 0.9770
vn 0.1483 -0.0000 0.9889
vn 0.0826 -0.0000 0.9966
vn 0.0166 -0.0000 0.9999
vn -0.0496 -0.0000 0.9988
vn -0.1155 -0.0000 0.9933
vn -0.1809 -0.0000 0.9835
vn -0.2455 -0.0000 0.9694
vn -0.3090 -0.0000 0.9511
vn -0.3712 -0.0000 0.9285
vn -0.4317 -0.0000 0.9020
vn -0.4904 -0.0000 0.8715
vn -0.5469 -0.0000 0.8372
vn -0.6011 -0.0000 0.7992
vn -0.6526 -0.0000 0.7577
vn -0.7012 -0.0000 0.7129
vn -0.7468 -0.0000 0.6650
vn -0.7891 -0.0000 0.6142
vn -0.8280 -0.0000 0.5607
vn -0.8633 -0.0000 0.5048
vn -0.8947 -0.0000 0.4466
vn -0.9223 -0.0000 0.3865
vn -0.9458 -0.0000 0.3247
vn -0.9652 -0.0000 0.2615
vn -0.9804 -0.0000 0.1971
vn -0.9913 -0.0000 0.1319
vn -0.9978 -0.0000 0.0661
vn -0.9978 -0.0000 -0.0661
vn -0.9913 -0.0000 -0.1319
vn -0.9804 -0.0000 -0.1971
vn -0.9652 -0.0000 -0.2615
vn -0.9458 -0.0000 -0.3247
vn -0.9223 -0.0000 -0.3865
vn -0.8947 -0.0000 -0.4466
vn -0.8633 -0.0000 -0.5048
vn -0.8280 -0.0000 -0.5607
vn -0.7891 -0.0000 -0.6142
vn -0.7468 -0.0000 -0.6650
vn -0.7012 -0.0000 -0.7129
vn -0.6526 -0.0000 -0.7577
vn -0.6011 -0.0000 -0.7992
vn -0.5469 -0.0000 -0.8372
vn -0.3712 -0.0000 -0.9285
vn -0.3090 -0.0000 -0.9511
vn -0.2455 -0.0000 -0.9694
vn -0.1809 -0.0000 -0.9835
vn -0.1155 -0.0000 -0.9933
vn -0.0496 -0.0000 -0.9988
vn 0.0166 -0.0000 -0.9999
vn 0.0826 -0.0000 -0.9966
vn 0.1483 -0.0000 -0.9889
vn 0.1482 -0.0000 -0.9890
vn 0.2133 -0.0000 -0.9770
vn 0.2774 -0.0000 -0.9608
vn 0.2774 -0.0000 -0.9607
vn 0.3403 -0.0000 -0.9403
vn 0.3346 -0.0003 -0.9424
vn 0.3374 0.0001 -0.9414
vn 0.3660 -0.0000 -0.9306
vn 0.2774 0.0003 -0.9607
vn 0.2133 0.0003 -0.9770
vn 0.1544 -0.0003 -0.9880
vn 0.1483 0.0005 -0.9889
vn 0.0929 -0.0005 -0.9957
vn 0.0826 0.0007 -0.9966
vn 0.0310 -0.0007 -0.9995
vn 0.0166 0.0009 -0.9999
vn -0.0310 -0.0008 -0.9995
vn -0.0496 0.0010 -0.9988
vn -0.0929 -0.0009 -0.9957
vn -0.1155 0.0011 -0.9933
vn -0.1544 -0.0010 -0.9880
vn -0.1809 0.0012 -0.9835
vn -0.2154 -0.0011 -0.9765
vn -0.2455 0.0012 -0.9694
vn -0.2755 -0.0011 -0.9613
vn -0.3090 0.0012 -0.9511
vn -0.3346 -0.0010 -0.9424
vn -0.3712 0.0011 -0.9285
vn 0.0327 0.0003 -0.9995
vn -0.0327 0.0003 -0.9995
vn -0.0980 0.0003 -0.9952
vn -0.1155 -0.0003 -0.9933
vn -0.1629 0.0003 -0.9866
vn -0.1809 -0.0003 -0.9835
vn -0.2271 0.0003 -0.9739
vn -0.2455 -0.0003 -0.9694
vn -0.2903 0.0003 -0.9569
vn -0.3090 -0.0003 -0.9511
vn -0.3523 0.0003 -0.9359
vn -0.3712 -0.0003 -0.9286
vn -0.4127 0.0003 -0.9109
vn -0.4317 -0.0004 -0.9020
vn -0.4714 0.0003 -0.8819
vn 0.0826 -0.0003 -0.9966
vn 0.0980 0.0003 -0.9952
vn 0.1482 -0.0003 -0.9890
vn 0.1629 0.0003 -0.9866
vn 0.2133 -0.0003 -0.9770
vn 0.2271 0.0003 -0.9739
vn 0.2774 -0.0003 -0.9607
vn 0.2903 0.0003 -0.9569
vn 0.3374 -0.0002 -0.9414
vn 0.3522 0.0003 -0.9359
vn -0.3346 -0.0000 0.9424
vn -0.2755 -0.0000 0.9613
vn -0.2154 -0.0000 0.9765
vn -0.1545 -0.0000 0.9880
vn -0.0929 -0.0000 0.9957
vn -0.0310 -0.0000 0.9995
vn 0.0310 -0.0000 0.9995
vn 0.0929 -0.0000 0.9957
vn 0.1544 -0.0000 0.9880
vn 0.2154 -0.0000 0.9765
vn 0.2755 -0.0000 0.9613
vn 0.3346 -0.0000 0.9424
vn -0.9996 -0.0000 -0.0283
vn -0.9996 -0.0000 0.0283
vn -0.9964 -0.0000 0.0848
vn -0.9900 -0.0000 0.1410
vn -0.9804 -0.0000 0.1968
vn -0.9677 -0.0000 0.2520
vn -0.9519 -0.0000 0.3063
vn -0.9331 -0.0000 0.3597
vn -0.9112 -0.0000 0.4119
vn -0.8865 -0.0000 0.4628
vn -0.8589 -0.0000 0.5122
vn -0.8285 -0.0000 0.5600
vn -0.7955 -0.0000 0.6059
vn -0.7599 -0.0000 0.6500
vn -0.7220 -0.0000 0.6919
vn -0.6817 -0.0000 0.7317
vn -0.6392 -0.0000 0.7691
vn -0.5946 -0.0000 0.8040
vn -0.5482 -0.0000 0.8363
vn -0.5482 -0.0000 0.8364
vn -0.5000 -0.0000 0.8660
vn -0.4502 -0.0000 0.8929
vn -0.3990 -0.0000 0.9170
vn -0.3464 -0.0000 0.9381
vn -0.2928 -0.0000 0.9562
vn -0.2382 -0.0000 0.9712
vn -0.1830 -0.0000 0.9831
vn -0.1829 -0.0000 0.9831
vn -0.1270 -0.0000 0.9919
vn -0.0707 -0.0000 0.9975
vn -0.0142 -0.0000 0.9999
vn 0.0425 -0.0000 0.9991
vn 0.0989 -0.0000 0.9951
vn 0.1550 -0.0000 0.9879
vn 0.2107 -0.0000 0.9776
vn 0.2656 -0.0000 0.9641
vn 0.3198 -0.0000 0.9475
vn 0.3197 -0.0000 0.9475
vn 0.3729 -0.0000 0.9279
vn 0.4248 -0.0000 0.9053
vn 0.4753 -0.0000 0.8798
vn 0.5243 -0.0000 0.8515
vn 0.5716 -0.0000 0.8205
vn 0.6172 -0.0000 0.7868
vn 0.6607 -0.0000 0.7507
vn 0.7021 -0.0000 0.7121
vn 0.7412 -0.0000 0.6712
vn 0.7780 -0.0000 0.6282
vn 0.8123 -0.0000 0.5832
vn 0.8440 -0.0000 0.5363
vn 0.8730 -0.0000 0.4877
vn 0.8992 -0.0000 0.4375
vn 0.9225 -0.0000 0.3859
vn 0.9429 -0.0000 0.3331
vn 0.9602 -0.0000 0.2793
vn 0.9745 -0.0000 0.2245
vn 0.9856 -0.0000 0.1690
vn 0.9936 -0.0000 0.1130
vn 0.9984 -0.0000 0.0566
vn 0.9984 -0.0000 -0.0566
vn 0.9936 -0.0000 -0.1130
vn 0.9856 -0.0000 -0.1690
vn 0.9745 -0.0000 -0.2245
vn 0.9602 -0.0000 -0.2793
vn 0.9429 -0.0000 -0.3331
vn 0.9225 -0.0000 -0.3859
vn 0.8992 -0.0000 -0.4375
vn 0.8730 -0.0000 -0.4877
vn 0.8440 -0.0000 -0.5363
vn 0.8123 -0.0000 -0.5832
vn 0.7780 -0.0000 -0.6282
vn 0.7412 -0.0000 -0.6712
vn 0.7021 -0.0000 -0.7121
vn 0.6607 -0.0000 -0.7507
vn 0.6172 -0.0000 -0.7868
vn 0.5716 -0.0000 -0.8205
vn 0.5243 -0.0000 -0.8515
vn 0.4753 -0.0000 -0.8798
vn 0.4248 -0.0000 -0.9053
vn 0.3729 -0.0000 -0.9279
vn 0.3198 -0.0000 -0.9475
vn 0.2656 -0.0000 -0.9641
vn 0.2107 -0.0000 -0.9776
vn 0.1550 -0.0000 -0.9879
vn 0.0989 -0.0000 -0.9951
vn 0.0424 -0.0000 -0.9991
vn -0.0142 -0.0000 -0.9999
vn -0.0707 -0.0000 -0.9975
vn -0.1270 -0.0000 -0.9919
vn -0.1829 -0.0000 -0.9831
vn -0.1830 -0.0000 -0.9831
vn -0.2382 -0.0000 -0.9712
vn -0.2928 -0.0000 -0.9562
vn -0.3464 -0.0000 -0.9381
vn -0.3990 -0.0000 -0.9170
vn -0.4502 -0.0000 -0.8929
vn -0.5000 -0.0000 -0.8660
vn -0.5482 -0.0000 -0.8363
vn -0.5946 -0.0000 -0.8040
vn -0.6392 -0.0000 -0.7691
vn -0.6817 -0.0000 -0.7317
vn -0.7220 -0.0000 -0.6919
vn -0.7599 -0.0000 -0.6500
vn -0.7955 -0.0000 -0.6059
vn -0.8285 -0.0000 -0.5600
vn -0.8589 -0.0000 -0.5122
vn -0.8865 -0.0000 -0.4628
vn -0.9112 -0.0000 -0.4119
vn -0.9331 -0.0000 -0.3597
vn -0.9519 -0.0000 -0.3063
vn -0.9677 -0.0000 -0.2520
vn -0.9804 -0.0000 -0.1968
vn -0.9900 -0.0000 -0.1411
vn -0.9964 -0.0000 -0.0848
vn -0.3674 -0.0000 0.9301
vn -0.3403 -0.0002 0.9403
vn -0.3346 0.0001 0.9424
vn -0.2774 -0.0001 0.9607
vn -0.2133 -0.0001 0.9770
vn -0.1544 0.0001 0.9880
vn -0.1483 -0.0002 0.9889
vn -0.0929 0.0002 0.9957
vn -0.0826 -0.0002 0.9966
vn -0.0310 0.0002 0.9995
vn -0.0166 -0.0003 0.9999
vn 0.0310 0.0003 0.9995
vn 0.0496 -0.0003 0.9988
vn 0.0929 0.0003 0.9957
vn 0.1155 -0.0004 0.9933
vn 0.1544 0.0003 0.9880
vn 0.1809 -0.0004 0.9835
vn 0.2154 0.0004 0.9765
vn 0.2455 -0.0004 0.9694
vn 0.2755 0.0004 0.9613
vn 0.3090 -0.0004 0.9511
vn 0.3346 0.0003 0.9424
vn 0.3712 -0.0004 0.9285
vn 0.3828 -0.0000 0.9238
vn 0.4317 -0.0000 0.9020
vn 0.4904 -0.0000 0.8715
vn 0.4904 -0.0004 0.8715
vn 0.5281 0.0004 0.8492
vn 0.5469 -0.0004 0.8372
vn 0.5825 0.0004 0.8128
vn 0.6011 -0.0004 0.7992
vn 0.6344 0.0004 0.7730
vn 0.6526 -0.0004 0.7577
vn 0.6836 0.0004 0.7299
vn 0.7012 -0.0004 0.7129
vn 0.7299 0.0004 0.6836
vn 0.7468 -0.0004 0.6650
vn 0.7730 0.0004 0.6344
vn 0.7891 -0.0004 0.6142
vn 0.8128 0.0004 0.5825
vn 0.8280 -0.0004 0.5607
vn 0.8492 0.0004 0.5281
vn 0.8632 -0.0004 0.5048
vn 0.8819 0.0004 0.4714
vn 0.8947 -0.0004 0.4466
vn 0.9109 0.0004 0.4127
vn 0.9223 -0.0004 0.3865
vn 0.9359 0.0004 0.3523
vn 0.9458 -0.0004 0.3247
vn 0.9569 0.0004 0.2903
vn 0.9652 -0.0004 0.2615
vn 0.9739 0.0004 0.2271
vn 0.9804 -0.0004 0.1971
vn 0.9866 0.0004 0.1629
vn 0.9913 -0.0004 0.1319
vn 0.9952 0.0004 0.0980
vn 0.9978 -0.0004 0.0661
vn 0.9995 0.0004 0.0327
vn 1.0000 -0.0004 -0.0000
vn 0.9995 0.0004 -0.0327
vn 0.9978 -0.0004 -0.0661
vn 0.9952 0.0004 -0.0980
vn 0.9913 -0.0004 -0.1319
vn 0.9866 0.0004 -0.1629
vn 0.9804 -0.0004 -0.1971
vn 0.9739 0.0004 -0.2271
vn 0.9652 -0.0004 -0.2615
vn 0.9569 0.0004 -0.2903
vn 0.9458 -0.0004 -0.3247
vn 0.9359 0.0004 -0.3523
vn 0.9223 -0.0004 -0.3865
vn 0.9109 0.0004 -0.4127
vn 0.8947 -0.0004 -0.4466
vn 0.8819 0.0004 -0.4714
vn 0.8632 -0.0004 -0.5048
vn 0.8492 0.0004 -0.5281
vn 0.8280 -0.0004 -0.5607
vn 0.8128 0.0004 -0.5825
vn 0.7891 -0.0004 -0.6142
vn 0.7730 0.0004 -0.6344
vn 0.7468 -0.0004 -0.6650
vn 0.7299 0.0004 -0.6836
vn 0.7012 -0.0004 -0.7129
vn 0.6836 0.0004 -0.7299
vn 0.6526 -0.0004 -0.7577
vn 0.6344 0.0004 -0.7730
vn 0.6011 -0.0004 -0.7992
vn 0.5825 0.0004 -0.8128
vn 0.5469 -0.0004 -0.8372
vn 0.5281 0.0004 -0.8492
vn 0.4904 -0.0004 -0.8715
vn 0.4714 0.0003 -0.8819
vn 0.4317 -0.0004 -0.9020
vn 0.4127 0.0003 -0.9109
vn 0.3712 -0.0003 -0.9285
vn 0.3090 -0.0003 -0.9511
vn 0.2455 -0.0003 -0.9694
vn 0.1809 -0.0003 -0.9835
vn 0.1155 -0.0003 -0.9933
vn 0.0496 -0.0003 -0.9988
vn -0.0166 -0.0003 -0.9999
vn -0.0826 -0.0003 -0.9966
vn -0.1483 -0.0003 -0.9889
vn -0.2133 -0.0003 -0.9770
vn -0.2774 -0.0003 -0.9608
vn -0.3403 -0.0003 -0.9403
vn -0.3522 0.0002 -0.9359
vn -0.4017 -0.0002 -0.9158
vn -0.4127 0.0002 -0.9109
vn -0.4613 -0.0002 -0.8872
vn -0.4714 0.0002 -0.8819
vn -0.5190 -0.0002 -0.8548
vn -0.5281 0.0002 -0.8492
vn -0.5743 -0.0002 -0.8186
vn -0.5825 0.0002 -0.8128
vn -0.6272 -0.0002 -0.7789
vn -0.6344 0.0002 -0.7730
vn -0.6773 -0.0002 -0.7357
vn -0.6836 0.0002 -0.7299
vn -0.7244 -0.0002 -0.6894
vn -0.7299 0.0002 -0.6836
vn -0.7684 -0.0002 -0.6400
vn -0.7730 0.0001 -0.6344
vn -0.8090 -0.0001 -0.5878
vn -0.8128 0.0001 -0.5825
vn -0.8461 -0.0001 -0.5330
vn -0.8492 0.0001 -0.5281
vn -0.8795 -0.0001 -0.4759
vn -0.8819 0.0001 -0.4714
vn -0.9090 -0.0001 -0.4168
vn -0.9109 0.0001 -0.4127
vn -0.9346 -0.0001 -0.3558
vn -0.9359 0.0001 -0.3523
vn -0.9560 -0.0001 -0.2933
vn -0.9569 0.0001 -0.2903
vn -0.9733 -0.0001 -0.2294
vn -0.9739 -0.0000 -0.2271
vn -0.9864 -0.0000 -0.1646
vn -0.9866 -0.0000 -0.1629
vn -0.9951 -0.0000 -0.0990
vn -0.9952 -0.0000 -0.0980
vn -0.9995 -0.0000 -0.0330
vn -0.9995 -0.0000 -0.0327
vn -0.9995 -0.0000 0.0327
vn -0.9995 -0.0000 0.0330
vn -0.9952 -0.0000 0.0980
vn -0.9951 -0.0000 0.0990
vn -0.9866 -0.0000 0.1629
vn -0.9864 -0.0000 0.1646
vn -0.9739 -0.0000 0.2271
vn -0.9733 -0.0001 0.2294
vn -0.9569 0.0001 0.2903
vn -0.9560 -0.0001 0.2933
vn -0.9359 0.0001 0.3523
vn -0.9346 -0.0001 0.3558
vn -0.9109 0.0001 0.4127
vn -0.9090 -0.0001 0.4168
vn -0.8819 0.0001 0.4714
vn -0.8795 -0.0001 0.4759
vn -0.8492 0.0001 0.5281
vn -0.8461 -0.0001 0.5330
vn -0.8129 0.0001 0.5825
vn -0.8090 -0.0001 0.5878
vn -0.7730 0.0001 0.6344
vn -0.7684 -0.0002 0.6400
vn -0.7299 0.0002 0.6836
vn -0.7244 -0.0002 0.6894
vn -0.6836 0.0002 0.7299
vn -0.6773 -0.0002 0.7357
vn -0.6344 0.0002 0.7730
vn -0.6272 -0.0002 0.7789
vn -0.5825 0.0002 0.8128
vn -0.5743 -0.0002 0.8186
vn -0.5281 0.0002 0.8492
vn -0.5190 -0.0002 0.8548
vn -0.4714 0.0002 0.8819
vn -0.4613 -0.0002 0.8872
vn -0.4127 0.0002 0.9109
vn -0.4017 -0.0002 0.9158
vn -0.3683 0.0001 0.9297
vn -0.3684 -0.0000 0.9297
vn -0.4017 -0.0000 0.9158
vn -0.4613 -0.0000 0.8872
vn -0.5190 -0.0000 0.8548
vn -0.5743 -0.0000 0.8186
vn -0.6272 -0.0000 0.7789
vn -0.6773 -0.0000 0.7357
vn -0.7244 -0.0000 0.6894
vn -0.7684 -0.0000 0.6400
vn -0.8090 -0.0000 0.5878
vn -0.8461 -0.0000 0.5330
vn -0.8795 -0.0000 0.4759
vn -0.9090 -0.0000 0.4168
vn -0.9346 -0.0000 0.3558
vn -0.9560 -0.0000 0.2933
vn -0.9733 -0.0000 0.2294
vn -0.9995 -0.0000 0.0331
vn -0.9995 -0.0000 -0.0331
vn -0.9733 -0.0000 -0.2294
vn -0.9560 -0.0000 -0.2933
vn -0.9346 -0.0000 -0.3558
vn -0.9090 -0.0000 -0.4168
vn -0.8795 -0.0000 -0.4759
vn -0.8461 -0.0000 -0.5330
vn -0.8090 -0.0000 -0.5878
vn -0.7684 -0.0000 -0.6400
vn -0.7244 -0.0000 -0.6894
vn -0.6773 -0.0000 -0.7357
vn -0.6272 -0.0000 -0.7789
vn -0.5743 -0.0000 -0.8186
vn -0.5190 -0.0000 -0.8548
vn -0.4613 -0.0000 -0.8872
vn -0.4017 -0.0000 -0.9158
vn -0.3403 -0.0000 -0.9403
vn -0.2774 -0.0000 -0.9608
vn -0.2133 -0.0000 -0.9770
vn -0.1483 -0.0000 -0.9889
vn -0.0826 -0.0000 -0.9966
vn -0.0166 -0.0000 -0.9999
vn 0.0496 -0.0000 -0.9988
vn 0.1155 -0.0000 -0.9933
vn 0.1809 -0.0000 -0.9835
vn 0.2455 -0.0000 -0.9694
vn 0.3090 -0.0000 -0.9511
vn 0.3712 -0.0000 -0.9285
vn 0.3712 -0.0000 -0.9286
vn 0.4317 -0.0000 -0.9020
vn 0.4904 -0.0000 -0.8715
vn 0.5469 -0.0000 -0.8372
vn 0.6011 -0.0000 -0.7992
vn 0.6526 -0.0000 -0.7577
vn 0.7012 -0.0000 -0.7129
vn 0.7468 -0.0000 -0.6650
vn 0.7891 -0.0000 -0.6142
vn 0.8280 -0.0000 -0.5607
vn 0.8632 -0.0000 -0.5048
vn 0.8947 -0.0000 -0.4466
vn 0.9223 -0.0000 -0.3865
vn 0.9458 -0.0000 -0.3247
vn 0.9652 -0.0000 -0.2615
vn 0.9804 -0.0000 -0.1971
vn 0.9913 -0.0000 -0.1319
vn 0.9978 -0.0000 -0.0661
vn 0.9978 -0.0000 0.0661
vn 0.9913 -0.0000 0.1319
vn 0.9804 -0.0000 0.1971
vn 0.9652 -0.0000 0.2615
vn 0.9458 -0.0000 0.3247
vn 0.9223 -0.0000 0.3865
vn 0.8947 -0.0000 0.4466
vn 0.8632 -0.0000 0.5048
vn 0.8280 -0.0000 0.5607
vn 0.7891 -0.0000 0.6142
vn 0.7468 -0.0000 0.6650
vn 0.7012 -0.0000 0.7129
vn 0.6526 -0.0000 0.7577
vn 0.6011 -0.0000 0.7992
vn 0.5469 -0.0000 0.8372
vn 0.3712 -0.0000 0.9285
vn 0.3090 -0.0000 0.9511
vn 0.2455 -0.0000 0.9694
vn 0.1809 -0.0000 0.9835
vn 0.1155 -0.0000 0.9933
vn 0.0496 -0.0000 0.9988
vn -0.0166 -0.0000 0.9999
vn -0.0826 -0.0000 0.9966
vn -0.1483 -0.0000 0.9889
vn -0.2133 -0.0000 0.9770
vn -0.2774 -0.0000 0.9608
vn -0.2774 -0.0000 0.9607
vn -0.3403 -0.0000 0.9403
vn -0.3346 -0.0003 0.9424
vn -0.3374 0.0001 0.9414
vn -0.3658 -0.0000 0.9307
vn -0.2774 0.0003 0.9607
vn -0.2133 0.0003 0.9770
vn -0.1544 -0.0003 0.9880
vn -0.1483 0.0005 0.9889
vn -0.0929 -0.0005 0.9957
vn -0.0826 0.0007 0.9966
vn -0.0310 -0.0007 0.9995
vn -0.0166 0.0009 0.9999
vn 0.0310 -0.0008 0.9995
vn 0.0496 0.0010 0.9988
vn 0.0929 -0.0009 0.9957
vn 0.1155 0.0011 0.9933
vn 0.1544 -0.0010 0.9880
vn 0.1809 0.0012 0.9835
vn 0.2154 -0.0011 0.9765
vn 0.2455 0.0012 0.9694
vn 0.2755 -0.0011 0.9613
vn 0.3090 0.0012 0.9511
vn 0.3346 -0.0010 0.9424
vn 0.3712 0.0011 0.9285
vn 0.1155 -0.0003 0.9933
vn 0.1809 -0.0003 0.9835
vn 0.2455 -0.0003 0.9694
vn 0.3090 -0.0003 0.9511
vn 0.3522 0.0003 0.9359
vn 0.3712 -0.0003 0.9285
vn 0.4127 0.0003 0.9109
vn 0.4317 -0.0004 0.9020
vn 0.4714 0.0003 0.8819
vn -0.0826 -0.0003 0.9966
vn -0.1483 -0.0003 0.9889
vn -0.2133 -0.0003 0.9770
vn -0.2774 -0.0003 0.9607
vn -0.3374 -0.0002 0.9414
vn -0.3523 0.0003 0.9359
vn -0.0000 -0.0000 1.0000
vn -0.0000 -0.0000 -1.0000
vn 0.2588 0.9659 -0.0000
vn -0.9133 0.0008 0.4073
vn -0.8835 -0.0009 0.4684
vn -0.8743 -0.0000 0.4853
vn -0.8277 -0.0000 0.5612
vn -0.8277 -0.0006 0.5612
vn -0.8027 0.0006 0.5964
vn -0.7622 -0.0006 0.6474
vn -0.7348 0.0006 0.6783
vn -0.6877 -0.0006 0.7260
vn -0.6585 0.0006 0.7526
vn -0.6052 -0.0006 0.7961
vn -0.5748 0.0005 0.8183
vn -0.5156 -0.0006 0.8569
vn -0.4846 0.0005 0.8748
vn -0.4199 -0.0005 0.9076
vn -0.3888 0.0005 0.9213
vn -0.3193 -0.0005 0.9477
vn -0.2887 0.0005 0.9574
vn -0.2150 -0.0005 0.9766
vn -0.1853 0.0005 0.9827
vn -0.1081 -0.0005 0.9941
vn -0.0798 0.0005 0.9968
vn -0.0000 -0.0005 1.0000
vn 0.0266 0.0004 0.9996
vn 0.1081 -0.0005 0.9941
vn 0.1327 0.0004 0.9912
vn 0.2150 -0.0004 0.9766
vn 0.2373 0.0004 0.9714
vn 0.3193 -0.0004 0.9477
vn 0.3392 0.0004 0.9407
vn 0.4199 -0.0004 0.9076
vn 0.4373 0.0003 0.8993
vn 0.5156 -0.0004 0.8569
vn 0.5304 0.0003 0.8477
vn 0.6052 -0.0003 0.7961
vn 0.6175 0.0003 0.7866
vn 0.6877 -0.0003 0.7260
vn 0.6976 0.0003 0.7165
vn 0.7622 -0.0003 0.6474
vn 0.7698 0.0002 0.6382
vn 0.8277 -0.0002 0.5612
vn 0.8333 0.0002 0.5528
vn 0.8747 -0.0001 0.4847
vn 0.8874 0.0007 0.4611
vn 0.9051 -0.0002 0.4253
vn 0.9309 0.0004 0.3654
vn -0.9290 -0.0009 0.3701
vn -0.9509 0.0009 0.3094
vn -0.9636 -0.0009 0.2675
vn -0.9781 0.0009 0.2082
vn -0.9868 -0.0010 0.1618
vn -0.9945 0.0009 0.1047
vn -0.9985 -0.0010 0.0541
vn -1.0000 0.0009 -0.0000
vn -0.9985 -0.0010 -0.0541
vn -0.9945 0.0009 -0.1047
vn -0.9868 -0.0010 -0.1618
vn -0.9781 0.0009 -0.2082
vn -0.9636 -0.0009 -0.2675
vn -0.9509 0.0009 -0.3094
vn -0.9290 -0.0009 -0.3701
vn -0.9133 0.0008 -0.4073
vn -0.8835 -0.0009 -0.4684
vn -0.8743 -0.0000 -0.4854
vn -0.8277 -0.0000 -0.5612
vn -0.7622 -0.0000 -0.6474
vn -0.6877 -0.0000 -0.7260
vn -0.6052 -0.0000 -0.7961
vn -0.5156 -0.0000 -0.8569
vn -0.4199 -0.0000 -0.9076
vn -0.3193 -0.0000 -0.9477
vn -0.2150 -0.0000 -0.9766
vn -0.1081 -0.0000 -0.9941
vn 0.1081 -0.0000 -0.9941
vn 0.2150 -0.0000 -0.9766
vn 0.3193 -0.0000 -0.9477
vn 0.4199 -0.0000 -0.9076
vn 0.5156 -0.0000 -0.8569
vn 0.6052 -0.0000 -0.7961
vn 0.6877 -0.0000 -0.7260
vn 0.7622 -0.0000 -0.6474
vn 0.8277 -0.0000 -0.5612
vn 0.8743 -0.0000 -0.4854
vn 0.8737 -0.0001 -0.4865
vn 0.8765 -0.0000 -0.4813
vn 0.8874 0.0007 -0.4611
vn 0.9051 -0.0002 -0.4253
vn 0.9309 0.0004 -0.3654
vn 0.9313 0.0005 -0.3642
vn 0.9527 -0.0002 -0.3039
vn 0.9648 0.0008 -0.2631
vn 0.9736 -0.0005 -0.2282
vn 0.9873 0.0007 -0.1591
vn 0.9905 -0.0003 -0.1376
vn 0.9986 0.0004 -0.0532
vn 0.9989 -0.0000 -0.0460
vn 0.9989 -0.0000 0.0460
vn 0.9986 0.0004 0.0532
vn 0.9905 -0.0003 0.1376
vn 0.9873 0.0007 0.1591
vn 0.9736 -0.0005 0.2282
vn 0.9648 0.0008 0.2631
vn 0.9527 -0.0002 0.3039
vn 0.9313 0.0005 0.3642
vn -0.8747 -0.0001 -0.4847
vn -0.8616 0.0006 -0.5077
vn -0.9051 0.0001 -0.4253
vn -0.9106 0.0006 -0.4132
vn -0.9309 -0.0003 -0.3654
vn -0.9520 0.0008 -0.3061
vn -0.9527 -0.0000 -0.3039
vn -0.9494 0.0003 -0.3141
vn -0.9736 -0.0002 -0.2282
vn -0.9774 0.0006 -0.2114
vn -0.9905 -0.0005 -0.1376
vn -0.9943 0.0008 -0.1063
vn -0.9989 -0.0006 -0.0460
vn -1.0000 0.0008 -0.0000
vn -0.9989 -0.0006 0.0460
vn -0.9943 0.0008 0.1063
vn -0.9905 -0.0005 0.1376
vn -0.9774 0.0006 0.2114
vn -0.9736 -0.0002 0.2282
vn -0.9494 0.0003 0.3141
vn -0.9520 0.0008 0.3061
vn -0.9309 -0.0003 0.3654
vn -0.9527 -0.0000 0.3039
vn -0.9106 0.0006 0.4132
vn -0.9051 0.0001 0.4253
vn -0.8890 -0.0000 0.4579
vn 0.8835 -0.0009 -0.4684
vn 0.9113 0.0007 -0.4116
vn 0.9290 -0.0010 -0.3701
vn 0.9463 0.0007 -0.3231
vn 0.9636 -0.0009 -0.2675
vn 0.9728 0.0006 -0.2317
vn 0.9868 -0.0008 -0.1618
vn 0.9904 0.0004 -0.1382
vn 0.9950 -0.0000 -0.0995
vn 0.9982 -0.0003 -0.0607
vn 0.9985 -0.0005 -0.0541
vn 1.0000 0.0002 -0.0000
vn 0.9985 -0.0005 0.0541
vn 0.9982 -0.0003 0.0607
vn 0.9950 -0.0000 0.0995
vn 0.9904 0.0004 0.1382
vn 0.9868 -0.0008 0.1618
vn 0.9728 0.0006 0.2317
vn 0.9636 -0.0009 0.2675
vn 0.9463 0.0007 0.3231
vn 0.9290 -0.0010 0.3701
vn 0.9113 0.0007 0.4116
vn 0.8835 -0.0009 0.4684
vn 0.8743 -0.0000 0.4854
vn 0.8277 -0.0000 0.5612
vn 0.7622 -0.0000 0.6474
vn 0.6877 -0.0000 0.7260
vn 0.6052 -0.0000 0.7961
vn 0.5156 -0.0000 0.8569
vn 0.4199 -0.0000 0.9076
vn 0.3193 -0.0000 0.9477
vn 0.2150 -0.0000 0.9766
vn 0.1081 -0.0000 0.9941
vn -0.1081 -0.0000 0.9941
vn -0.2150 -0.0000 0.9766
vn -0.3193 -0.0000 0.9477
vn -0.4199 -0.0000 0.9076
vn -0.5156 -0.0000 0.8569
vn -0.6052 -0.0000 0.7961
vn -0.6877 -0.0000 0.7260
vn -0.7622 -0.0000 0.6474
vn 0.9986 -0.0000 0.0532
vn 0.9986 -0.0000 -0.0532
vn 0.9985 -0.0000 -0.0541
vn 0.9873 -0.0000 -0.1591
vn 0.9868 0.0001 -0.1618
vn 0.9648 -0.0001 -0.2631
vn 0.9636 0.0001 -0.2675
vn 0.9313 -0.0001 -0.3642
vn 0.9290 0.0002 -0.3701
vn 0.8874 -0.0002 -0.4611
vn 0.8835 0.0002 -0.4684
vn 0.8333 -0.0002 -0.5528
vn 0.8277 0.0002 -0.5612
vn 0.7698 -0.0002 -0.6382
vn 0.7622 0.0003 -0.6474
vn 0.6976 -0.0003 -0.7165
vn 0.6877 0.0003 -0.7260
vn 0.6175 -0.0003 -0.7866
vn 0.6052 0.0003 -0.7961
vn 0.5304 -0.0003 -0.8477
vn 0.5156 0.0004 -0.8569
vn 0.4373 -0.0003 -0.8993
vn 0.4199 0.0004 -0.9076
vn 0.3392 -0.0004 -0.9407
vn 0.3193 0.0004 -0.9477
vn 0.2373 -0.0004 -0.9714
vn 0.2150 0.0004 -0.9766
vn 0.1327 -0.0004 -0.9912
vn 0.1081 0.0005 -0.9941
vn 0.0266 -0.0004 -0.9996
vn -0.0000 0.0005 -1.0000
vn -0.0798 -0.0005 -0.9968
vn -0.1081 0.0005 -0.9941
vn -0.1853 -0.0005 -0.9827
vn -0.2150 0.0005 -0.9766
vn -0.2887 -0.0005 -0.9574
vn -0.3193 0.0005 -0.9477
vn -0.3888 -0.0005 -0.9213
vn -0.4199 0.0005 -0.9076
vn -0.4846 -0.0005 -0.8748
vn -0.5156 0.0006 -0.8569
vn -0.5748 -0.0005 -0.8183
vn -0.6052 0.0006 -0.7961
vn -0.6585 -0.0006 -0.7526
vn -0.6877 0.0006 -0.7260
vn -0.7348 -0.0006 -0.6783
vn -0.7622 0.0006 -0.6474
vn -0.8027 -0.0006 -0.5964
vn -0.8277 0.0006 -0.5612
vn -0.8616 -0.0006 -0.5077
vn -0.8835 0.0006 -0.4684
vn -0.9106 -0.0006 -0.4132
vn -0.9290 0.0006 -0.3701
vn -0.9494 -0.0006 -0.3141
vn -0.9636 0.0006 -0.2675
vn -0.9774 -0.0006 -0.2114
vn -0.9868 0.0006 -0.1618
vn -0.9943 -0.0006 -0.1063
vn -0.9985 0.0006 -0.0541
vn -1.0000 -0.0006 -0.0000
vn -0.9985 0.0006 0.0541
vn -0.9943 -0.0006 0.1063
vn -0.9868 0.0006 0.1618
vn -0.9774 -0.0006 0.2114
vn -0.9636 0.0006 0.2675
vn -0.9494 -0.0006 0.3141
vn -0.9290 0.0006 0.3701
vn -0.9106 -0.0006 0.4132
vn -0.8835 0.0006 0.4684
vn -0.8616 -0.0006 0.5077
vn -0.8277 0.0006 0.5612
vn -0.8027 -0.0006 0.5964
vn -0.7622 0.0006 0.6474
vn -0.7348 -0.0006 0.6783
vn -0.6877 0.0006 0.7260
vn -0.6585 -0.0006 0.7526
vn -0.6052 0.0006 0.7961
vn -0.5748 -0.0005 0.8183
vn -0.5156 0.0006 0.8569
vn -0.4846 -0.0005 0.8748
vn -0.4199 0.0005 0.9076
vn -0.3888 -0.0005 0.9213
vn -0.3193 0.0005 0.9477
vn -0.2887 -0.0005 0.9574
vn -0.2150 0.0005 0.9766
vn -0.1853 -0.0005 0.9827
vn -0.1081 0.0005 0.9941
vn -0.0798 -0.0005 0.9968
vn -0.0000 0.0005 1.0000
vn 0.0266 -0.0004 0.9996
vn 0.1081 0.0005 0.9941
vn 0.1327 -0.0004 0.9912
vn 0.2150 0.0004 0.9766
vn 0.2373 -0.0004 0.9714
vn 0.3193 0.0004 0.9477
vn 0.3392 -0.0004 0.9407
vn 0.4199 0.0004 0.9076
vn 0.4373 -0.0003 0.8993
vn 0.5156 0.0004 0.8569
vn 0.5304 -0.0003 0.8477
vn 0.6052 0.0003 0.7961
vn 0.6175 -0.0003 0.7866
vn 0.6877 0.0003 0.7260
vn 0.6976 -0.0003 0.7165
vn 0.7622 0.0003 0.6474
vn 0.7698 -0.0002 0.6382
vn 0.8277 0.0002 0.5612
vn 0.8333 -0.0002 0.5528
vn 0.8835 0.0002 0.4684
vn 0.8874 -0.0002 0.4611
vn 0.9290 0.0002 0.3701
vn 0.9313 -0.0001 0.3642
vn 0.9636 0.0001 0.2675
vn 0.9648 -0.0001 0.2631
vn 0.9868 0.0001 0.1618
vn 0.9873 -0.0000 0.1591
vn 0.9985 -0.0000 0.0541
vn -0.8616 0.0006 0.5077
vn -0.8739 -0.0001 0.4861
vn -0.8277 -0.0006 -0.5612
vn -0.8027 0.0006 -0.5964
vn -0.7622 -0.0006 -0.6474
vn -0.7348 0.0006 -0.6783
vn -0.6877 -0.0006 -0.7260
vn -0.6585 0.0006 -0.7526
vn -0.6052 -0.0006 -0.7961
vn -0.5748 0.0005 -0.8183
vn -0.5156 -0.0006 -0.8569
vn -0.4846 0.0005 -0.8748
vn -0.4199 -0.0005 -0.9076
vn -0.3888 0.0005 -0.9213
vn -0.3193 -0.0005 -0.9477
vn -0.2887 0.0005 -0.9574
vn -0.2150 -0.0005 -0.9766
vn -0.1853 0.0005 -0.9827
vn -0.1081 -0.0005 -0.9941
vn -0.0798 0.0005 -0.9968
vn -0.0000 -0.0005 -1.0000
vn 0.0266 0.0004 -0.9996
vn 0.1081 -0.0005 -0.9941
vn 0.1327 0.0004 -0.9912
vn 0.2150 -0.0004 -0.9766
vn 0.2373 0.0004 -0.9714
vn 0.3193 -0.0004 -0.9477
vn 0.3392 0.0004 -0.9407
vn 0.4199 -0.0004 -0.9076
vn 0.4373 0.0003 -0.8993
vn 0.5156 -0.0004 -0.8569
vn 0.5304 0.0003 -0.8477
vn 0.6052 -0.0003 -0.7961
vn 0.6175 0.0003 -0.7866
vn 0.6877 -0.0003 -0.7260
vn 0.6976 0.0003 -0.7165
vn 0.7622 -0.0003 -0.6474
vn 0.7698 0.0002 -0.6382
vn 0.8277 -0.0002 -0.5612
vn 0.8333 0.0002 -0.5528
vn 0.9868 -0.0000 -0.1618
vn 0.9636 -0.0000 -0.2675
vn 0.9290 -0.0000 -0.3701
vn 0.8835 -0.0000 -0.4684
vn -0.8835 -0.0000 -0.4684
vn -0.9290 -0.0000 -0.3701
vn -0.9636 -0.0000 -0.2675
vn -0.9868 -0.0000 -0.1618
vn -0.9985 -0.0000 -0.0541
vn -0.9985 -0.0000 0.0541
vn -0.9868 -0.0000 0.1618
vn -0.9636 -0.0000 0.2675
vn -0.9290 -0.0000 0.3701
vn -0.8835 -0.0000 0.4684
vn 0.8835 -0.0000 0.4684
vn 0.9290 -0.0000 0.3701
vn 0.9636 -0.0000 0.2675
vn 0.9868 -0.0000 0.1618
vn -0.9470 0.1523 0.2827
vn -0.9407 -0.1248 0.3154
vn -0.9377 -0.0000 0.3473
vn -0.9266 0.0027 0.3760
vn -0.9148 -0.0029 0.4039
vn -0.8886 0.0028 0.4588
vn -0.8736 -0.0029 0.4866
vn -0.8431 0.0029 0.5378
vn -0.8250 -0.0030 0.5651
vn -0.7906 0.0029 0.6123
vn -0.7693 -0.0030 0.6388
vn -0.7316 0.0029 0.6818
vn -0.7071 -0.0030 0.7071
vn -0.6665 0.0030 0.7455
vn -0.6388 -0.0031 0.7693
vn -0.5958 0.0030 0.8031
vn -0.5651 -0.0031 0.8250
vn -0.5202 0.0030 0.8540
vn -0.4866 -0.0031 0.8736
vn -0.4403 0.0031 0.8979
vn -0.4039 -0.0032 0.9148
vn -0.3567 0.0031 0.9342
vn -0.3178 -0.0032 0.9482
vn -0.2701 0.0031 0.9628
vn -0.2290 -0.0032 0.9734
vn -0.1814 0.0031 0.9834
vn -0.1382 -0.0032 0.9904
vn -0.0911 0.0031 0.9958
vn -0.0462 -0.0032 0.9989
vn -0.0000 0.0031 1.0000
vn 0.0462 -0.0032 0.9989
vn 0.0911 0.0031 0.9958
vn 0.1382 -0.0032 0.9904
vn 0.1814 0.0031 0.9834
vn 0.2290 -0.0032 0.9734
vn 0.2701 0.0031 0.9628
vn 0.3178 -0.0032 0.9482
vn 0.3567 0.0031 0.9342
vn 0.4039 -0.0032 0.9148
vn 0.4403 0.0031 0.8979
vn 0.4866 -0.0031 0.8736
vn 0.5202 0.0030 0.8540
vn 0.5651 -0.0031 0.8250
vn 0.5958 0.0030 0.8031
vn 0.6388 -0.0031 0.7693
vn 0.6665 0.0030 0.7455
vn 0.7071 -0.0030 0.7071
vn 0.7316 0.0029 0.6818
vn 0.7693 -0.0030 0.6388
vn 0.7906 0.0029 0.6123
vn 0.8250 -0.0030 0.5651
vn 0.8431 0.0029 0.5378
vn 0.8736 -0.0029 0.4866
vn 0.8886 0.0028 0.4588
vn 0.9148 -0.0029 0.4039
vn 0.9266 0.0027 0.3760
vn 0.9377 -0.0000 0.3473
vn 0.9482 -0.0033 0.3178
vn 0.9566 0.0028 0.2914
vn 0.9734 -0.0025 0.2290
vn 0.9781 0.0025 0.2082
vn 0.9904 -0.0017 0.1382
vn 0.9921 0.0015 0.1257
vn 0.9989 -0.0010 0.0462
vn 0.9991 -0.0000 0.0425
vn 0.9991 -0.0000 -0.0425
vn 0.9989 -0.0010 -0.0462
vn 0.9921 0.0015 -0.1257
vn 0.9904 -0.0017 -0.1382
vn 0.9781 0.0025 -0.2082
vn 0.9734 -0.0025 -0.2290
vn 0.9566 0.0028 -0.2914
vn 0.9482 -0.0033 -0.3178
vn 0.9272 0.0030 -0.3745
vn 0.9148 -0.0029 -0.4039
vn 0.8886 0.0028 -0.4588
vn 0.8736 -0.0029 -0.4866
vn 0.8431 0.0029 -0.5378
vn 0.8250 -0.0030 -0.5651
vn 0.7906 0.0029 -0.6123
vn 0.7693 -0.0030 -0.6388
vn 0.7316 0.0029 -0.6818
vn 0.7071 -0.0030 -0.7071
vn 0.6665 0.0030 -0.7455
vn 0.6388 -0.0031 -0.7693
vn 0.5958 0.0030 -0.8031
vn 0.5651 -0.0031 -0.8250
vn 0.5202 0.0030 -0.8540
vn 0.4866 -0.0031 -0.8736
vn 0.4403 0.0031 -0.8979
vn 0.4039 -0.0032 -0.9148
vn 0.3567 0.0031 -0.9342
vn 0.3178 -0.0032 -0.9482
vn 0.2701 0.0031 -0.9628
vn 0.2290 -0.0032 -0.9734
vn 0.1814 0.0031 -0.9834
vn 0.1382 -0.0032 -0.9904
vn 0.0911 0.0031 -0.9958
vn 0.0462 -0.0032 -0.9989
vn -0.0000 0.0031 -1.0000
vn -0.0462 -0.0032 -0.9989
vn -0.0911 0.0031 -0.9958
vn -0.1382 -0.0032 -0.9904
vn -0.1814 0.0031 -0.9834
vn -0.2290 -0.0032 -0.9734
vn -0.2701 0.0031 -0.9628
vn -0.3178 -0.0032 -0.9482
vn -0.3567 0.0031 -0.9342
vn -0.4039 -0.0032 -0.9148
vn -0.4403 0.0031 -0.8979
vn -0.4866 -0.0031 -0.8736
vn -0.5202 0.0030 -0.8540
vn -0.5651 -0.0031 -0.8250
vn -0.5958 0.0030 -0.8031
vn -0.6388 -0.0031 -0.7693
vn -0.6665 0.0030 -0.7455
vn -0.7071 -0.0030 -0.7071
vn -0.7316 0.0029 -0.6818
vn -0.7693 -0.0030 -0.6388
vn -0.7906 0.0029 -0.6123
vn -0.8250 -0.0030 -0.5651
vn -0.8431 0.0029 -0.5378
vn -0.8736 -0.0029 -0.4866
vn -0.8886 0.0028 -0.4588
vn -0.9148 -0.0029 -0.4039
vn -0.9266 0.0027 -0.3760
vn -0.9377 -0.0000 -0.3473
vn -0.9407 -0.1248 -0.3154
vn -0.9470 0.1523 -0.2828
vn -0.9605 -0.1626 -0.2260
vn -0.9463 0.2581 -0.1949
vn -0.9692 -0.2059 -0.1352
vn -0.9312 0.3466 -0.1127
vn -0.9616 -0.2708 -0.0445
vn -0.9991 -0.0000 -0.0425
vn -0.9991 -0.0000 0.0425
vn -0.9616 -0.2708 0.0445
vn -0.9313 0.3465 0.1127
vn -0.9692 -0.2059 0.1352
vn -0.9462 0.2581 0.1949
vn -0.9605 -0.1626 0.2260
vn 0.9266 -0.0000 -0.3760
vn -0.2588 0.9659 -0.0000
vn 0.9559 -0.0000 -0.2936
vn 0.9736 -0.0005 -0.2281
vn 0.9905 -0.0003 -0.1377
vn 0.9905 -0.0003 0.1377
vn 0.9736 -0.0005 0.2281
vn 0.9559 -0.0000 0.2936
vn 0.8743 -0.0000 -0.4853
vn -0.8743 -0.0000 -0.4853
vn -0.9113 0.0007 -0.4116
vn -0.9290 -0.0010 -0.3701
vn -0.9463 0.0007 -0.3231
vn -0.9635 -0.0009 -0.2675
vn -0.9728 0.0007 -0.2317
vn -0.9868 -0.0008 -0.1618
vn -0.9904 0.0004 -0.1382
vn -0.9950 -0.0000 -0.0995
vn -0.9950 -0.0000 -0.0994
vn -0.9982 -0.0003 -0.0607
vn -0.9985 -0.0005 -0.0541
vn -1.0000 0.0002 -0.0000
vn -0.9985 -0.0005 0.0541
vn -0.9982 -0.0003 0.0607
vn -0.9950 -0.0000 0.0994
vn -0.9950 -0.0000 0.0995
vn -0.9904 0.0004 0.1382
vn -0.9868 -0.0008 0.1618
vn -0.9728 0.0007 0.2317
vn -0.9635 -0.0009 0.2675
vn -0.9463 0.0007 0.3231
vn -0.9290 -0.0010 0.3701
vn -0.9113 0.0007 0.4116
vn 0.9133 0.0008 -0.4073
vn 0.9290 -0.0009 -0.3701
vn 0.9509 0.0009 -0.3094
vn 0.9635 -0.0009 -0.2675
vn 0.9781 0.0009 -0.2082
vn 0.9868 -0.0010 -0.1618
vn 0.9945 0.0009 -0.1047
vn 0.9985 -0.0010 -0.0541
vn 1.0000 0.0009 -0.0000
vn 0.9985 -0.0010 0.0541
vn 0.9945 0.0009 0.1047
vn 0.9868 -0.0010 0.1618
vn 0.9781 0.0009 0.2082
vn 0.9635 -0.0009 0.2675
vn 0.9509 0.0009 0.3094
vn 0.9290 -0.0009 0.3701
vn 0.9133 0.0008 0.4073
vn 0.8743 -0.0000 0.4853
vn -0.9736 -0.0002 -0.2281
vn -0.9905 -0.0005 -0.1377
vn -0.9905 -0.0005 0.1377
vn -0.9736 -0.0002 0.2281
vn 0.9635 0.0001 -0.2675
vn 0.9635 0.0001 0.2675
vn 0.9635 -0.0000 -0.2675
vn -0.9635 -0.0000 -0.2675
vn -0.9635 -0.0000 0.2675
vn 0.9635 -0.0000 0.2675
vn 0.9618 -0.2700 -0.0445
vn 0.9310 0.3471 -0.1126
vn 0.9692 -0.2059 -0.1352
vn 0.9462 0.2582 -0.1949
vn 0.9605 -0.1624 -0.2260
vn 0.9470 0.1524 -0.2827
vn 0.9407 -0.1248 -0.3154
vn 0.9377 -0.0000 -0.3473
vn 0.9266 0.0027 -0.3760
vn 0.8431 0.0028 -0.5378
vn 0.7316 0.0029 -0.6817
vn 0.2289 -0.0032 -0.9734
vn -0.2289 -0.0032 -0.9734
vn -0.7316 0.0029 -0.6817
vn -0.8431 0.0028 -0.5378
vn -0.9377 -0.0000 -0.3475
vn -0.9482 -0.0033 -0.3178
vn -0.9566 0.0028 -0.2914
vn -0.9734 -0.0025 -0.2290
vn -0.9781 0.0025 -0.2082
vn -0.9904 -0.0017 -0.1382
vn -0.9921 0.0015 -0.1257
vn -0.9989 -0.0010 -0.0462
vn -0.9989 -0.0010 0.0462
vn -0.9921 0.0015 0.1257
vn -0.9904 -0.0017 0.1382
vn -0.9781 0.0025 0.2082
vn -0.9734 -0.0025 0.2290
vn -0.9566 0.0028 0.2914
vn -0.9482 -0.0033 0.3178
vn -0.9272 0.0030 0.3745
vn -0.8431 0.0028 0.5378
vn -0.7316 0.0029 0.6817
vn -0.2289 -0.0032 0.9734
vn 0.2289 -0.0032 0.9734
vn 0.7316 0.0029 0.6817
vn 0.8431 0.0028 0.5378
vn 0.9378 -0.0000 0.3473
vn 0.9407 -0.1248 0.3154
vn 0.9470 0.1525 0.2827
vn 0.9605 -0.1624 0.2260
vn 0.9462 0.2582 0.1949
vn 0.9692 -0.2059 0.1352
vn 0.9310 0.3472 0.1127
vn 0.9618 -0.2700 0.0445
vn -0.9266 -0.0000 0.3760
vn 0.0188 -0.9998 -0.0000
vn 0.0157 -0.9998 0.0147
vn 0.0093 -0.9999 -0.0049
vn -0.0000 -0.9999 0.0100
vn -0.0093 -0.9999 -0.0049
vn -0.0157 -0.9998 0.0147
vn -0.0188 -0.9998 -0.0000
vn -0.0315 -0.9995 -0.0000
vn -0.0472 -0.9989 -0.0000
vn -0.0629 -0.9980 -0.0000
vn -0.0786 -0.9969 -0.0000
vn -0.0942 -0.9955 -0.0000
vn -0.1090 -0.9940 -0.0000
vn -0.1092 -0.9940 0.0003
vn -0.1095 -0.9940 0.0009
vn -0.1098 -0.9940 0.0015
vn -0.1099 -0.9939 0.0023
vn 0.0093 -0.9999 0.0049
vn 0.0157 -0.9998 -0.0147
vn 0.0315 -0.9995 -0.0000
vn 0.0472 -0.9989 -0.0000
vn 0.0629 -0.9980 -0.0000
vn 0.0786 -0.9969 -0.0000
vn 0.0942 -0.9955 -0.0000
vn 0.1090 -0.9940 -0.0000
vn 0.1092 -0.9940 -0.0003
vn 0.1095 -0.9940 -0.0009
vn 0.1098 -0.9940 -0.0015
vn 0.1099 -0.9939 -0.0023
vn -0.0000 -0.9999 -0.0100
vn -0.0093 -0.9999 0.0049
vn -0.0157 -0.9998 -0.0147
vn -0.1092 -0.9940 -0.0003
vn -0.1095 -0.9940 -0.0009
vn -0.1098 -0.9940 -0.0015
vn -0.1099 -0.9939 -0.0023
vn 0.1092 -0.9940 0.0003
vn 0.1095 -0.9940 0.0009
vn 0.1098 -0.9940 0.0015
vn 0.1099 -0.9939 0.0023
vn 0.1806 -0.9836 0.0019
vn 0.1807 -0.9835 0.0012
vn 0.1810 -0.9835 0.0007
vn 0.1812 -0.9834 0.0002
vn 0.1815 -0.9834 -0.0000
vn 0.1932 -0.9812 -0.0000
vn 0.2057 -0.9786 -0.0000
vn 0.1812 -0.9834 -0.0002
vn 0.1810 -0.9835 -0.0007
vn 0.1807 -0.9835 -0.0012
vn 0.1806 -0.9836 -0.0019
vn 0.2418 -0.9703 -0.0030
vn 0.2447 -0.9696 -0.0000
vn 0.2418 -0.9703 0.0030
vn 0.2318 -0.9728 -0.0029
vn 0.2260 -0.9741 0.0030
vn 0.2161 -0.9764 -0.0030
vn 0.2101 -0.9777 0.0030
vn 0.2003 -0.9797 -0.0030
vn 0.1941 -0.9810 0.0031
vn 0.1845 -0.9828 -0.0030
vn 0.1781 -0.9840 0.0031
vn 0.1686 -0.9857 -0.0030
vn 0.1621 -0.9868 0.0031
vn 0.1527 -0.9883 -0.0031
vn 0.1460 -0.9893 0.0031
vn 0.1367 -0.9906 -0.0031
vn 0.1299 -0.9915 0.0031
vn 0.1207 -0.9927 -0.0031
vn 0.1137 -0.9935 0.0032
vn 0.1047 -0.9945 -0.0031
vn 0.0975 -0.9952 0.0032
vn 0.0886 -0.9961 -0.0031
vn 0.0813 -0.9967 0.0032
vn 0.0725 -0.9974 -0.0031
vn 0.0651 -0.9979 0.0032
vn 0.0564 -0.9984 -0.0031
vn 0.0488 -0.9988 0.0032
vn 0.0403 -0.9992 -0.0031
vn 0.0326 -0.9995 0.0032
vn 0.0242 -0.9997 -0.0032
vn 0.0163 -0.9999 0.0032
vn 0.0081 -1.0000 -0.0032
vn -0.0000 -1.0000 0.0032
vn -0.0081 -1.0000 -0.0032
vn -0.0163 -0.9999 0.0032
vn -0.0242 -0.9997 -0.0032
vn -0.0326 -0.9995 0.0032
vn -0.0403 -0.9992 -0.0031
vn -0.0488 -0.9988 0.0032
vn -0.0564 -0.9984 -0.0031
vn -0.0651 -0.9979 0.0032
vn -0.0725 -0.9974 -0.0031
vn -0.0813 -0.9967 0.0032
vn -0.0886 -0.9961 -0.0031
vn -0.0975 -0.9952 0.0032
vn -0.1047 -0.9945 -0.0031
vn -0.1137 -0.9935 0.0032
vn -0.1207 -0.9927 -0.0031
vn -0.1299 -0.9915 0.0031
vn -0.1367 -0.9906 -0.0031
vn -0.1460 -0.9893 0.0031
vn -0.1527 -0.9883 -0.0031
vn -0.1621 -0.9868 0.0031
vn -0.1686 -0.9857 -0.0030
vn -0.1781 -0.9840 0.0031
vn -0.1845 -0.9828 -0.0030
vn -0.1941 -0.9810 0.0031
vn -0.2003 -0.9797 -0.0030
vn -0.2101 -0.9777 0.0030
vn -0.2161 -0.9764 -0.0030
vn -0.2260 -0.9741 0.0030
vn -0.2318 -0.9728 -0.0029
vn -0.2418 -0.9703 0.0030
vn -0.2447 -0.9696 -0.0000
vn -0.2418 -0.9703 -0.0030
vn -0.2318 -0.9728 0.0029
vn -0.2260 -0.9741 -0.0030
vn -0.2161 -0.9764 0.0030
vn -0.2101 -0.9777 -0.0030
vn -0.2003 -0.9797 0.0030
vn -0.1941 -0.9810 -0.0031
vn -0.1845 -0.9828 0.0030
vn -0.1781 -0.9840 -0.0031
vn -0.1686 -0.9857 0.0030
vn -0.1621 -0.9868 -0.0031
vn -0.1527 -0.9883 0.0031
vn -0.1460 -0.9893 -0.0031
vn -0.1367 -0.9906 0.0031
vn -0.1299 -0.9915 -0.0031
vn -0.1207 -0.9927 0.0031
vn -0.1137 -0.9935 -0.0032
vn -0.1047 -0.9945 0.0031
vn -0.0975 -0.9952 -0.0032
vn -0.0886 -0.9961 0.0031
vn -0.0813 -0.9967 -0.0032
vn -0.0725 -0.9974 0.0031
vn -0.0651 -0.9979 -0.0032
vn -0.0564 -0.9984 0.0031
vn -0.0488 -0.9988 -0.0032
vn -0.0403 -0.9992 0.0031
vn -0.0326 -0.9995 -0.0032
vn -0.0242 -0.9997 0.0032
vn -0.0163 -0.9999 -0.0032
vn -0.0081 -1.0000 0.0032
vn -0.0000 -1.0000 -0.0032
vn 0.0081 -1.0000 0.0032
vn 0.0163 -0.9999 -0.0032
vn 0.0242 -0.9997 0.0032
vn 0.0326 -0.9995 -0.0032
vn 0.0403 -0.9992 0.0031
vn 0.0488 -0.9988 -0.0032
vn 0.0564 -0.9984 0.0031
vn 0.0651 -0.9979 -0.0032
vn 0.0725 -0.9974 0.0031
vn 0.0813 -0.9967 -0.0032
vn 0.0886 -0.9961 0.0031
vn 0.0975 -0.9952 -0.0032
vn 0.1047 -0.9945 0.0031
vn 0.1137 -0.9935 -0.0032
vn 0.1207 -0.9927 0.0031
vn 0.1299 -0.9915 -0.0031
vn 0.1367 -0.9906 0.0031
vn 0.1460 -0.9893 -0.0031
vn 0.1527 -0.9883 0.0031
vn 0.1621 -0.9868 -0.0031
vn 0.1686 -0.9857 0.0030
vn 0.1781 -0.9840 -0.0031
vn 0.1845 -0.9828 0.0030
vn 0.1941 -0.9810 -0.0031
vn 0.2003 -0.9797 0.0030
vn 0.2101 -0.9777 -0.0030
vn 0.2161 -0.9764 0.0030
vn 0.2260 -0.9741 -0.0030
vn 0.2318 -0.9728 0.0029
vn 0.8823 -0.4708 -0.0000
vn -0.8823 -0.4708 -0.0000
vn 0.2569 0.9664 -0.0000
vn 0.2411 0.9705 -0.0000
vn 0.2254 0.9743 -0.0000
vn 0.2095 0.9778 -0.0000
vn 0.1936 0.9811 -0.0000
vn 0.1776 0.9841 -0.0000
vn 0.1616 0.9868 -0.0000
vn 0.1456 0.9893 -0.0000
vn 0.1295 0.9916 -0.0000
vn 0.1134 0.9935 -0.0000
vn 0.0973 0.9953 -0.0000
vn 0.0811 0.9967 -0.0000
vn 0.0649 0.9979 -0.0000
vn 0.0487 0.9988 -0.0000
vn 0.0325 0.9995 -0.0000
vn 0.0162 0.9999 -0.0000
vn -0.0162 0.9999 -0.0000
vn -0.0325 0.9995 -0.0000
vn -0.0487 0.9988 -0.0000
vn -0.0649 0.9979 -0.0000
vn -0.0811 0.9967 -0.0000
vn -0.0973 0.9953 -0.0000
vn -0.1134 0.9935 -0.0000
vn -0.1295 0.9916 -0.0000
vn -0.1456 0.9893 -0.0000
vn -0.1616 0.9868 -0.0000
vn -0.1777 0.9841 -0.0000
vn -0.1936 0.9811 -0.0000
vn -0.2095 0.9778 -0.0000
vn -0.2254 0.9743 -0.0000
vn -0.2411 0.9705 -0.0000
vn -0.2569 0.9664 -0.0000
vn -0.1806 -0.9836 -0.0019
vn -0.1807 -0.9835 -0.0012
vn -0.1810 -0.9835 -0.0007
vn -0.1812 -0.9834 -0.0002
vn -0.1815 -0.9834 -0.0000
vn -0.1932 -0.9812 -0.0000
vn -0.2057 -0.9786 -0.0000
vn -0.1812 -0.9834 0.0002
vn -0.1810 -0.9835 0.0007
vn -0.1807 -0.9835 0.0012
vn -0.1806 -0.9836 0.0019
vn 0.9989 -0.0000 0.0462
vn 0.9989 -0.0000 -0.0462
vn 0.9904 -0.0000 -0.1382
vn 0.9734 -0.0000 -0.2290
vn 0.9482 -0.0000 -0.3178
vn 0.9148 -0.0000 -0.4039
vn 0.8736 -0.0000 -0.4866
vn 0.8250 -0.0000 -0.5651
vn 0.7693 -0.0000 -0.6389
vn 0.7071 -0.0000 -0.7071
vn 0.6388 -0.0000 -0.7693
vn 0.5651 -0.0000 -0.8250
vn 0.4866 -0.0000 -0.8736
vn 0.4039 -0.0000 -0.9148
vn 0.3178 -0.0000 -0.9482
vn 0.2289 -0.0000 -0.9734
vn 0.1382 -0.0000 -0.9904
vn 0.0462 -0.0000 -0.9989
vn -0.0462 -0.0000 -0.9989
vn -0.1382 -0.0000 -0.9904
vn -0.2289 -0.0000 -0.9734
vn -0.3178 -0.0000 -0.9482
vn -0.4039 -0.0000 -0.9148
vn -0.4866 -0.0000 -0.8736
vn -0.5651 -0.0000 -0.8250
vn -0.6388 -0.0000 -0.7693
vn -0.7071 -0.0000 -0.7071
vn -0.7693 -0.0000 -0.6389
vn -0.8250 -0.0000 -0.5651
vn -0.8736 -0.0000 -0.4866
vn -0.9148 -0.0000 -0.4039
vn -0.9482 -0.0000 -0.3178
vn -0.9734 -0.0000 -0.2290
vn -0.9904 -0.0000 -0.1382
vn -0.9989 -0.0000 -0.0462
vn -0.9989 -0.0000 0.0462
vn -0.9904 -0.0000 0.1382
vn -0.9734 -0.0000 0.2290
vn -0.9482 -0.0000 0.3178
vn -0.9148 -0.0000 0.4039
vn -0.8736 -0.0000 0.4866
vn -0.8250 -0.0000 0.5651
vn -0.7693 -0.0000 0.6389
vn -0.7071 -0.0000 0.7071
vn -0.6388 -0.0000 0.7693
vn -0.5651 -0.0000 0.8250
vn -0.4866 -0.0000 0.8736
vn -0.4039 -0.0000 0.9148
vn -0.3178 -0.0000 0.9482
vn -0.2289 -0.0000 0.9734
vn -0.1382 -0.0000 0.9904
vn -0.0462 -0.0000 0.9989
vn 0.0462 -0.0000 0.9989
vn 0.1382 -0.0000 0.9904
vn 0.2289 -0.0000 0.9734
vn 0.3178 -0.0000 0.9482
vn 0.4039 -0.0000 0.9148
vn 0.4866 -0.0000 0.8736
vn 0.5651 -0.0000 0.8250
vn 0.6388 -0.0000 0.7693
vn 0.7071 -0.0000 0.7071
vn 0.7693 -0.0000 0.6389
vn 0.8250 -0.0000 0.5651
vn 0.8736 -0.0000 0.4866
vn 0.9148 -0.0000 0.4039
vn 0.9482 -0.0000 0.3178
vn 0.9734 -0.0000 0.2290
vn 0.9904 -0.0000 0.1382
vn 0.7693 -0.0000 -0.6388
vn 0.2290 -0.0000 -0.9734
vn -0.2290 -0.0000 -0.9734
vn -0.7693 -0.0000 -0.6388
vn -0.7693 -0.0000 0.6388
vn -0.2290 -0.0000 0.9734
vn 0.2290 -0.0000 0.9734
vn 0.7693 -0.0000 0.6388
vn 0.1544 -0.0000 -0.9880
vn -0.1544 -0.0000 -0.9880
vn 0.7955 -0.0000 -0.6059
vn 0.5482 -0.0000 -0.8364
vn -0.6171 -0.0000 -0.7869
vn -0.7412 -0.0000 -0.6712
vn -0.9225 -0.0000 -0.3859
vn -0.9225 -0.0000 0.3859
vn -0.7412 -0.0000 0.6712
vn -0.6171 -0.0000 0.7869
vn 0.5482 -0.0000 0.8364
vn 0.7955 -0.0000 0.6059
vn -0.3712 -0.0004 -0.9286
vn -0.8632 -0.0004 -0.5048
vn -0.9359 0.0004 -0.3522
vn -0.9359 0.0004 0.3522
vn -0.8632 -0.0004 0.5048
vn -0.5825 0.0004 0.8129
vn 0.4613 -0.0002 0.8872
vn 0.5825 0.0002 0.8129
vn 0.7244 -0.0002 0.6894
vn 0.8795 -0.0001 0.4759
vn 0.8795 -0.0001 -0.4759
vn 0.7684 -0.0002 -0.6400
vn 0.7244 -0.0002 -0.6894
vn 0.5825 0.0002 -0.8129
vn 0.3682 -0.0000 -0.9297
vn 0.4614 -0.0000 -0.8872
vn -0.3712 -0.0000 0.9286
vn -0.7013 -0.0000 0.7129
vn -0.8632 -0.0000 0.5048
vn -0.8632 -0.0000 -0.5048
vn -0.7013 -0.0000 -0.7129
vn -0.3712 -0.0000 -0.9286
vn 0.3661 -0.0000 -0.9306
vn 0.1483 -0.0003 -0.9889
vn 0.1545 -0.0000 0.9880
vn 0.9640 -0.2649 -0.0245
vn 0.8958 -0.4445 -0.0000
vn -0.0000 -0.2382 0.9712
vn -0.9942 -0.1074 -0.0000
vn 0.0109 -0.3368 -0.9415
vn -0.0145 0.9998 0.0145
vn -0.9900 -0.0000 0.1411
vn -0.7955 -0.0000 0.6060
vn -0.6816 -0.0000 0.7317
vn 0.3728 -0.0000 0.9279
vn 0.6171 -0.0000 0.7869
vn 0.7413 -0.0000 0.6712
vn 0.9225 -0.0000 -0.3860
vn 0.7413 -0.0000 -0.6712
vn 0.3728 -0.0000 -0.9279
vn -0.6816 -0.0000 -0.7317
vn -0.7955 -0.0000 -0.6060
vn -0.9900 -0.0000 -0.1410
vn 0.3712 -0.0004 0.9286
vn 0.8492 0.0004 0.5280
vn -0.5825 0.0002 -0.8129
vn -0.8795 -0.0001 -0.4760
vn -0.9560 -0.0001 -0.2932
vn -0.9560 -0.0001 0.2932
vn -0.8795 -0.0001 0.4760
vn -0.8128 0.0001 0.5825
vn -0.7684 -0.0002 0.6399
vn -0.5825 0.0002 0.8129
vn -0.5189 -0.0002 0.8548
vn -0.4614 -0.0002 0.8872
vn -0.4614 -0.0000 0.8872
vn -0.5189 -0.0000 0.8548
vn -0.9560 -0.0000 0.2932
vn -0.9560 -0.0000 -0.2932
vn -0.8795 -0.0000 -0.4760
vn 0.7892 -0.0000 -0.6142
vn 0.8633 -0.0000 0.5048
vn 0.7892 -0.0000 0.6142
vn 0.5470 -0.0000 0.8372
vn 0.3712 -0.0000 0.9286
vn -0.3660 -0.0000 0.9306
vn 0.3712 0.0011 0.9286
vn 0.3523 0.0003 0.9359
vn -0.0000 -0.0134 -0.9999
vn -0.0000 0.0134 0.9999
vn -0.0000 -0.9999 0.0134
vn -0.0000 0.9999 -0.0134
vt 0.000000 0.000000
vt 0.130000 2.000000
vt 0.000000 2.000000
vt 0.260000 0.000000
vt 0.130000 0.000000
vt 0.350000 2.000000
vt 0.260000 2.000000
vt 0.360000 2.000000
vt 0.350000 0.000000
vt 0.370000 2.000000
vt 0.360000 0.000000
vt 0.620000 2.000000
vt 0.370000 0.000000
vt 0.720000 0.000000
vt 0.620000 0.000000
vt 0.130000 3.600000
vt 0.000000 3.600000
vt 0.260000 3.600000
vt 0.350000 3.600000
vt 0.360000 3.600000
vt 0.370000 3.600000
vt 0.620000 3.600000
vt 0.720000 3.600000
vt 0.130000 5.600000
vt 0.000000 5.600000
vt 0.260000 5.600000
vt 0.360000 5.600000
vt 0.350000 5.600000
vt 0.620000 5.600000
vt 0.370000 5.600000
vt 0.720000 5.600000
vt 0.000000 0.120000
vt 0.000000 -0.130000
vt -0.100000 0.000000
vt -0.100000 0.130000
vt -0.010000 0.120000
vt -0.100000 -0.130000
vt -0.010000 0.130000
vt 0.720000 2.000000
s 0
g off
g ArcoCompleto_Red
usemtl Red
f 1/1/1 2/1/1 3/1/1
f 3/1/1 2/1/1 4/1/1
f 3/1/2 4/1/2 5/1/2
f 5/1/2 4/1/2 6/1/2
f 5/1/3 6/1/3 7/1/3
f 7/1/3 6/1/3 8/1/3
f 7/1/4 8/1/4 9/1/4
f 9/1/4 8/1/4 10/1/4
f 9/1/5 10/1/5 11/1/5
f 11/1/5 10/1/5 12/1/5
f 11/1/6 12/1/6 13/1/6
f 13/1/6 12/1/6 14/1/6
f 13/1/7 14/1/7 15/1/7
f 15/1/7 14/1/7 16/1/7
f 15/1/8 16/1/8 17/1/8
f 17/1/8 16/1/8 18/1/8
f 17/1/9 18/1/9 19/1/9
f 19/1/9 18/1/9 20/1/9
f 19/1/10 20/1/10 21/1/10
f 21/1/10 20/1/10 22/1/10
f 21/1/11 22/1/11 23/1/11
f 23/1/11 22/1/11 24/1/11
f 23/1/12 24/1/12 25/1/12
f 25/1/12 24/1/12 26/1/12
f 27/1/13 1/1/13 28/1/13
f 28/1/13 1/1/13 3/1/13
f 28/1/13 3/1/13 29/1/13
f 29/1/13 3/1/13 5/1/13
f 29/1/13 5/1/13 30/1/13
f 30/1/13 5/1/13 7/1/13
f 30/1/13 7/1/13 31/1/13
f 31/1/13 7/1/13 9/1/13
f 31/1/13 9/1/13 32/1/13
f 32/1/13 9/1/13 11/1/13
f 32/1/13 11/1/13 33/1/13
f 33/1/13 11/1/13 13/1/13
f 33/1/13 13/1/13 34/1/13
f 34/1/13 13/1/13 15/1/13
f 34/1/13 15/1/13 35/1/13
f 35/1/13 15/1/13 17/1/13
f 35/1/13 17/1/13 36/1/13
f 36/1/13 17/1/13 19/1/13
f 36/1/13 19/1/13 37/1/13
f 37/1/13 19/1/13 21/1/13
f 37/1/13 21/1/13 38/1/13
f 38/1/13 21/1/13 23/1/13
f 38/1/13 23/1/13 39/1/13
f 39/1/13 23/1/13 25/1/13
f 25/1/14 26/1/14 39/1/14
f 39/1/14 26/1/14 40/1/14
f 40/1/15 26/1/15 41/1/15
f 41/1/15 26/1/15 24/1/15
f 41/1/15 24/1/15 42/1/15
f 42/1/15 24/1/15 22/1/15
f 42/1/15 22/1/15 43/1/15
f 43/1/15 22/1/15 20/1/15
f 43/1/15 20/1/15 44/1/15
f 44/1/15 20/1/15 18/1/15
f 44/1/15 18/1/15 45/1/15
f 45/1/15 18/1/15 16/1/15
f 45/1/15 16/1/15 46/1/15
f 46/1/15 16/1/15 14/1/15
f 46/1/15 14/1/15 47/1/15
f 47/1/15 14/1/15 12/1/15
f 47/1/15 12/1/15 48/1/15
f 48/1/15 12/1/15 10/1/15
f 48/1/15 10/1/15 49/1/15
f 49/1/15 10/1/15 8/1/15
f 49/1/15 8/1/15 50/1/15
f 50/1/15 8/1/15 6/1/15
f 50/1/15 6/1/15 51/1/15
f 51/1/15 6/1/15 4/1/15
f 51/1/15 4/1/15 52/1/15
f 52/1/15 4/1/15 2/1/15
f 2/1/16 1/1/16 52/1/16
f 52/1/16 1/1/16 27/1/16
f 53/1/13 54/1/13 55/1/13
f 55/1/13 54/1/13 56/1/13
f 55/1/13 56/1/13 57/1/13
f 57/1/13 56/1/13 58/1/13
f 57/1/13 58/1/13 59/1/13
f 59/1/13 58/1/13 53/1/13
f 53/1/13 58/1/13 60/1/13
f 53/1/13 60/1/13 54/1/13
f 61/1/17 62/1/17 53/1/17
f 53/1/17 62/1/17 59/1/17
f 62/1/18 63/1/18 59/1/18
f 59/1/18 63/1/18 57/1/18
f 63/1/19 64/1/19 57/1/19
f 57/1/19 64/1/19 55/1/19
f 64/1/20 61/1/20 55/1/20
f 55/1/20 61/1/20 53/1/20
f 65/1/13 66/1/13 67/1/13
f 67/1/13 66/1/13 68/1/13
f 67/1/13 68/1/13 69/1/13
f 69/1/13 70/1/13 67/1/13
f 67/1/13 70/1/13 71/1/13
f 67/1/13 71/1/13 72/1/13
f 72/1/13 73/1/13 67/1/13
f 67/1/13 73/1/13 74/1/13
f 67/1/13 74/1/13 75/1/13
f 75/1/13 76/1/13 67/1/13
f 67/1/13 76/1/13 77/1/13
f 67/1/13 77/1/13 78/1/13
f 78/1/13 79/1/13 67/1/13
f 67/1/13 79/1/13 80/1/13
f 67/1/13 80/1/13 81/1/13
f 81/1/13 82/1/13 67/1/13
f 67/1/13 82/1/13 83/1/13
f 67/1/13 83/1/13 84/1/13
f 84/1/13 85/1/13 67/1/13
f 67/1/13 85/1/13 86/1/13
f 67/1/13 86/1/13 87/1/13
f 87/1/13 88/1/13 67/1/13
f 67/1/13 88/1/13 89/1/13
f 67/1/13 89/1/13 90/1/13
f 90/1/13 91/1/13 92/1/13
f 92/1/13 91/1/13 93/1/13
f 92/1/13 93/1/13 94/1/13
f 94/1/13 95/1/13 92/1/13
f 92/1/13 95/1/13 96/1/13
f 92/1/13 96/1/13 97/1/13
f 97/1/13 98/1/13 92/1/13
f 92/1/13 98/1/13 99/1/13
f 92/1/13 99/1/13 100/1/13
f 100/1/13 101/1/13 92/1/13
f 92/1/13 101/1/13 102/1/13
f 92/1/13 102/1/13 103/1/13
f 103/1/13 104/1/13 92/1/13
f 92/1/13 104/1/13 105/1/13
f 92/1/13 105/1/13 106/1/13
f 106/1/13 107/1/13 92/1/13
f 92/1/13 107/1/13 108/1/13
f 92/1/13 108/1/13 109/1/13
f 109/1/13 110/1/13 92/1/13
f 92/1/13 110/1/13 111/1/13
f 92/1/13 111/1/13 112/1/13
f 112/1/13 113/1/13 92/1/13
f 92/1/13 113/1/13 114/1/13
f 92/1/13 114/1/13 115/1/13
f 115/1/13 116/1/13 117/1/13
f 117/1/13 116/1/13 118/1/13
f 117/1/13 118/1/13 119/1/13
f 119/1/13 120/1/13 117/1/13
f 117/1/13 120/1/13 121/1/13
f 117/1/13 121/1/13 122/1/13
f 122/1/13 123/1/13 117/1/13
f 117/1/13 123/1/13 124/1/13
f 117/1/13 124/1/13 125/1/13
f 125/1/13 126/1/13 117/1/13
f 117/1/13 126/1/13 127/1/13
f 117/1/13 127/1/13 128/1/13
f 128/1/13 129/1/13 117/1/13
f 117/1/13 129/1/13 130/1/13
f 117/1/13 130/1/13 131/1/13
f 131/1/13 132/1/13 117/1/13
f 117/1/13 132/1/13 133/1/13
f 117/1/13 133/1/13 134/1/13
f 134/1/13 135/1/13 117/1/13
f 117/1/13 135/1/13 136/1/13
f 117/1/13 136/1/13 137/1/13
f 137/1/13 138/1/13 117/1/13
f 117/1/13 138/1/13 139/1/13
f 117/1/13 139/1/13 140/1/13
f 140/1/13 141/1/13 142/1/13
f 142/1/13 141/1/13 143/1/13
f 142/1/13 143/1/13 144/1/13
f 144/1/13 145/1/13 142/1/13
f 142/1/13 145/1/13 146/1/13
f 142/1/13 146/1/13 147/1/13
f 147/1/13 148/1/13 142/1/13
f 142/1/13 148/1/13 149/1/13
f 142/1/13 149/1/13 150/1/13
f 150/1/13 151/1/13 142/1/13
f 142/1/13 151/1/13 152/1/13
f 142/1/13 152/1/13 153/1/13
f 153/1/13 154/1/13 142/1/13
f 142/1/13 154/1/13 155/1/13
f 142/1/13 155/1/13 156/1/13
f 156/1/13 157/1/13 142/1/13
f 142/1/13 157/1/13 158/1/13
f 142/1/13 158/1/13 159/1/13
f 159/1/13 160/1/13 142/1/13
f 142/1/13 160/1/13 161/1/13
f 142/1/13 161/1/13 162/1/13
f 162/1/13 163/1/13 142/1/13
f 142/1/13 163/1/13 164/1/13
f 142/1/13 164/1/13 65/1/13
f 117/1/17 60/1/17 115/1/17
f 115/1/17 60/1/17 58/1/17
f 115/1/17 58/1/17 92/1/17
f 92/1/18 58/1/18 90/1/18
f 90/1/18 58/1/18 56/1/18
f 90/1/18 56/1/18 67/1/18
f 67/1/19 56/1/19 65/1/19
f 65/1/19 56/1/19 54/1/19
f 65/1/19 54/1/19 142/1/19
f 142/1/20 54/1/20 140/1/20
f 140/1/20 54/1/20 60/1/20
f 140/1/20 60/1/20 117/1/20
f 165/1/21 166/1/21 167/1/21
f 167/1/21 166/1/21 168/1/21
f 167/1/22 168/1/22 169/1/22
f 169/1/22 168/1/22 170/1/22
f 169/1/23 170/1/23 171/1/23
f 171/1/23 170/1/23 172/1/23
f 171/1/24 172/1/24 173/1/24
f 173/1/24 172/1/24 174/1/24
f 173/1/25 174/1/25 175/1/25
f 175/1/25 174/1/25 176/1/25
f 175/1/26 176/1/26 177/1/26
f 177/1/26 176/1/26 178/1/26
f 177/1/27 178/1/27 179/1/27
f 179/1/27 178/1/27 180/1/27
f 179/1/28 180/1/28 181/1/28
f 181/1/28 180/1/28 182/1/28
f 181/1/29 182/1/29 183/1/29
f 183/1/29 182/1/29 184/1/29
f 183/1/30 184/1/30 185/1/30
f 185/1/30 184/1/30 186/1/30
f 185/1/31 186/1/31 187/1/31
f 187/1/31 186/1/31 188/1/31
f 187/1/32 188/1/32 189/1/32
f 189/1/32 188/1/32 190/1/32
f 189/1/33 190/1/33 191/1/33
f 191/1/33 190/1/33 192/1/33
f 191/1/34 192/1/34 193/1/34
f 193/1/34 192/1/34 194/1/34
f 193/1/35 194/1/35 195/1/35
f 195/1/35 194/1/35 196/1/35
f 195/1/36 196/1/36 197/1/36
f 197/1/37 196/1/37 198/1/37
f 197/1/38 198/1/38 199/1/38
f 199/1/38 198/1/38 200/1/38
f 199/1/39 200/1/39 201/1/39
f 201/1/39 200/1/39 202/1/39
f 201/1/40 202/1/40 203/1/40
f 203/1/40 202/1/40 204/1/40
f 203/1/41 204/1/41 205/1/41
f 205/1/41 204/1/41 206/1/41
f 205/1/42 206/1/42 207/1/42
f 207/1/42 206/1/42 208/1/42
f 207/1/43 208/1/43 209/1/43
f 209/1/43 208/1/43 210/1/43
f 209/1/44 210/1/44 211/1/44
f 211/1/44 210/1/44 212/1/44
f 211/1/45 212/1/45 213/1/45
f 213/1/45 212/1/45 214/1/45
f 213/1/46 214/1/46 215/1/46
f 215/1/46 214/1/46 216/1/46
f 215/1/47 216/1/47 217/1/47
f 217/1/47 216/1/47 218/1/47
f 217/1/48 218/1/48 219/1/48
f 219/1/48 218/1/48 220/1/48
f 219/1/49 220/1/49 221/1/49
f 221/1/49 220/1/49 222/1/49
f 221/1/50 222/1/50 223/1/50
f 223/1/50 222/1/50 224/1/50
f 223/1/51 224/1/51 225/1/51
f 225/1/51 224/1/51 226/1/51
f 225/1/52 226/1/52 227/1/52
f 227/1/52 226/1/52 228/1/52
f 227/1/53 228/1/53 229/1/53
f 229/1/53 228/1/53 230/1/53
f 229/1/54 230/1/54 231/1/54
f 231/1/54 230/1/54 232/1/54
f 231/1/55 232/1/55 233/1/55
f 233/1/55 232/1/55 234/1/55
f 233/1/56 234/1/56 235/1/56
f 235/1/56 234/1/56 236/1/56
f 235/1/57 236/1/57 237/1/57
f 237/1/58 236/1/58 238/1/58
f 237/1/59 238/1/59 239/1/59
f 239/1/59 238/1/59 240/1/59
f 239/1/60 240/1/60 241/1/60
f 241/1/60 240/1/60 242/1/60
f 241/1/61 242/1/61 243/1/61
f 243/1/61 242/1/61 244/1/61
f 243/1/62 244/1/62 245/1/62
f 245/1/62 244/1/62 246/1/62
f 245/1/63 246/1/63 247/1/63
f 247/1/63 246/1/63 248/1/63
f 247/1/64 248/1/64 249/1/64
f 249/1/64 248/1/64 250/1/64
f 249/1/65 250/1/65 251/1/65
f 251/1/65 250/1/65 252/1/65
f 251/1/66 252/1/66 253/1/66
f 253/1/66 252/1/66 254/1/66
f 253/1/67 254/1/67 255/1/67
f 255/1/67 254/1/67 256/1/67
f 255/1/68 256/1/68 257/1/68
f 257/1/68 256/1/68 258/1/68
f 257/1/69 258/1/69 259/1/69
f 259/1/69 258/1/69 260/1/69
f 259/1/70 260/1/70 261/1/70
f 261/1/70 260/1/70 262/1/70
f 261/1/71 262/1/71 263/1/71
f 263/1/71 262/1/71 264/1/71
f 263/1/72 264/1/72 265/1/72
f 265/1/72 264/1/72 266/1/72
f 265/1/73 266/1/73 267/1/73
f 267/1/73 266/1/73 268/1/73
f 267/1/74 268/1/74 269/1/74
f 269/1/74 268/1/74 270/1/74
f 269/1/75 270/1/75 271/1/75
f 271/1/75 270/1/75 272/1/75
f 271/1/76 272/1/76 273/1/76
f 273/1/76 272/1/76 274/1/76
f 273/1/77 274/1/77 275/1/77
f 275/1/77 274/1/77 276/1/77
f 275/1/78 276/1/78 277/1/78
f 277/1/78 276/1/78 278/1/78
f 277/1/16 278/1/16 279/1/16
f 279/1/16 278/1/16 280/1/16
f 279/1/79 280/1/79 281/1/79
f 281/1/79 280/1/79 282/1/79
f 281/1/80 282/1/80 283/1/80
f 283/1/80 282/1/80 284/1/80
f 283/1/81 284/1/81 285/1/81
f 285/1/81 284/1/81 286/1/81
f 285/1/82 286/1/82 287/1/82
f 287/1/82 286/1/82 288/1/82
f 287/1/83 288/1/83 289/1/83
f 289/1/83 288/1/83 290/1/83
f 289/1/84 290/1/84 291/1/84
f 291/1/84 290/1/84 292/1/84
f 291/1/85 292/1/85 293/1/85
f 293/1/85 292/1/85 294/1/85
f 293/1/86 294/1/86 295/1/86
f 295/1/86 294/1/86 296/1/86
f 295/1/87 296/1/87 297/1/87
f 297/1/87 296/1/87 298/1/87
f 297/1/88 298/1/88 299/1/88
f 299/1/88 298/1/88 300/1/88
f 299/1/89 300/1/89 301/1/89
f 301/1/89 300/1/89 302/1/89
f 301/1/90 302/1/90 303/1/90
f 303/1/90 302/1/90 304/1/90
f 303/1/91 304/1/91 305/1/91
f 305/1/91 304/1/91 306/1/91
f 305/1/92 306/1/92 307/1/92
f 307/1/92 306/1/92 308/1/92
f 307/1/93 308/1/93 309/1/93
f 309/1/93 308/1/93 310/1/93
f 309/1/94 310/1/94 311/1/94
f 311/1/94 310/1/94 312/1/94
f 311/1/95 312/1/95 313/1/95
f 313/1/95 312/1/95 314/1/95
f 313/1/96 314/1/96 315/1/96
f 315/1/96 314/1/96 316/1/96
f 315/1/97 316/1/97 317/1/97
f 317/1/97 316/1/97 318/1/97
f 317/1/98 318/1/98 319/1/98
f 319/1/98 318/1/98 320/1/98
f 319/1/99 320/1/99 321/1/99
f 321/1/100 320/1/100 322/1/100
f 321/1/101 322/1/101 323/1/101
f 323/1/101 322/1/101 324/1/101
f 323/1/102 324/1/102 325/1/102
f 325/1/102 324/1/102 326/1/102
f 325/1/103 326/1/103 327/1/103
f 327/1/103 326/1/103 328/1/103
f 327/1/104 328/1/104 329/1/104
f 329/1/104 328/1/104 330/1/104
f 329/1/105 330/1/105 331/1/105
f 331/1/105 330/1/105 332/1/105
f 331/1/106 332/1/106 333/1/106
f 333/1/106 332/1/106 334/1/106
f 333/1/107 334/1/107 335/1/107
f 335/1/107 334/1/107 336/1/107
f 335/1/108 336/1/108 337/1/108
f 337/1/108 336/1/108 338/1/108
f 337/1/109 338/1/109 339/1/109
f 339/1/109 338/1/109 340/1/109
f 339/1/110 340/1/110 341/1/110
f 341/1/110 340/1/110 342/1/110
f 341/1/111 342/1/111 343/1/111
f 343/1/111 342/1/111 344/1/111
f 343/1/112 344/1/112 345/1/112
f 345/1/112 344/1/112 346/1/112
f 345/1/113 346/1/113 347/1/113
f 347/1/113 346/1/113 348/1/113
f 347/1/114 348/1/114 349/1/114
f 349/1/114 348/1/114 350/1/114
f 349/1/115 350/1/115 351/1/115
f 351/1/115 350/1/115 352/1/115
f 351/1/116 352/1/116 353/1/116
f 353/1/116 352/1/116 354/1/116
f 353/1/117 354/1/117 355/1/117
f 355/1/117 354/1/117 356/1/117
f 355/1/118 356/1/118 357/1/118
f 357/1/118 356/1/118 358/1/118
f 357/1/119 358/1/119 359/1/119
f 359/1/119 358/1/119 360/1/119
f 359/1/120 360/1/120 361/1/120
f 361/1/121 360/1/121 362/1/121
f 361/1/122 362/1/122 363/1/122
f 363/1/122 362/1/122 364/1/122
f 363/1/123 364/1/123 365/1/123
f 365/1/123 364/1/123 366/1/123
f 365/1/124 366/1/124 367/1/124
f 367/1/124 366/1/124 368/1/124
f 367/1/125 368/1/125 369/1/125
f 369/1/125 368/1/125 370/1/125
f 369/1/126 370/1/126 371/1/126
f 371/1/126 370/1/126 372/1/126
f 371/1/127 372/1/127 373/1/127
f 373/1/127 372/1/127 374/1/127
f 373/1/128 374/1/128 375/1/128
f 375/1/128 374/1/128 376/1/128
f 375/1/129 376/1/129 377/1/129
f 377/1/129 376/1/129 378/1/129
f 377/1/130 378/1/130 379/1/130
f 379/1/130 378/1/130 380/1/130
f 379/1/131 380/1/131 381/1/131
f 381/1/131 380/1/131 382/1/131
f 381/1/132 382/1/132 383/1/132
f 383/1/132 382/1/132 384/1/132
f 383/1/133 384/1/133 385/1/133
f 385/1/133 384/1/133 386/1/133
f 385/1/134 386/1/134 165/1/134
f 165/1/134 386/1/134 166/1/134
f 387/1/15 165/1/15 388/1/15
f 388/1/15 165/1/15 167/1/15
f 388/1/15 167/1/15 169/1/15
f 165/1/15 387/1/15 385/1/15
f 385/1/15 387/1/15 389/1/15
f 385/1/15 389/1/15 383/1/15
f 383/1/15 389/1/15 390/1/15
f 383/1/15 390/1/15 381/1/15
f 381/1/15 390/1/15 391/1/15
f 381/1/15 391/1/15 379/1/15
f 379/1/15 391/1/15 392/1/15
f 379/1/15 392/1/15 377/1/15
f 377/1/15 392/1/15 393/1/15
f 377/1/15 393/1/15 375/1/15
f 375/1/15 393/1/15 373/1/15
f 373/1/15 393/1/15 394/1/15
f 373/1/15 394/1/15 371/1/15
f 371/1/15 394/1/15 395/1/15
f 371/1/15 395/1/15 369/1/15
f 369/1/15 395/1/15 396/1/15
f 369/1/15 396/1/15 367/1/15
f 367/1/15 396/1/15 397/1/15
f 367/1/15 397/1/15 365/1/15
f 365/1/15 397/1/15 398/1/15
f 365/1/15 398/1/15 363/1/15
f 363/1/15 398/1/15 399/1/15
f 363/1/15 399/1/15 361/1/15
f 361/1/15 399/1/15 359/1/15
f 359/1/15 399/1/15 400/1/15
f 359/1/15 400/1/15 357/1/15
f 357/1/15 400/1/15 401/1/15
f 357/1/15 401/1/15 355/1/15
f 355/1/15 401/1/15 402/1/15
f 355/1/15 402/1/15 353/1/15
f 353/1/15 402/1/15 403/1/15
f 353/1/15 403/1/15 351/1/15
f 351/1/15 403/1/15 404/1/15
f 351/1/15 404/1/15 349/1/15
f 349/1/15 404/1/15 405/1/15
f 349/1/15 405/1/15 347/1/15
f 347/1/15 405/1/15 345/1/15
f 345/1/15 405/1/15 406/1/15
f 345/1/15 406/1/15 343/1/15
f 343/1/15 406/1/15 407/1/15
f 343/1/15 407/1/15 341/1/15
f 341/1/15 407/1/15 408/1/15
f 341/1/15 408/1/15 339/1/15
f 339/1/15 408/1/15 409/1/15
f 339/1/15 409/1/15 337/1/15
f 337/1/15 409/1/15 410/1/15
f 337/1/15 410/1/15 335/1/15
f 335/1/15 410/1/15 411/1/15
f 335/1/15 411/1/15 333/1/15
f 333/1/15 411/1/15 331/1/15
f 331/1/15 411/1/15 412/1/15
f 331/1/15 412/1/15 329/1/15
f 329/1/15 412/1/15 413/1/15
f 329/1/15 413/1/15 327/1/15
f 327/1/15 413/1/15 414/1/15
f 327/1/15 414/1/15 325/1/15
f 325/1/15 414/1/15 415/1/15
f 325/1/15 415/1/15 323/1/15
f 323/1/15 415/1/15 416/1/15
f 323/1/15 416/1/15 321/1/15
f 321/1/15 416/1/15 417/1/15
f 321/1/15 417/1/15 319/1/15
f 319/1/15 417/1/15 317/1/15
f 317/1/15 417/1/15 418/1/15
f 317/1/15 418/1/15 315/1/15
f 315/1/15 418/1/15 419/1/15
f 315/1/15 419/1/15 313/1/15
f 313/1/15 419/1/15 420/1/15
f 313/1/15 420/1/15 311/1/15
f 311/1/15 420/1/15 421/1/15
f 311/1/15 421/1/15 309/1/15
f 309/1/15 421/1/15 422/1/15
f 309/1/15 422/1/15 307/1/15
f 307/1/15 422/1/15 423/1/15
f 307/1/15 423/1/15 305/1/15
f 305/1/15 423/1/15 303/1/15
f 303/1/15 423/1/15 424/1/15
f 303/1/15 424/1/15 301/1/15
f 301/1/15 424/1/15 425/1/15
f 301/1/15 425/1/15 299/1/15
f 299/1/15 425/1/15 426/1/15
f 299/1/15 426/1/15 297/1/15
f 297/1/15 426/1/15 427/1/15
f 297/1/15 427/1/15 295/1/15
f 295/1/15 427/1/15 428/1/15
f 295/1/15 428/1/15 293/1/15
f 293/1/15 428/1/15 429/1/15
f 293/1/15 429/1/15 291/1/15
f 291/1/15 429/1/15 289/1/15
f 289/1/15 429/1/15 430/1/15
f 289/1/15 430/1/15 287/1/15
f 287/1/15 430/1/15 431/1/15
f 287/1/15 431/1/15 285/1/15
f 285/1/15 431/1/15 432/1/15
f 285/1/15 432/1/15 283/1/15
f 283/1/15 432/1/15 433/1/15
f 283/1/15 433/1/15 281/1/15
f 281/1/15 433/1/15 434/1/15
f 281/1/15 434/1/15 279/1/15
f 279/1/15 434/1/15 277/1/15
f 277/1/15 434/1/15 435/1/15
f 277/1/15 435/1/15 275/1/15
f 275/1/15 435/1/15 436/1/15
f 275/1/15 436/1/15 273/1/15
f 273/1/15 436/1/15 437/1/15
f 273/1/15 437/1/15 271/1/15
f 271/1/15 437/1/15 438/1/15
f 271/1/15 438/1/15 269/1/15
f 269/1/15 438/1/15 439/1/15
f 269/1/15 439/1/15 267/1/15
f 267/1/15 439/1/15 440/1/15
f 267/1/15 440/1/15 265/1/15
f 265/1/15 440/1/15 263/1/15
f 263/1/15 440/1/15 441/1/15
f 263/1/15 441/1/15 261/1/15
f 261/1/15 441/1/15 442/1/15
f 261/1/15 442/1/15 259/1/15
f 259/1/15 442/1/15 443/1/15
f 259/1/15 443/1/15 257/1/15
f 257/1/15 443/1/15 444/1/15
f 257/1/15 444/1/15 255/1/15
f 255/1/15 444/1/15 445/1/15
f 255/1/15 445/1/15 253/1/15
f 253/1/15 445/1/15 446/1/15
f 253/1/15 446/1/15 251/1/15
f 251/1/15 446/1/15 249/1/15
f 249/1/15 446/1/15 447/1/15
f 249/1/15 447/1/15 247/1/15
f 247/1/15 447/1/15 448/1/15
f 247/1/15 448/1/15 245/1/15
f 245/1/15 448/1/15 449/1/15
f 245/1/15 449/1/15 243/1/15
f 243/1/15 449/1/15 450/1/15
f 243/1/15 450/1/15 241/1/15
f 241/1/15 450/1/15 451/1/15
f 241/1/15 451/1/15 239/1/15
f 239/1/15 451/1/15 452/1/15
f 239/1/15 452/1/15 237/1/15
f 237/1/15 452/1/15 235/1/15
f 235/1/15 452/1/15 453/1/15
f 235/1/15 453/1/15 233/1/15
f 233/1/15 453/1/15 454/1/15
f 233/1/15 454/1/15 231/1/15
f 231/1/15 454/1/15 455/1/15
f 231/1/15 455/1/15 229/1/15
f 229/1/15 455/1/15 456/1/15
f 229/1/15 456/1/15 227/1/15
f 227/1/15 456/1/15 457/1/15
f 227/1/15 457/1/15 225/1/15
f 225/1/15 457/1/15 458/1/15
f 225/1/15 458/1/15 223/1/15
f 223/1/15 458/1/15 221/1/15
f 221/1/15 458/1/15 459/1/15
f 221/1/15 459/1/15 219/1/15
f 219/1/15 459/1/15 460/1/15
f 219/1/15 460/1/15 217/1/15
f 217/1/15 460/1/15 461/1/15
f 217/1/15 461/1/15 215/1/15
f 215/1/15 461/1/15 462/1/15
f 215/1/15 462/1/15 213/1/15
f 213/1/15 462/1/15 463/1/15
f 213/1/15 463/1/15 211/1/15
f 211/1/15 463/1/15 464/1/15
f 211/1/15 464/1/15 209/1/15
f 209/1/15 464/1/15 207/1/15
f 207/1/15 464/1/15 465/1/15
f 207/1/15 465/1/15 205/1/15
f 205/1/15 465/1/15 466/1/15
f 205/1/15 466/1/15 203/1/15
f 203/1/15 466/1/15 467/1/15
f 203/1/15 467/1/15 201/1/15
f 201/1/15 467/1/15 468/1/15
f 201/1/15 468/1/15 199/1/15
f 199/1/15 468/1/15 469/1/15
f 199/1/15 469/1/15 197/1/15
f 197/1/15 469/1/15 470/1/15
f 197/1/15 470/1/15 195/1/15
f 195/1/15 470/1/15 193/1/15
f 193/1/15 470/1/15 471/1/15
f 193/1/15 471/1/15 191/1/15
f 191/1/15 471/1/15 472/1/15
f 191/1/15 472/1/15 189/1/15
f 189/1/15 472/1/15 473/1/15
f 189/1/15 473/1/15 187/1/15
f 187/1/15 473/1/15 474/1/15
f 187/1/15 474/1/15 185/1/15
f 185/1/15 474/1/15 475/1/15
f 185/1/15 475/1/15 183/1/15
f 183/1/15 475/1/15 476/1/15
f 183/1/15 476/1/15 181/1/15
f 181/1/15 476/1/15 179/1/15
f 179/1/15 476/1/15 477/1/15
f 179/1/15 477/1/15 177/1/15
f 177/1/15 477/1/15 478/1/15
f 177/1/15 478/1/15 175/1/15
f 175/1/15 478/1/15 479/1/15
f 175/1/15 479/1/15 173/1/15
f 173/1/15 479/1/15 480/1/15
f 173/1/15 480/1/15 171/1/15
f 171/1/15 480/1/15 481/1/15
f 171/1/15 481/1/15 169/1/15
f 169/1/15 481/1/15 388/1/15
f 40/1/135 482/1/135 39/1/135
f 39/1/136 482/1/136 483/1/136
f 39/1/137 483/1/137 38/1/137
f 38/1/138 483/1/138 484/1/138
f 38/1/2 484/1/2 37/1/2
f 37/1/3 484/1/3 36/1/3
f 36/1/139 484/1/139 485/1/139
f 36/1/140 485/1/140 35/1/140
f 35/1/141 485/1/141 486/1/141
f 35/1/142 486/1/142 34/1/142
f 34/1/143 486/1/143 487/1/143
f 34/1/144 487/1/144 33/1/144
f 33/1/145 487/1/145 488/1/145
f 33/1/146 488/1/146 32/1/146
f 32/1/147 488/1/147 489/1/147
f 32/1/148 489/1/148 31/1/148
f 31/1/149 489/1/149 490/1/149
f 31/1/150 490/1/150 30/1/150
f 30/1/151 490/1/151 491/1/151
f 30/1/152 491/1/152 29/1/152
f 29/1/153 491/1/153 492/1/153
f 29/1/154 492/1/154 28/1/154
f 28/1/155 492/1/155 493/1/155
f 28/1/156 493/1/156 27/1/156
f 27/1/157 493/1/157 494/1/157
f 27/1/158 494/1/158 495/1/158
f 495/1/159 494/1/159 496/1/159
f 495/1/159 496/1/159 497/1/159
f 497/1/160 496/1/160 498/1/160
f 497/1/161 498/1/161 99/1/161
f 99/1/162 498/1/162 100/1/162
f 100/1/163 498/1/163 499/1/163
f 100/1/164 499/1/164 101/1/164
f 101/1/165 499/1/165 500/1/165
f 101/1/166 500/1/166 102/1/166
f 102/1/167 500/1/167 501/1/167
f 102/1/168 501/1/168 103/1/168
f 103/1/169 501/1/169 502/1/169
f 103/1/170 502/1/170 104/1/170
f 104/1/171 502/1/171 503/1/171
f 104/1/172 503/1/172 105/1/172
f 105/1/173 503/1/173 504/1/173
f 105/1/174 504/1/174 106/1/174
f 106/1/175 504/1/175 505/1/175
f 106/1/176 505/1/176 107/1/176
f 107/1/177 505/1/177 506/1/177
f 107/1/178 506/1/178 108/1/178
f 108/1/179 506/1/179 507/1/179
f 108/1/180 507/1/180 109/1/180
f 109/1/181 507/1/181 508/1/181
f 109/1/182 508/1/182 110/1/182
f 110/1/183 508/1/183 509/1/183
f 110/1/184 509/1/184 111/1/184
f 111/1/185 509/1/185 510/1/185
f 111/1/186 510/1/186 112/1/186
f 112/1/187 510/1/187 511/1/187
f 112/1/188 511/1/188 113/1/188
f 113/1/189 511/1/189 512/1/189
f 113/1/190 512/1/190 114/1/190
f 114/1/191 512/1/191 513/1/191
f 114/1/192 513/1/192 115/1/192
f 115/1/193 513/1/193 514/1/193
f 115/1/194 514/1/194 116/1/194
f 116/1/195 514/1/195 515/1/195
f 116/1/196 515/1/196 118/1/196
f 118/1/197 515/1/197 516/1/197
f 118/1/198 516/1/198 119/1/198
f 119/1/199 516/1/199 517/1/199
f 119/1/200 517/1/200 120/1/200
f 120/1/201 517/1/201 518/1/201
f 120/1/202 518/1/202 121/1/202
f 121/1/203 518/1/203 519/1/203
f 121/1/204 519/1/204 122/1/204
f 122/1/205 519/1/205 520/1/205
f 122/1/206 520/1/206 123/1/206
f 123/1/207 520/1/207 521/1/207
f 123/1/208 521/1/208 124/1/208
f 124/1/209 521/1/209 522/1/209
f 124/1/210 522/1/210 125/1/210
f 125/1/211 522/1/211 523/1/211
f 125/1/212 523/1/212 126/1/212
f 126/1/213 523/1/213 524/1/213
f 126/1/214 524/1/214 127/1/214
f 127/1/215 524/1/215 525/1/215
f 127/1/216 525/1/216 128/1/216
f 128/1/217 525/1/217 526/1/217
f 128/1/218 526/1/218 129/1/218
f 129/1/219 526/1/219 527/1/219
f 129/1/220 527/1/220 130/1/220
f 130/1/221 527/1/221 528/1/221
f 130/1/222 528/1/222 131/1/222
f 131/1/223 528/1/223 529/1/223
f 131/1/224 529/1/224 132/1/224
f 132/1/225 529/1/225 530/1/225
f 132/1/226 530/1/226 133/1/226
f 133/1/227 530/1/227 531/1/227
f 133/1/228 531/1/228 134/1/228
f 134/1/229 531/1/229 532/1/229
f 134/1/230 532/1/230 135/1/230
f 135/1/231 532/1/231 533/1/231
f 135/1/232 533/1/232 136/1/232
f 136/1/233 533/1/233 534/1/233
f 136/1/234 534/1/234 137/1/234
f 137/1/235 534/1/235 535/1/235
f 137/1/236 535/1/236 138/1/236
f 138/1/237 535/1/237 536/1/237
f 138/1/238 536/1/238 139/1/238
f 139/1/239 536/1/239 537/1/239
f 139/1/240 537/1/240 140/1/240
f 140/1/241 537/1/241 538/1/241
f 140/1/242 538/1/242 141/1/242
f 141/1/243 538/1/243 539/1/243
f 141/1/244 539/1/244 143/1/244
f 143/1/245 539/1/245 540/1/245
f 143/1/246 540/1/246 144/1/246
f 144/1/247 540/1/247 541/1/247
f 144/1/248 541/1/248 145/1/248
f 145/1/249 541/1/249 542/1/249
f 145/1/250 542/1/250 146/1/250
f 146/1/251 542/1/251 543/1/251
f 146/1/252 543/1/252 147/1/252
f 147/1/253 543/1/253 544/1/253
f 147/1/254 544/1/254 148/1/254
f 148/1/255 544/1/255 545/1/255
f 148/1/256 545/1/256 149/1/256
f 149/1/257 545/1/257 546/1/257
f 149/1/258 546/1/258 150/1/258
f 150/1/259 546/1/259 547/1/259
f 150/1/260 547/1/260 151/1/260
f 151/1/261 547/1/261 548/1/261
f 151/1/262 548/1/262 152/1/262
f 152/1/263 548/1/263 549/1/263
f 152/1/264 549/1/264 153/1/264
f 153/1/265 549/1/265 550/1/265
f 153/1/266 550/1/266 154/1/266
f 154/1/267 550/1/267 551/1/267
f 154/1/268 551/1/268 155/1/268
f 155/1/269 551/1/269 552/1/269
f 155/1/270 552/1/270 156/1/270
f 156/1/271 552/1/271 553/1/271
f 156/1/272 553/1/272 157/1/272
f 157/1/273 553/1/273 554/1/273
f 157/1/274 554/1/274 158/1/274
f 158/1/275 554/1/275 555/1/275
f 158/1/276 555/1/276 159/1/276
f 159/1/277 555/1/277 556/1/277
f 159/1/278 556/1/278 160/1/278
f 160/1/279 556/1/279 557/1/279
f 160/1/280 557/1/280 161/1/280
f 161/1/281 557/1/281 558/1/281
f 161/1/282 558/1/282 162/1/282
f 162/1/283 558/1/283 559/1/283
f 162/1/284 559/1/284 163/1/284
f 163/1/285 559/1/285 560/1/285
f 163/1/286 560/1/286 164/1/286
f 164/1/287 560/1/287 561/1/287
f 164/1/288 561/1/288 65/1/288
f 65/1/289 561/1/289 66/1/289
f 66/1/290 561/1/290 562/1/290
f 66/1/291 562/1/291 68/1/291
f 68/1/292 562/1/292 563/1/292
f 68/1/293 563/1/293 69/1/293
f 69/1/294 563/1/294 564/1/294
f 69/1/295 564/1/295 70/1/295
f 70/1/296 564/1/296 565/1/296
f 70/1/297 565/1/297 71/1/297
f 71/1/298 565/1/298 566/1/298
f 71/1/299 566/1/299 72/1/299
f 72/1/300 566/1/300 567/1/300
f 72/1/301 567/1/301 73/1/301
f 73/1/302 567/1/302 568/1/302
f 73/1/303 568/1/303 74/1/303
f 74/1/304 568/1/304 569/1/304
f 74/1/305 569/1/305 75/1/305
f 75/1/306 569/1/306 570/1/306
f 75/1/307 570/1/307 76/1/307
f 76/1/308 570/1/308 571/1/308
f 76/1/309 571/1/309 77/1/309
f 77/1/310 571/1/310 572/1/310
f 77/1/311 572/1/311 78/1/311
f 78/1/312 572/1/312 573/1/312
f 78/1/313 573/1/313 79/1/313
f 79/1/314 573/1/314 574/1/314
f 79/1/315 574/1/315 80/1/315
f 80/1/316 574/1/316 575/1/316
f 80/1/317 575/1/317 81/1/317
f 81/1/318 575/1/318 576/1/318
f 81/1/319 576/1/319 82/1/319
f 82/1/320 576/1/320 577/1/320
f 82/1/321 577/1/321 83/1/321
f 83/1/322 577/1/322 578/1/322
f 83/1/323 578/1/323 84/1/323
f 84/1/324 578/1/324 579/1/324
f 84/1/325 579/1/325 580/1/325
f 580/1/326 579/1/326 581/1/326
f 580/1/326 581/1/326 482/1/326
f 482/1/327 581/1/327 582/1/327
f 482/1/327 582/1/327 583/1/327
f 583/1/328 582/1/328 584/1/328
f 583/1/328 584/1/328 466/1/328
f 466/1/329 584/1/329 467/1/329
f 467/1/329 584/1/329 585/1/329
f 467/1/330 585/1/330 468/1/330
f 468/1/330 585/1/330 586/1/330
f 468/1/331 586/1/331 469/1/331
f 469/1/331 586/1/331 587/1/331
f 469/1/332 587/1/332 470/1/332
f 470/1/332 587/1/332 588/1/332
f 470/1/333 588/1/333 471/1/333
f 471/1/334 588/1/334 589/1/334
f 471/1/335 589/1/335 472/1/335
f 472/1/336 589/1/336 590/1/336
f 472/1/337 590/1/337 473/1/337
f 473/1/337 590/1/337 591/1/337
f 473/1/338 591/1/338 474/1/338
f 474/1/338 591/1/338 592/1/338
f 474/1/339 592/1/339 475/1/339
f 475/1/340 592/1/340 593/1/340
f 475/1/341 593/1/341 476/1/341
f 476/1/341 593/1/341 594/1/341
f 476/1/342 594/1/342 477/1/342
f 477/1/342 594/1/342 595/1/342
f 477/1/343 595/1/343 478/1/343
f 478/1/344 595/1/344 596/1/344
f 478/1/345 596/1/345 479/1/345
f 479/1/345 596/1/345 597/1/345
f 479/1/294 597/1/294 480/1/294
f 480/1/294 597/1/294 598/1/294
f 480/1/292 598/1/292 481/1/292
f 481/1/346 598/1/346 599/1/346
f 481/1/290 599/1/290 388/1/290
f 388/1/347 599/1/347 600/1/347
f 388/1/348 600/1/348 387/1/348
f 387/1/287 600/1/287 601/1/287
f 387/1/349 601/1/349 389/1/349
f 389/1/285 601/1/285 602/1/285
f 389/1/283 602/1/283 390/1/283
f 390/1/283 602/1/283 603/1/283
f 390/1/350 603/1/350 391/1/350
f 391/1/350 603/1/350 604/1/350
f 391/1/351 604/1/351 392/1/351
f 392/1/352 604/1/352 605/1/352
f 392/1/353 605/1/353 393/1/353
f 393/1/353 605/1/353 606/1/353
f 393/1/354 606/1/354 394/1/354
f 394/1/354 606/1/354 607/1/354
f 394/1/355 607/1/355 395/1/355
f 395/1/356 607/1/356 608/1/356
f 395/1/357 608/1/357 396/1/357
f 396/1/357 608/1/357 609/1/357
f 396/1/358 609/1/358 397/1/358
f 397/1/358 609/1/358 610/1/358
f 397/1/359 610/1/359 398/1/359
f 398/1/359 610/1/359 611/1/359
f 398/1/360 611/1/360 399/1/360
f 399/1/361 611/1/361 612/1/361
f 399/1/362 612/1/362 400/1/362
f 400/1/362 612/1/362 613/1/362
f 400/1/363 613/1/363 401/1/363
f 401/1/363 613/1/363 614/1/363
f 401/1/364 614/1/364 402/1/364
f 402/1/364 614/1/364 615/1/364
f 402/1/365 615/1/365 403/1/365
f 403/1/365 615/1/365 616/1/365
f 403/1/366 616/1/366 404/1/366
f 404/1/366 616/1/366 617/1/366
f 404/1/367 617/1/367 405/1/367
f 405/1/367 617/1/367 618/1/367
f 405/1/368 618/1/368 406/1/368
f 406/1/368 618/1/368 619/1/368
f 406/1/369 619/1/369 407/1/369
f 407/1/369 619/1/369 620/1/369
f 407/1/370 620/1/370 408/1/370
f 408/1/370 620/1/370 621/1/370
f 408/1/371 621/1/371 409/1/371
f 409/1/371 621/1/371 622/1/371
f 409/1/372 622/1/372 410/1/372
f 410/1/372 622/1/372 623/1/372
f 410/1/373 623/1/373 411/1/373
f 411/1/373 623/1/373 624/1/373
f 411/1/374 624/1/374 412/1/374
f 412/1/374 624/1/374 625/1/374
f 412/1/375 625/1/375 413/1/375
f 413/1/375 625/1/375 626/1/375
f 413/1/376 626/1/376 414/1/376
f 414/1/376 626/1/376 627/1/376
f 414/1/377 627/1/377 415/1/377
f 415/1/377 627/1/377 628/1/377
f 415/1/378 628/1/378 416/1/378
f 416/1/378 628/1/378 629/1/378
f 416/1/379 629/1/379 417/1/379
f 417/1/379 629/1/379 630/1/379
f 417/1/380 630/1/380 418/1/380
f 418/1/380 630/1/380 631/1/380
f 418/1/381 631/1/381 419/1/381
f 419/1/381 631/1/381 632/1/381
f 419/1/382 632/1/382 420/1/382
f 420/1/382 632/1/382 633/1/382
f 420/1/383 633/1/383 421/1/383
f 421/1/383 633/1/383 634/1/383
f 421/1/384 634/1/384 422/1/384
f 422/1/384 634/1/384 635/1/384
f 422/1/385 635/1/385 423/1/385
f 423/1/385 635/1/385 636/1/385
f 423/1/386 636/1/386 424/1/386
f 424/1/386 636/1/386 637/1/386
f 424/1/387 637/1/387 425/1/387
f 425/1/387 637/1/387 638/1/387
f 425/1/388 638/1/388 426/1/388
f 426/1/388 638/1/388 639/1/388
f 426/1/389 639/1/389 427/1/389
f 427/1/389 639/1/389 640/1/389
f 427/1/390 640/1/390 428/1/390
f 428/1/390 640/1/390 641/1/390
f 428/1/391 641/1/391 429/1/391
f 429/1/391 641/1/391 642/1/391
f 429/1/392 642/1/392 430/1/392
f 430/1/392 642/1/392 643/1/392
f 430/1/393 643/1/393 431/1/393
f 431/1/393 643/1/393 644/1/393
f 431/1/394 644/1/394 432/1/394
f 432/1/394 644/1/394 645/1/394
f 432/1/395 645/1/395 433/1/395
f 433/1/395 645/1/395 646/1/395
f 433/1/396 646/1/396 434/1/396
f 434/1/396 646/1/396 647/1/396
f 434/1/16 647/1/16 435/1/16
f 435/1/16 647/1/16 648/1/16
f 435/1/397 648/1/397 436/1/397
f 436/1/397 648/1/397 649/1/397
f 436/1/398 649/1/398 437/1/398
f 437/1/398 649/1/398 650/1/398
f 437/1/399 650/1/399 438/1/399
f 438/1/399 650/1/399 651/1/399
f 438/1/400 651/1/400 439/1/400
f 439/1/400 651/1/400 652/1/400
f 439/1/401 652/1/401 440/1/401
f 440/1/401 652/1/401 653/1/401
f 440/1/402 653/1/402 441/1/402
f 441/1/402 653/1/402 654/1/402
f 441/1/403 654/1/403 442/1/403
f 442/1/403 654/1/403 655/1/403
f 442/1/404 655/1/404 443/1/404
f 443/1/404 655/1/404 656/1/404
f 443/1/405 656/1/405 444/1/405
f 444/1/405 656/1/405 657/1/405
f 444/1/406 657/1/406 445/1/406
f 445/1/406 657/1/406 658/1/406
f 445/1/407 658/1/407 446/1/407
f 446/1/407 658/1/407 659/1/407
f 446/1/408 659/1/408 447/1/408
f 447/1/408 659/1/408 660/1/408
f 447/1/409 660/1/409 448/1/409
f 448/1/409 660/1/409 661/1/409
f 448/1/410 661/1/410 449/1/410
f 449/1/410 661/1/410 662/1/410
f 449/1/411 662/1/411 450/1/411
f 450/1/411 662/1/411 663/1/411
f 450/1/160 663/1/160 451/1/160
f 451/1/160 663/1/160 664/1/160
f 451/1/159 664/1/159 452/1/159
f 452/1/159 664/1/159 665/1/159
f 452/1/412 665/1/412 453/1/412
f 453/1/412 665/1/412 666/1/412
f 453/1/413 666/1/413 454/1/413
f 454/1/413 666/1/413 667/1/413
f 454/1/414 667/1/414 455/1/414
f 455/1/414 667/1/414 668/1/414
f 455/1/415 668/1/415 456/1/415
f 456/1/415 668/1/415 669/1/415
f 456/1/416 669/1/416 457/1/416
f 457/1/416 669/1/416 670/1/416
f 457/1/417 670/1/417 458/1/417
f 458/1/417 670/1/417 671/1/417
f 458/1/418 671/1/418 459/1/418
f 459/1/418 671/1/418 672/1/418
f 459/1/419 672/1/419 460/1/419
f 460/1/419 672/1/419 673/1/419
f 460/1/420 673/1/420 461/1/420
f 461/1/421 673/1/421 674/1/421
f 461/1/422 674/1/422 462/1/422
f 462/1/422 674/1/422 675/1/422
f 462/1/423 675/1/423 463/1/423
f 463/1/424 675/1/424 676/1/424
f 463/1/425 676/1/425 464/1/425
f 464/1/425 676/1/425 677/1/425
f 464/1/327 677/1/327 465/1/327
f 465/1/327 677/1/327 583/1/327
f 465/1/328 583/1/328 466/1/328
f 41/1/426 678/1/426 40/1/426
f 40/1/427 678/1/427 580/1/427
f 40/1/428 580/1/428 482/1/428
f 678/1/429 41/1/429 679/1/429
f 679/1/2 41/1/2 42/1/2
f 679/1/3 42/1/3 43/1/3
f 679/1/430 43/1/430 680/1/430
f 680/1/431 43/1/431 44/1/431
f 680/1/432 44/1/432 681/1/432
f 681/1/433 44/1/433 45/1/433
f 681/1/434 45/1/434 682/1/434
f 682/1/435 45/1/435 46/1/435
f 682/1/436 46/1/436 683/1/436
f 683/1/437 46/1/437 47/1/437
f 683/1/438 47/1/438 684/1/438
f 684/1/439 47/1/439 48/1/439
f 684/1/440 48/1/440 685/1/440
f 685/1/441 48/1/441 49/1/441
f 685/1/442 49/1/442 686/1/442
f 686/1/443 49/1/443 50/1/443
f 686/1/444 50/1/444 687/1/444
f 687/1/445 50/1/445 51/1/445
f 687/1/446 51/1/446 688/1/446
f 688/1/447 51/1/447 52/1/447
f 688/1/448 52/1/448 689/1/448
f 689/1/158 52/1/158 495/1/158
f 689/1/159 495/1/159 497/1/159
f 52/1/158 27/1/158 495/1/158
f 89/1/449 682/1/449 90/1/449
f 90/1/145 682/1/145 683/1/145
f 90/1/450 683/1/450 91/1/450
f 91/1/147 683/1/147 684/1/147
f 91/1/451 684/1/451 93/1/451
f 93/1/452 684/1/452 685/1/452
f 93/1/453 685/1/453 94/1/453
f 94/1/454 685/1/454 686/1/454
f 94/1/455 686/1/455 95/1/455
f 95/1/456 686/1/456 687/1/456
f 95/1/457 687/1/457 96/1/457
f 96/1/458 687/1/458 688/1/458
f 96/1/459 688/1/459 97/1/459
f 97/1/460 688/1/460 689/1/460
f 97/1/461 689/1/461 98/1/461
f 98/1/462 689/1/462 497/1/462
f 98/1/463 497/1/463 99/1/463
f 682/1/464 89/1/464 681/1/464
f 681/1/465 89/1/465 88/1/465
f 681/1/466 88/1/466 680/1/466
f 680/1/467 88/1/467 87/1/467
f 680/1/468 87/1/468 679/1/468
f 679/1/469 87/1/469 86/1/469
f 679/1/470 86/1/470 678/1/470
f 678/1/471 86/1/471 85/1/471
f 678/1/472 85/1/472 580/1/472
f 580/1/473 85/1/473 84/1/473
f 600/1/348 690/1/348 601/1/348
f 601/1/287 690/1/287 691/1/287
f 601/1/349 691/1/349 602/1/349
f 602/1/285 691/1/285 692/1/285
f 602/1/283 692/1/283 603/1/283
f 603/1/283 692/1/283 693/1/283
f 603/1/350 693/1/350 604/1/350
f 604/1/350 693/1/350 694/1/350
f 604/1/351 694/1/351 605/1/351
f 605/1/352 694/1/352 695/1/352
f 605/1/353 695/1/353 606/1/353
f 606/1/353 695/1/353 696/1/353
f 606/1/354 696/1/354 607/1/354
f 607/1/354 696/1/354 697/1/354
f 607/1/355 697/1/355 608/1/355
f 608/1/356 697/1/356 698/1/356
f 608/1/357 698/1/357 609/1/357
f 609/1/357 698/1/357 699/1/357
f 609/1/358 699/1/358 610/1/358
f 610/1/358 699/1/358 700/1/358
f 610/1/359 700/1/359 611/1/359
f 611/1/359 700/1/359 701/1/359
f 611/1/360 701/1/360 612/1/360
f 612/1/361 701/1/361 702/1/361
f 612/1/362 702/1/362 613/1/362
f 613/1/362 702/1/362 703/1/362
f 613/1/363 703/1/363 614/1/363
f 614/1/363 703/1/363 704/1/363
f 614/1/364 704/1/364 615/1/364
f 615/1/364 704/1/364 705/1/364
f 615/1/365 705/1/365 616/1/365
f 616/1/365 705/1/365 706/1/365
f 616/1/366 706/1/366 617/1/366
f 617/1/366 706/1/366 707/1/366
f 617/1/367 707/1/367 618/1/367
f 618/1/367 707/1/367 708/1/367
f 618/1/368 708/1/368 619/1/368
f 619/1/368 708/1/368 709/1/368
f 619/1/369 709/1/369 620/1/369
f 620/1/369 709/1/369 710/1/369
f 620/1/370 710/1/370 621/1/370
f 621/1/370 710/1/370 711/1/370
f 621/1/371 711/1/371 622/1/371
f 622/1/371 711/1/371 712/1/371
f 622/1/372 712/1/372 623/1/372
f 623/1/372 712/1/372 713/1/372
f 623/1/373 713/1/373 624/1/373
f 624/1/373 713/1/373 714/1/373
f 624/1/374 714/1/374 625/1/374
f 625/1/374 714/1/374 715/1/374
f 625/1/375 715/1/375 626/1/375
f 626/1/375 715/1/375 716/1/375
f 626/1/376 716/1/376 627/1/376
f 627/1/376 716/1/376 717/1/376
f 627/1/377 717/1/377 628/1/377
f 628/1/377 717/1/377 718/1/377
f 628/1/378 718/1/378 629/1/378
f 629/1/378 718/1/378 719/1/378
f 629/1/379 719/1/379 630/1/379
f 630/1/379 719/1/379 720/1/379
f 630/1/380 720/1/380 631/1/380
f 631/1/380 720/1/380 721/1/380
f 631/1/381 721/1/381 632/1/381
f 632/1/381 721/1/381 722/1/381
f 632/1/382 722/1/382 633/1/382
f 633/1/382 722/1/382 723/1/382
f 633/1/383 723/1/383 634/1/383
f 634/1/383 723/1/383 724/1/383
f 634/1/384 724/1/384 635/1/384
f 635/1/384 724/1/384 725/1/384
f 635/1/385 725/1/385 636/1/385
f 636/1/385 725/1/385 726/1/385
f 636/1/386 726/1/386 637/1/386
f 637/1/386 726/1/386 727/1/386
f 637/1/387 727/1/387 638/1/387
f 638/1/387 727/1/387 728/1/387
f 638/1/388 728/1/388 639/1/388
f 639/1/388 728/1/388 729/1/388
f 639/1/389 729/1/389 640/1/389
f 640/1/389 729/1/389 730/1/389
f 640/1/390 730/1/390 641/1/390
f 641/1/390 730/1/390 731/1/390
f 641/1/391 731/1/391 642/1/391
f 642/1/391 731/1/391 732/1/391
f 642/1/392 732/1/392 643/1/392
f 643/1/392 732/1/392 733/1/392
f 643/1/393 733/1/393 644/1/393
f 644/1/393 733/1/393 734/1/393
f 644/1/394 734/1/394 645/1/394
f 645/1/394 734/1/394 735/1/394
f 645/1/395 735/1/395 646/1/395
f 646/1/395 735/1/395 736/1/395
f 646/1/396 736/1/396 647/1/396
f 647/1/396 736/1/396 737/1/396
f 647/1/16 737/1/16 648/1/16
f 648/1/16 737/1/16 738/1/16
f 648/1/397 738/1/397 649/1/397
f 649/1/397 738/1/397 739/1/397
f 649/1/398 739/1/398 650/1/398
f 650/1/398 739/1/398 740/1/398
f 650/1/399 740/1/399 651/1/399
f 651/1/399 740/1/399 741/1/399
f 651/1/400 741/1/400 652/1/400
f 652/1/400 741/1/400 742/1/400
f 652/1/401 742/1/401 653/1/401
f 653/1/401 742/1/401 743/1/401
f 653/1/402 743/1/402 654/1/402
f 654/1/402 743/1/402 744/1/402
f 654/1/403 744/1/403 655/1/403
f 655/1/403 744/1/403 745/1/403
f 655/1/404 745/1/404 656/1/404
f 656/1/404 745/1/404 746/1/404
f 656/1/405 746/1/405 657/1/405
f 657/1/405 746/1/405 747/1/405
f 657/1/406 747/1/406 658/1/406
f 658/1/406 747/1/406 748/1/406
f 658/1/407 748/1/407 659/1/407
f 659/1/407 748/1/407 749/1/407
f 659/1/408 749/1/408 660/1/408
f 660/1/408 749/1/408 750/1/408
f 660/1/409 750/1/409 661/1/409
f 661/1/409 750/1/409 751/1/409
f 661/1/410 751/1/410 662/1/410
f 662/1/410 751/1/410 752/1/410
f 662/1/411 752/1/411 663/1/411
f 663/1/411 752/1/411 753/1/411
f 663/1/160 753/1/160 664/1/160
f 664/1/160 753/1/160 754/1/160
f 664/1/159 754/1/159 665/1/159
f 665/1/159 754/1/159 494/1/159
f 665/1/412 494/1/412 666/1/412
f 666/1/412 494/1/412 493/1/412
f 666/1/413 493/1/413 667/1/413
f 667/1/413 493/1/413 492/1/413
f 667/1/414 492/1/414 668/1/414
f 668/1/414 492/1/414 491/1/414
f 668/1/415 491/1/415 669/1/415
f 669/1/415 491/1/415 490/1/415
f 669/1/416 490/1/416 670/1/416
f 670/1/416 490/1/416 489/1/416
f 670/1/417 489/1/417 671/1/417
f 671/1/417 489/1/417 488/1/417
f 671/1/418 488/1/418 672/1/418
f 672/1/418 488/1/418 487/1/418
f 672/1/419 487/1/419 673/1/419
f 673/1/419 487/1/419 486/1/419
f 673/1/420 486/1/420 674/1/420
f 674/1/421 486/1/421 485/1/421
f 674/1/422 485/1/422 675/1/422
f 675/1/422 485/1/422 484/1/422
f 675/1/424 484/1/424 676/1/424
f 676/1/424 484/1/424 483/1/424
f 676/1/425 483/1/425 677/1/425
f 677/1/425 483/1/425 482/1/425
f 677/1/327 482/1/327 583/1/327
f 690/1/348 755/1/348 691/1/348
f 691/1/287 755/1/287 756/1/287
f 691/1/349 756/1/349 692/1/349
f 692/1/285 756/1/285 757/1/285
f 692/1/283 757/1/283 693/1/283
f 693/1/283 757/1/283 758/1/283
f 693/1/350 758/1/350 694/1/350
f 694/1/350 758/1/350 759/1/350
f 694/1/351 759/1/351 695/1/351
f 695/1/352 759/1/352 760/1/352
f 695/1/353 760/1/353 696/1/353
f 696/1/353 760/1/353 761/1/353
f 696/1/354 761/1/354 697/1/354
f 697/1/354 761/1/354 762/1/354
f 697/1/355 762/1/355 698/1/355
f 698/1/356 762/1/356 763/1/356
f 698/1/357 763/1/357 699/1/357
f 699/1/357 763/1/357 764/1/357
f 699/1/358 764/1/358 700/1/358
f 700/1/358 764/1/358 765/1/358
f 700/1/359 765/1/359 701/1/359
f 701/1/359 765/1/359 766/1/359
f 701/1/360 766/1/360 702/1/360
f 702/1/361 766/1/361 767/1/361
f 702/1/362 767/1/362 703/1/362
f 703/1/362 767/1/362 768/1/362
f 703/1/363 768/1/363 704/1/363
f 704/1/363 768/1/363 769/1/363
f 704/1/364 769/1/364 705/1/364
f 705/1/364 769/1/364 770/1/364
f 705/1/365 770/1/365 706/1/365
f 706/1/365 770/1/365 771/1/365
f 706/1/366 771/1/366 707/1/366
f 707/1/366 771/1/366 772/1/366
f 707/1/367 772/1/367 708/1/367
f 708/1/367 772/1/367 773/1/367
f 708/1/368 773/1/368 709/1/368
f 709/1/368 773/1/368 774/1/368
f 709/1/369 774/1/369 710/1/369
f 710/1/369 774/1/369 775/1/369
f 710/1/370 775/1/370 711/1/370
f 711/1/370 775/1/370 776/1/370
f 711/1/371 776/1/371 712/1/371
f 712/1/371 776/1/371 777/1/371
f 712/1/372 777/1/372 713/1/372
f 713/1/372 777/1/372 778/1/372
f 713/1/373 778/1/373 714/1/373
f 714/1/373 778/1/373 779/1/373
f 714/1/374 779/1/374 715/1/374
f 715/1/374 779/1/374 780/1/374
f 715/1/375 780/1/375 716/1/375
f 716/1/375 780/1/375 781/1/375
f 716/1/376 781/1/376 717/1/376
f 717/1/376 781/1/376 782/1/376
f 717/1/377 782/1/377 718/1/377
f 718/1/377 782/1/377 783/1/377
f 718/1/378 783/1/378 719/1/378
f 719/1/378 783/1/378 784/1/378
f 719/1/379 784/1/379 720/1/379
f 720/1/379 784/1/379 785/1/379
f 720/1/380 785/1/380 721/1/380
f 721/1/380 785/1/380 786/1/380
f 721/1/381 786/1/381 722/1/381
f 722/1/381 786/1/381 787/1/381
f 722/1/382 787/1/382 723/1/382
f 723/1/382 787/1/382 788/1/382
f 723/1/383 788/1/383 724/1/383
f 724/1/383 788/1/383 789/1/383
f 724/1/384 789/1/384 725/1/384
f 725/1/384 789/1/384 790/1/384
f 725/1/385 790/1/385 726/1/385
f 726/1/385 790/1/385 791/1/385
f 726/1/386 791/1/386 727/1/386
f 727/1/386 791/1/386 792/1/386
f 727/1/387 792/1/387 728/1/387
f 728/1/387 792/1/387 793/1/387
f 728/1/388 793/1/388 729/1/388
f 729/1/388 793/1/388 794/1/388
f 729/1/389 794/1/389 730/1/389
f 730/1/389 794/1/389 795/1/389
f 730/1/390 795/1/390 731/1/390
f 731/1/390 795/1/390 796/1/390
f 731/1/391 796/1/391 732/1/391
f 732/1/391 796/1/391 797/1/391
f 732/1/392 797/1/392 733/1/392
f 733/1/392 797/1/392 798/1/392
f 733/1/393 798/1/393 734/1/393
f 734/1/393 798/1/393 799/1/393
f 734/1/394 799/1/394 735/1/394
f 735/1/394 799/1/394 800/1/394
f 735/1/395 800/1/395 736/1/395
f 736/1/395 800/1/395 801/1/395
f 736/1/396 801/1/396 737/1/396
f 737/1/396 801/1/396 802/1/396
f 737/1/16 802/1/16 738/1/16
f 738/1/16 802/1/16 803/1/16
f 738/1/397 803/1/397 739/1/397
f 739/1/397 803/1/397 804/1/397
f 739/1/398 804/1/398 740/1/398
f 740/1/398 804/1/398 805/1/398
f 740/1/399 805/1/399 741/1/399
f 741/1/399 805/1/399 806/1/399
f 741/1/400 806/1/400 742/1/400
f 742/1/400 806/1/400 807/1/400
f 742/1/401 807/1/401 743/1/401
f 743/1/401 807/1/401 808/1/401
f 743/1/402 808/1/402 744/1/402
f 744/1/402 808/1/402 809/1/402
f 744/1/403 809/1/403 745/1/403
f 745/1/403 809/1/403 810/1/403
f 745/1/404 810/1/404 746/1/404
f 746/1/404 810/1/404 811/1/404
f 746/1/405 811/1/405 747/1/405
f 747/1/405 811/1/405 812/1/405
f 747/1/406 812/1/406 748/1/406
f 748/1/406 812/1/406 813/1/406
f 748/1/407 813/1/407 749/1/407
f 749/1/407 813/1/407 814/1/407
f 749/1/408 814/1/408 750/1/408
f 750/1/408 814/1/408 815/1/408
f 750/1/409 815/1/409 751/1/409
f 751/1/409 815/1/409 816/1/409
f 751/1/410 816/1/410 752/1/410
f 752/1/410 816/1/410 817/1/410
f 752/1/411 817/1/411 753/1/411
f 753/1/411 817/1/411 818/1/411
f 753/1/160 818/1/160 754/1/160
f 754/1/160 818/1/160 496/1/160
f 754/1/159 496/1/159 494/1/159
f 690/1/347 600/1/347 819/1/347
f 819/1/290 600/1/290 599/1/290
f 819/1/346 599/1/346 820/1/346
f 820/1/292 599/1/292 598/1/292
f 820/1/294 598/1/294 821/1/294
f 821/1/294 598/1/294 597/1/294
f 821/1/345 597/1/345 822/1/345
f 822/1/345 597/1/345 596/1/345
f 822/1/344 596/1/344 823/1/344
f 823/1/343 596/1/343 595/1/343
f 823/1/342 595/1/342 824/1/342
f 824/1/342 595/1/342 594/1/342
f 824/1/341 594/1/341 825/1/341
f 825/1/341 594/1/341 593/1/341
f 825/1/340 593/1/340 826/1/340
f 826/1/339 593/1/339 592/1/339
f 826/1/338 592/1/338 827/1/338
f 827/1/338 592/1/338 591/1/338
f 827/1/337 591/1/337 828/1/337
f 828/1/337 591/1/337 590/1/337
f 828/1/336 590/1/336 829/1/336
f 829/1/335 590/1/335 589/1/335
f 829/1/334 589/1/334 830/1/334
f 830/1/333 589/1/333 588/1/333
f 830/1/332 588/1/332 831/1/332
f 831/1/332 588/1/332 587/1/332
f 831/1/331 587/1/331 832/1/331
f 832/1/331 587/1/331 586/1/331
f 832/1/330 586/1/330 833/1/330
f 833/1/330 586/1/330 585/1/330
f 833/1/329 585/1/329 834/1/329
f 834/1/329 585/1/329 584/1/329
f 834/1/328 584/1/328 582/1/328
f 755/1/348 561/1/348 756/1/348
f 756/1/287 561/1/287 560/1/287
f 756/1/349 560/1/349 757/1/349
f 757/1/285 560/1/285 559/1/285
f 757/1/283 559/1/283 758/1/283
f 758/1/283 559/1/283 558/1/283
f 758/1/350 558/1/350 759/1/350
f 759/1/350 558/1/350 557/1/350
f 759/1/351 557/1/351 760/1/351
f 760/1/352 557/1/352 556/1/352
f 760/1/353 556/1/353 761/1/353
f 761/1/353 556/1/353 555/1/353
f 761/1/354 555/1/354 762/1/354
f 762/1/354 555/1/354 554/1/354
f 762/1/355 554/1/355 763/1/355
f 763/1/356 554/1/356 553/1/356
f 763/1/357 553/1/357 764/1/357
f 764/1/357 553/1/357 552/1/357
f 764/1/358 552/1/358 765/1/358
f 765/1/358 552/1/358 551/1/358
f 765/1/359 551/1/359 766/1/359
f 766/1/359 551/1/359 550/1/359
f 766/1/360 550/1/360 767/1/360
f 767/1/361 550/1/361 549/1/361
f 767/1/362 549/1/362 768/1/362
f 768/1/362 549/1/362 548/1/362
f 768/1/363 548/1/363 769/1/363
f 769/1/363 548/1/363 547/1/363
f 769/1/364 547/1/364 770/1/364
f 770/1/364 547/1/364 546/1/364
f 770/1/365 546/1/365 771/1/365
f 771/1/365 546/1/365 545/1/365
f 771/1/366 545/1/366 772/1/366
f 772/1/366 545/1/366 544/1/366
f 772/1/367 544/1/367 773/1/367
f 773/1/367 544/1/367 543/1/367
f 773/1/368 543/1/368 774/1/368
f 774/1/368 543/1/368 542/1/368
f 774/1/369 542/1/369 775/1/369
f 775/1/369 542/1/369 541/1/369
f 775/1/370 541/1/370 776/1/370
f 776/1/370 541/1/370 540/1/370
f 776/1/371 540/1/371 777/1/371
f 777/1/371 540/1/371 539/1/371
f 777/1/372 539/1/372 778/1/372
f 778/1/372 539/1/372 538/1/372
f 778/1/373 538/1/373 779/1/373
f 779/1/373 538/1/373 537/1/373
f 779/1/374 537/1/374 780/1/374
f 780/1/374 537/1/374 536/1/374
f 780/1/375 536/1/375 781/1/375
f 781/1/375 536/1/375 535/1/375
f 781/1/376 535/1/376 782/1/376
f 782/1/376 535/1/376 534/1/376
f 782/1/377 534/1/377 783/1/377
f 783/1/377 534/1/377 533/1/377
f 783/1/378 533/1/378 784/1/378
f 784/1/378 533/1/378 532/1/378
f 784/1/379 532/1/379 785/1/379
f 785/1/379 532/1/379 531/1/379
f 785/1/380 531/1/380 786/1/380
f 786/1/380 531/1/380 530/1/380
f 786/1/381 530/1/381 787/1/381
f 787/1/381 530/1/381 529/1/381
f 787/1/382 529/1/382 788/1/382
f 788/1/382 529/1/382 528/1/382
f 788/1/383 528/1/383 789/1/383
f 789/1/383 528/1/383 527/1/383
f 789/1/384 527/1/384 790/1/384
f 790/1/384 527/1/384 526/1/384
f 790/1/385 526/1/385 791/1/385
f 791/1/385 526/1/385 525/1/385
f 791/1/386 525/1/386 792/1/386
f 792/1/386 525/1/386 524/1/386
f 792/1/387 524/1/387 793/1/387
f 793/1/387 524/1/387 523/1/387
f 793/1/388 523/1/388 794/1/388
f 794/1/388 523/1/388 522/1/388
f 794/1/389 522/1/389 795/1/389
f 795/1/389 522/1/389 521/1/389
f 795/1/390 521/1/390 796/1/390
f 796/1/390 521/1/390 520/1/390
f 796/1/391 520/1/391 797/1/391
f 797/1/391 520/1/391 519/1/391
f 797/1/392 519/1/392 798/1/392
f 798/1/392 519/1/392 518/1/392
f 798/1/393 518/1/393 799/1/393
f 799/1/393 518/1/393 517/1/393
f 799/1/394 517/1/394 800/1/394
f 800/1/394 517/1/394 516/1/394
f 800/1/395 516/1/395 801/1/395
f 801/1/395 516/1/395 515/1/395
f 801/1/396 515/1/396 802/1/396
f 802/1/396 515/1/396 514/1/396
f 802/1/16 514/1/16 803/1/16
f 803/1/16 514/1/16 513/1/16
f 803/1/397 513/1/397 804/1/397
f 804/1/397 513/1/397 512/1/397
f 804/1/398 512/1/398 805/1/398
f 805/1/398 512/1/398 511/1/398
f 805/1/399 511/1/399 806/1/399
f 806/1/399 511/1/399 510/1/399
f 806/1/400 510/1/400 807/1/400
f 807/1/400 510/1/400 509/1/400
f 807/1/401 509/1/401 808/1/401
f 808/1/401 509/1/401 508/1/401
f 808/1/402 508/1/402 809/1/402
f 809/1/402 508/1/402 507/1/402
f 809/1/403 507/1/403 810/1/403
f 810/1/403 507/1/403 506/1/403
f 810/1/404 506/1/404 811/1/404
f 811/1/404 506/1/404 505/1/404
f 811/1/405 505/1/405 812/1/405
f 812/1/405 505/1/405 504/1/405
f 812/1/406 504/1/406 813/1/406
f 813/1/406 504/1/406 503/1/406
f 813/1/407 503/1/407 814/1/407
f 814/1/407 503/1/407 502/1/407
f 814/1/408 502/1/408 815/1/408
f 815/1/408 502/1/408 501/1/408
f 815/1/409 501/1/409 816/1/409
f 816/1/409 501/1/409 500/1/409
f 816/1/410 500/1/410 817/1/410
f 817/1/410 500/1/410 499/1/410
f 817/1/411 499/1/411 818/1/411
f 818/1/411 499/1/411 498/1/411
f 818/1/160 498/1/160 496/1/160
f 755/1/347 690/1/347 835/1/347
f 835/1/290 690/1/290 819/1/290
f 835/1/346 819/1/346 836/1/346
f 836/1/292 819/1/292 820/1/292
f 836/1/294 820/1/294 837/1/294
f 837/1/294 820/1/294 821/1/294
f 837/1/345 821/1/345 838/1/345
f 838/1/345 821/1/345 822/1/345
f 838/1/344 822/1/344 839/1/344
f 839/1/343 822/1/343 823/1/343
f 839/1/342 823/1/342 840/1/342
f 840/1/342 823/1/342 824/1/342
f 840/1/341 824/1/341 841/1/341
f 841/1/341 824/1/341 825/1/341
f 841/1/340 825/1/340 842/1/340
f 842/1/339 825/1/339 826/1/339
f 842/1/338 826/1/338 843/1/338
f 843/1/338 826/1/338 827/1/338
f 843/1/337 827/1/337 844/1/337
f 844/1/337 827/1/337 828/1/337
f 844/1/336 828/1/336 845/1/336
f 845/1/335 828/1/335 829/1/335
f 845/1/334 829/1/334 846/1/334
f 846/1/333 829/1/333 830/1/333
f 846/1/332 830/1/332 847/1/332
f 847/1/332 830/1/332 831/1/332
f 847/1/331 831/1/331 848/1/331
f 848/1/331 831/1/331 832/1/331
f 848/1/330 832/1/330 849/1/330
f 849/1/330 832/1/330 833/1/330
f 849/1/329 833/1/329 850/1/329
f 850/1/329 833/1/329 834/1/329
f 850/1/328 834/1/328 851/1/328
f 851/1/328 834/1/328 582/1/328
f 851/1/327 582/1/327 581/1/327
f 561/1/347 755/1/347 562/1/347
f 562/1/290 755/1/290 835/1/290
f 562/1/346 835/1/346 563/1/346
f 563/1/292 835/1/292 836/1/292
f 563/1/294 836/1/294 564/1/294
f 564/1/294 836/1/294 837/1/294
f 564/1/345 837/1/345 565/1/345
f 565/1/345 837/1/345 838/1/345
f 565/1/344 838/1/344 566/1/344
f 566/1/343 838/1/343 839/1/343
f 566/1/342 839/1/342 567/1/342
f 567/1/342 839/1/342 840/1/342
f 567/1/341 840/1/341 568/1/341
f 568/1/341 840/1/341 841/1/341
f 568/1/340 841/1/340 569/1/340
f 569/1/339 841/1/339 842/1/339
f 569/1/338 842/1/338 570/1/338
f 570/1/338 842/1/338 843/1/338
f 570/1/337 843/1/337 571/1/337
f 571/1/337 843/1/337 844/1/337
f 571/1/336 844/1/336 572/1/336
f 572/1/335 844/1/335 845/1/335
f 572/1/334 845/1/334 573/1/334
f 573/1/333 845/1/333 846/1/333
f 573/1/332 846/1/332 574/1/332
f 574/1/332 846/1/332 847/1/332
f 574/1/331 847/1/331 575/1/331
f 575/1/331 847/1/331 848/1/331
f 575/1/330 848/1/330 576/1/330
f 576/1/330 848/1/330 849/1/330
f 576/1/329 849/1/329 577/1/329
f 577/1/329 849/1/329 850/1/329
f 577/1/328 850/1/328 578/1/328
f 578/1/328 850/1/328 851/1/328
f 578/1/327 851/1/327 579/1/327
f 579/1/327 851/1/327 581/1/327
f 166/1/13 280/1/13 168/1/13
f 168/1/13 280/1/13 278/1/13
f 168/1/13 278/1/13 170/1/13
f 170/1/13 278/1/13 276/1/13
f 170/1/13 276/1/13 172/1/13
f 172/1/13 276/1/13 274/1/13
f 172/1/13 274/1/13 174/1/13
f 174/1/13 274/1/13 272/1/13
f 174/1/13 272/1/13 176/1/13
f 176/1/13 272/1/13 270/1/13
f 176/1/13 270/1/13 178/1/13
f 178/1/13 270/1/13 268/1/13
f 178/1/13 268/1/13 180/1/13
f 180/1/13 268/1/13 266/1/13
f 180/1/13 266/1/13 182/1/13
f 182/1/13 266/1/13 264/1/13
f 182/1/13 264/1/13 184/1/13
f 184/1/13 264/1/13 262/1/13
f 184/1/13 262/1/13 186/1/13
f 186/1/13 262/1/13 260/1/13
f 186/1/13 260/1/13 188/1/13
f 188/1/13 260/1/13 258/1/13
f 188/1/13 258/1/13 190/1/13
f 190/1/13 258/1/13 256/1/13
f 190/1/13 256/1/13 192/1/13
f 192/1/13 256/1/13 254/1/13
f 192/1/13 254/1/13 194/1/13
f 194/1/13 254/1/13 252/1/13
f 194/1/13 252/1/13 196/1/13
f 196/1/13 252/1/13 250/1/13
f 196/1/13 250/1/13 198/1/13
f 198/1/13 250/1/13 248/1/13
f 198/1/13 248/1/13 200/1/13
f 200/1/13 248/1/13 246/1/13
f 200/1/13 246/1/13 202/1/13
f 202/1/13 246/1/13 244/1/13
f 202/1/13 244/1/13 204/1/13
f 204/1/13 244/1/13 242/1/13
f 204/1/13 242/1/13 206/1/13
f 206/1/13 242/1/13 240/1/13
f 206/1/13 240/1/13 208/1/13
f 208/1/13 240/1/13 238/1/13
f 208/1/13 238/1/13 210/1/13
f 210/1/13 238/1/13 236/1/13
f 210/1/13 236/1/13 212/1/13
f 212/1/13 236/1/13 234/1/13
f 212/1/13 234/1/13 214/1/13
f 214/1/13 234/1/13 232/1/13
f 214/1/13 232/1/13 216/1/13
f 216/1/13 232/1/13 230/1/13
f 216/1/13 230/1/13 218/1/13
f 218/1/13 230/1/13 228/1/13
f 218/1/13 228/1/13 220/1/13
f 220/1/13 228/1/13 226/1/13
f 220/1/13 226/1/13 222/1/13
f 222/1/13 226/1/13 224/1/13
f 280/1/13 166/1/13 282/1/13
f 282/1/13 166/1/13 386/1/13
f 282/1/13 386/1/13 284/1/13
f 284/1/13 386/1/13 384/1/13
f 284/1/13 384/1/13 286/1/13
f 286/1/13 384/1/13 382/1/13
f 286/1/13 382/1/13 288/1/13
f 288/1/13 382/1/13 380/1/13
f 288/1/13 380/1/13 290/1/13
f 290/1/13 380/1/13 378/1/13
f 290/1/13 378/1/13 292/1/13
f 292/1/13 378/1/13 294/1/13
f 294/1/13 378/1/13 296/1/13
f 296/1/13 378/1/13 298/1/13
f 298/1/13 378/1/13 300/1/13
f 300/1/13 378/1/13 302/1/13
f 302/1/13 378/1/13 304/1/13
f 304/1/13 378/1/13 306/1/13
f 306/1/13 378/1/13 308/1/13
f 308/1/13 378/1/13 310/1/13
f 310/1/13 378/1/13 312/1/13
f 312/1/13 378/1/13 314/1/13
f 314/1/13 378/1/13 316/1/13
f 316/1/13 378/1/13 318/1/13
f 318/1/13 378/1/13 320/1/13
f 320/1/13 378/1/13 322/1/13
f 322/1/13 378/1/13 324/1/13
f 324/1/13 378/1/13 326/1/13
f 326/1/13 378/1/13 328/1/13
f 328/1/13 378/1/13 330/1/13
f 330/1/13 378/1/13 332/1/13
f 332/1/13 378/1/13 334/1/13
f 334/1/13 378/1/13 336/1/13
f 336/1/13 378/1/13 338/1/13
f 338/1/13 378/1/13 340/1/13
f 340/1/13 378/1/13 342/1/13
f 342/1/13 378/1/13 344/1/13
f 344/1/13 378/1/13 346/1/13
f 346/1/13 378/1/13 348/1/13
f 348/1/13 378/1/13 350/1/13
f 350/1/13 378/1/13 352/1/13
f 352/1/13 378/1/13 354/1/13
f 354/1/13 378/1/13 356/1/13
f 356/1/13 378/1/13 358/1/13
f 358/1/13 378/1/13 360/1/13
f 360/1/13 378/1/13 362/1/13
f 362/1/13 378/1/13 364/1/13
f 364/1/13 378/1/13 366/1/13
f 366/1/13 378/1/13 368/1/13
f 368/1/13 378/1/13 370/1/13
f 370/1/13 378/1/13 372/1/13
f 372/1/13 378/1/13 374/1/13
f 374/1/13 378/1/13 376/1/13
f 852/1/474 853/1/474 854/1/474
f 854/1/474 853/1/474 855/1/474
f 854/1/475 855/1/475 856/1/475
f 856/1/475 855/1/475 857/1/475
f 856/1/476 857/1/476 858/1/476
f 858/1/476 857/1/476 859/1/476
f 858/1/477 859/1/477 860/1/477
f 860/1/477 859/1/477 861/1/477
f 860/1/478 861/1/478 862/1/478
f 862/1/478 861/1/478 863/1/478
f 862/1/479 863/1/479 864/1/479
f 864/1/479 863/1/479 865/1/479
f 864/1/480 865/1/480 866/1/480
f 866/1/480 865/1/480 867/1/480
f 866/1/481 867/1/481 868/1/481
f 868/1/481 867/1/481 869/1/481
f 868/1/482 869/1/482 870/1/482
f 870/1/482 869/1/482 871/1/482
f 870/1/483 871/1/483 872/1/483
f 872/1/483 871/1/483 873/1/483
f 872/1/484 873/1/484 874/1/484
f 874/1/484 873/1/484 875/1/484
f 874/1/485 875/1/485 876/1/485
f 876/1/485 875/1/485 877/1/485
f 878/1/13 852/1/13 879/1/13
f 879/1/13 852/1/13 854/1/13
f 879/1/13 854/1/13 880/1/13
f 880/1/13 854/1/13 856/1/13
f 880/1/13 856/1/13 881/1/13
f 881/1/13 856/1/13 858/1/13
f 881/1/13 858/1/13 882/1/13
f 882/1/13 858/1/13 860/1/13
f 882/1/13 860/1/13 883/1/13
f 883/1/13 860/1/13 862/1/13
f 883/1/13 862/1/13 884/1/13
f 884/1/13 862/1/13 864/1/13
f 884/1/13 864/1/13 885/1/13
f 885/1/13 864/1/13 866/1/13
f 885/1/13 866/1/13 886/1/13
f 886/1/13 866/1/13 868/1/13
f 886/1/13 868/1/13 887/1/13
f 887/1/13 868/1/13 870/1/13
f 887/1/13 870/1/13 888/1/13
f 888/1/13 870/1/13 872/1/13
f 888/1/13 872/1/13 889/1/13
f 889/1/13 872/1/13 874/1/13
f 889/1/13 874/1/13 890/1/13
f 890/1/13 874/1/13 876/1/13
f 876/1/16 877/1/16 890/1/16
f 890/1/16 877/1/16 891/1/16
f 891/1/15 877/1/15 892/1/15
f 892/1/15 877/1/15 875/1/15
f 892/1/15 875/1/15 893/1/15
f 893/1/15 875/1/15 873/1/15
f 893/1/15 873/1/15 894/1/15
f 894/1/15 873/1/15 871/1/15
f 894/1/15 871/1/15 895/1/15
f 895/1/15 871/1/15 869/1/15
f 895/1/15 869/1/15 896/1/15
f 896/1/15 869/1/15 867/1/15
f 896/1/15 867/1/15 897/1/15
f 897/1/15 867/1/15 865/1/15
f 897/1/15 865/1/15 898/1/15
f 898/1/15 865/1/15 863/1/15
f 898/1/15 863/1/15 899/1/15
f 899/1/15 863/1/15 861/1/15
f 899/1/15 861/1/15 900/1/15
f 900/1/15 861/1/15 859/1/15
f 900/1/15 859/1/15 901/1/15
f 901/1/15 859/1/15 857/1/15
f 901/1/15 857/1/15 902/1/15
f 902/1/15 857/1/15 855/1/15
f 902/1/15 855/1/15 903/1/15
f 903/1/15 855/1/15 853/1/15
f 853/1/14 852/1/14 903/1/14
f 903/1/14 852/1/14 878/1/14
f 904/1/13 905/1/13 906/1/13
f 906/1/13 905/1/13 907/1/13
f 906/1/13 907/1/13 908/1/13
f 908/1/13 907/1/13 909/1/13
f 908/1/13 909/1/13 910/1/13
f 910/1/13 909/1/13 904/1/13
f 904/1/13 909/1/13 911/1/13
f 904/1/13 911/1/13 905/1/13
f 912/1/19 913/1/19 904/1/19
f 904/1/19 913/1/19 910/1/19
f 913/1/20 914/1/20 910/1/20
f 910/1/20 914/1/20 908/1/20
f 914/1/17 915/1/17 908/1/17
f 908/1/17 915/1/17 906/1/17
f 915/1/18 912/1/18 906/1/18
f 906/1/18 912/1/18 904/1/18
f 916/1/13 917/1/13 918/1/13
f 918/1/13 917/1/13 919/1/13
f 918/1/13 919/1/13 920/1/13
f 920/1/13 921/1/13 918/1/13
f 918/1/13 921/1/13 922/1/13
f 918/1/13 922/1/13 923/1/13
f 923/1/13 924/1/13 918/1/13
f 918/1/13 924/1/13 925/1/13
f 918/1/13 925/1/13 926/1/13
f 926/1/13 927/1/13 918/1/13
f 918/1/13 927/1/13 928/1/13
f 918/1/13 928/1/13 929/1/13
f 929/1/13 930/1/13 918/1/13
f 918/1/13 930/1/13 931/1/13
f 918/1/13 931/1/13 932/1/13
f 932/1/13 933/1/13 918/1/13
f 918/1/13 933/1/13 934/1/13
f 918/1/13 934/1/13 935/1/13
f 935/1/13 936/1/13 918/1/13
f 918/1/13 936/1/13 937/1/13
f 918/1/13 937/1/13 938/1/13
f 938/1/13 939/1/13 918/1/13
f 918/1/13 939/1/13 940/1/13
f 918/1/13 940/1/13 941/1/13
f 941/1/13 942/1/13 943/1/13
f 943/1/13 942/1/13 944/1/13
f 943/1/13 944/1/13 945/1/13
f 945/1/13 946/1/13 943/1/13
f 943/1/13 946/1/13 947/1/13
f 943/1/13 947/1/13 948/1/13
f 948/1/13 949/1/13 943/1/13
f 943/1/13 949/1/13 950/1/13
f 943/1/13 950/1/13 951/1/13
f 951/1/13 952/1/13 943/1/13
f 943/1/13 952/1/13 953/1/13
f 943/1/13 953/1/13 954/1/13
f 954/1/13 955/1/13 943/1/13
f 943/1/13 955/1/13 956/1/13
f 943/1/13 956/1/13 957/1/13
f 957/1/13 958/1/13 943/1/13
f 943/1/13 958/1/13 959/1/13
f 943/1/13 959/1/13 960/1/13
f 960/1/13 961/1/13 943/1/13
f 943/1/13 961/1/13 962/1/13
f 943/1/13 962/1/13 963/1/13
f 963/1/13 964/1/13 943/1/13
f 943/1/13 964/1/13 965/1/13
f 943/1/13 965/1/13 966/1/13
f 966/1/13 967/1/13 968/1/13
f 968/1/13 967/1/13 969/1/13
f 968/1/13 969/1/13 970/1/13
f 970/1/13 971/1/13 968/1/13
f 968/1/13 971/1/13 972/1/13
f 968/1/13 972/1/13 973/1/13
f 973/1/13 974/1/13 968/1/13
f 968/1/13 974/1/13 975/1/13
f 968/1/13 975/1/13 976/1/13
f 976/1/13 977/1/13 968/1/13
f 968/1/13 977/1/13 978/1/13
f 968/1/13 978/1/13 979/1/13
f 979/1/13 980/1/13 968/1/13
f 968/1/13 980/1/13 981/1/13
f 968/1/13 981/1/13 982/1/13
f 982/1/13 983/1/13 968/1/13
f 968/1/13 983/1/13 984/1/13
f 968/1/13 984/1/13 985/1/13
f 985/1/13 986/1/13 968/1/13
f 968/1/13 986/1/13 987/1/13
f 968/1/13 987/1/13 988/1/13
f 988/1/13 989/1/13 968/1/13
f 968/1/13 989/1/13 990/1/13
f 968/1/13 990/1/13 991/1/13
f 991/1/13 992/1/13 993/1/13
f 993/1/13 992/1/13 994/1/13
f 993/1/13 994/1/13 995/1/13
f 995/1/13 996/1/13 993/1/13
f 993/1/13 996/1/13 997/1/13
f 993/1/13 997/1/13 998/1/13
f 998/1/13 999/1/13 993/1/13
f 993/1/13 999/1/13 1000/1/13
f 993/1/13 1000/1/13 1001/1/13
f 1001/1/13 1002/1/13 993/1/13
f 993/1/13 1002/1/13 1003/1/13
f 993/1/13 1003/1/13 1004/1/13
f 1004/1/13 1005/1/13 993/1/13
f 993/1/13 1005/1/13 1006/1/13
f 993/1/13 1006/1/13 1007/1/13
f 1007/1/13 1008/1/13 993/1/13
f 993/1/13 1008/1/13 1009/1/13
f 993/1/13 1009/1/13 1010/1/13
f 1010/1/13 1011/1/13 993/1/13
f 993/1/13 1011/1/13 1012/1/13
f 993/1/13 1012/1/13 1013/1/13
f 1013/1/13 1014/1/13 993/1/13
f 993/1/13 1014/1/13 1015/1/13
f 993/1/13 1015/1/13 916/1/13
f 968/1/19 911/1/19 966/1/19
f 966/1/19 911/1/19 909/1/19
f 966/1/19 909/1/19 943/1/19
f 943/1/20 909/1/20 941/1/20
f 941/1/20 909/1/20 907/1/20
f 941/1/20 907/1/20 918/1/20
f 918/1/17 907/1/17 916/1/17
f 916/1/17 907/1/17 905/1/17
f 916/1/17 905/1/17 993/1/17
f 993/1/18 905/1/18 991/1/18
f 991/1/18 905/1/18 911/1/18
f 991/1/18 911/1/18 968/1/18
f 1016/1/486 1017/1/486 1018/1/486
f 1018/1/486 1017/1/486 1019/1/486
f 1018/1/487 1019/1/487 1020/1/487
f 1020/1/487 1019/1/487 1021/1/487
f 1020/1/488 1021/1/488 1022/1/488
f 1022/1/488 1021/1/488 1023/1/488
f 1022/1/489 1023/1/489 1024/1/489
f 1024/1/489 1023/1/489 1025/1/489
f 1024/1/490 1025/1/490 1026/1/490
f 1026/1/490 1025/1/490 1027/1/490
f 1026/1/491 1027/1/491 1028/1/491
f 1028/1/491 1027/1/491 1029/1/491
f 1028/1/492 1029/1/492 1030/1/492
f 1030/1/492 1029/1/492 1031/1/492
f 1030/1/493 1031/1/493 1032/1/493
f 1032/1/493 1031/1/493 1033/1/493
f 1032/1/494 1033/1/494 1034/1/494
f 1034/1/494 1033/1/494 1035/1/494
f 1034/1/495 1035/1/495 1036/1/495
f 1036/1/495 1035/1/495 1037/1/495
f 1036/1/496 1037/1/496 1038/1/496
f 1038/1/496 1037/1/496 1039/1/496
f 1038/1/497 1039/1/497 1040/1/497
f 1040/1/497 1039/1/497 1041/1/497
f 1040/1/498 1041/1/498 1042/1/498
f 1042/1/498 1041/1/498 1043/1/498
f 1042/1/499 1043/1/499 1044/1/499
f 1044/1/499 1043/1/499 1045/1/499
f 1044/1/500 1045/1/500 1046/1/500
f 1046/1/500 1045/1/500 1047/1/500
f 1046/1/501 1047/1/501 1048/1/501
f 1048/1/501 1047/1/501 1049/1/501
f 1048/1/502 1049/1/502 1050/1/502
f 1050/1/502 1049/1/502 1051/1/502
f 1050/1/503 1051/1/503 1052/1/503
f 1052/1/503 1051/1/503 1053/1/503
f 1052/1/504 1053/1/504 1054/1/504
f 1054/1/505 1053/1/505 1055/1/505
f 1054/1/506 1055/1/506 1056/1/506
f 1056/1/506 1055/1/506 1057/1/506
f 1056/1/507 1057/1/507 1058/1/507
f 1058/1/507 1057/1/507 1059/1/507
f 1058/1/508 1059/1/508 1060/1/508
f 1060/1/508 1059/1/508 1061/1/508
f 1060/1/509 1061/1/509 1062/1/509
f 1062/1/509 1061/1/509 1063/1/509
f 1062/1/510 1063/1/510 1064/1/510
f 1064/1/510 1063/1/510 1065/1/510
f 1064/1/511 1065/1/511 1066/1/511
f 1066/1/511 1065/1/511 1067/1/511
f 1066/1/512 1067/1/512 1068/1/512
f 1068/1/513 1067/1/513 1069/1/513
f 1068/1/514 1069/1/514 1070/1/514
f 1070/1/514 1069/1/514 1071/1/514
f 1070/1/515 1071/1/515 1072/1/515
f 1072/1/515 1071/1/515 1073/1/515
f 1072/1/516 1073/1/516 1074/1/516
f 1074/1/516 1073/1/516 1075/1/516
f 1074/1/517 1075/1/517 1076/1/517
f 1076/1/517 1075/1/517 1077/1/517
f 1076/1/518 1077/1/518 1078/1/518
f 1078/1/518 1077/1/518 1079/1/518
f 1078/1/519 1079/1/519 1080/1/519
f 1080/1/519 1079/1/519 1081/1/519
f 1080/1/520 1081/1/520 1082/1/520
f 1082/1/520 1081/1/520 1083/1/520
f 1082/1/521 1083/1/521 1084/1/521
f 1084/1/521 1083/1/521 1085/1/521
f 1084/1/522 1085/1/522 1086/1/522
f 1086/1/523 1085/1/523 1087/1/523
f 1086/1/524 1087/1/524 1088/1/524
f 1088/1/524 1087/1/524 1089/1/524
f 1088/1/525 1089/1/525 1090/1/525
f 1090/1/525 1089/1/525 1091/1/525
f 1090/1/526 1091/1/526 1092/1/526
f 1092/1/526 1091/1/526 1093/1/526
f 1092/1/527 1093/1/527 1094/1/527
f 1094/1/527 1093/1/527 1095/1/527
f 1094/1/528 1095/1/528 1096/1/528
f 1096/1/528 1095/1/528 1097/1/528
f 1096/1/529 1097/1/529 1098/1/529
f 1098/1/529 1097/1/529 1099/1/529
f 1098/1/530 1099/1/530 1100/1/530
f 1100/1/530 1099/1/530 1101/1/530
f 1100/1/531 1101/1/531 1102/1/531
f 1102/1/531 1101/1/531 1103/1/531
f 1102/1/532 1103/1/532 1104/1/532
f 1104/1/532 1103/1/532 1105/1/532
f 1104/1/533 1105/1/533 1106/1/533
f 1106/1/533 1105/1/533 1107/1/533
f 1106/1/534 1107/1/534 1108/1/534
f 1108/1/534 1107/1/534 1109/1/534
f 1108/1/535 1109/1/535 1110/1/535
f 1110/1/535 1109/1/535 1111/1/535
f 1110/1/536 1111/1/536 1112/1/536
f 1112/1/536 1111/1/536 1113/1/536
f 1112/1/537 1113/1/537 1114/1/537
f 1114/1/537 1113/1/537 1115/1/537
f 1114/1/538 1115/1/538 1116/1/538
f 1116/1/538 1115/1/538 1117/1/538
f 1116/1/539 1117/1/539 1118/1/539
f 1118/1/539 1117/1/539 1119/1/539
f 1118/1/540 1119/1/540 1120/1/540
f 1120/1/540 1119/1/540 1121/1/540
f 1120/1/541 1121/1/541 1122/1/541
f 1122/1/541 1121/1/541 1123/1/541
f 1122/1/542 1123/1/542 1124/1/542
f 1124/1/542 1123/1/542 1125/1/542
f 1124/1/543 1125/1/543 1126/1/543
f 1126/1/543 1125/1/543 1127/1/543
f 1126/1/544 1127/1/544 1128/1/544
f 1128/1/544 1127/1/544 1129/1/544
f 1128/1/14 1129/1/14 1130/1/14
f 1130/1/14 1129/1/14 1131/1/14
f 1130/1/545 1131/1/545 1132/1/545
f 1132/1/545 1131/1/545 1133/1/545
f 1132/1/546 1133/1/546 1134/1/546
f 1134/1/546 1133/1/546 1135/1/546
f 1134/1/547 1135/1/547 1136/1/547
f 1136/1/547 1135/1/547 1137/1/547
f 1136/1/548 1137/1/548 1138/1/548
f 1138/1/548 1137/1/548 1139/1/548
f 1138/1/549 1139/1/549 1140/1/549
f 1140/1/549 1139/1/549 1141/1/549
f 1140/1/550 1141/1/550 1142/1/550
f 1142/1/550 1141/1/550 1143/1/550
f 1142/1/551 1143/1/551 1144/1/551
f 1144/1/551 1143/1/551 1145/1/551
f 1144/1/552 1145/1/552 1146/1/552
f 1146/1/552 1145/1/552 1147/1/552
f 1146/1/553 1147/1/553 1148/1/553
f 1148/1/553 1147/1/553 1149/1/553
f 1148/1/554 1149/1/554 1150/1/554
f 1150/1/554 1149/1/554 1151/1/554
f 1150/1/555 1151/1/555 1152/1/555
f 1152/1/555 1151/1/555 1153/1/555
f 1152/1/556 1153/1/556 1154/1/556
f 1154/1/556 1153/1/556 1155/1/556
f 1154/1/557 1155/1/557 1156/1/557
f 1156/1/557 1155/1/557 1157/1/557
f 1156/1/558 1157/1/558 1158/1/558
f 1158/1/558 1157/1/558 1159/1/558
f 1158/1/559 1159/1/559 1160/1/559
f 1160/1/559 1159/1/559 1161/1/559
f 1160/1/560 1161/1/560 1162/1/560
f 1162/1/560 1161/1/560 1163/1/560
f 1162/1/561 1163/1/561 1164/1/561
f 1164/1/561 1163/1/561 1165/1/561
f 1164/1/562 1165/1/562 1166/1/562
f 1166/1/562 1165/1/562 1167/1/562
f 1166/1/563 1167/1/563 1168/1/563
f 1168/1/563 1167/1/563 1169/1/563
f 1168/1/564 1169/1/564 1170/1/564
f 1170/1/564 1169/1/564 1171/1/564
f 1170/1/565 1171/1/565 1172/1/565
f 1172/1/565 1171/1/565 1173/1/565
f 1172/1/566 1173/1/566 1174/1/566
f 1174/1/566 1173/1/566 1175/1/566
f 1174/1/567 1175/1/567 1176/1/567
f 1176/1/567 1175/1/567 1177/1/567
f 1176/1/568 1177/1/568 1178/1/568
f 1178/1/568 1177/1/568 1179/1/568
f 1178/1/569 1179/1/569 1180/1/569
f 1180/1/569 1179/1/569 1181/1/569
f 1180/1/570 1181/1/570 1182/1/570
f 1182/1/570 1181/1/570 1183/1/570
f 1182/1/571 1183/1/571 1184/1/571
f 1184/1/571 1183/1/571 1185/1/571
f 1184/1/572 1185/1/572 1186/1/572
f 1186/1/572 1185/1/572 1187/1/572
f 1186/1/573 1187/1/573 1188/1/573
f 1188/1/573 1187/1/573 1189/1/573
f 1188/1/574 1189/1/574 1190/1/574
f 1190/1/574 1189/1/574 1191/1/574
f 1190/1/575 1191/1/575 1192/1/575
f 1192/1/576 1191/1/576 1193/1/576
f 1192/1/577 1193/1/577 1194/1/577
f 1194/1/577 1193/1/577 1195/1/577
f 1194/1/578 1195/1/578 1196/1/578
f 1196/1/578 1195/1/578 1197/1/578
f 1196/1/579 1197/1/579 1198/1/579
f 1198/1/579 1197/1/579 1199/1/579
f 1198/1/580 1199/1/580 1200/1/580
f 1200/1/580 1199/1/580 1201/1/580
f 1200/1/581 1201/1/581 1202/1/581
f 1202/1/581 1201/1/581 1203/1/581
f 1202/1/582 1203/1/582 1204/1/582
f 1204/1/582 1203/1/582 1205/1/582
f 1204/1/583 1205/1/583 1206/1/583
f 1206/1/583 1205/1/583 1207/1/583
f 1206/1/584 1207/1/584 1208/1/584
f 1208/1/584 1207/1/584 1209/1/584
f 1208/1/585 1209/1/585 1210/1/585
f 1210/1/585 1209/1/585 1211/1/585
f 1210/1/586 1211/1/586 1212/1/586
f 1212/1/586 1211/1/586 1213/1/586
f 1212/1/587 1213/1/587 1214/1/587
f 1214/1/587 1213/1/587 1215/1/587
f 1214/1/588 1215/1/588 1216/1/588
f 1216/1/588 1215/1/588 1217/1/588
f 1216/1/589 1217/1/589 1218/1/589
f 1218/1/589 1217/1/589 1219/1/589
f 1218/1/590 1219/1/590 1220/1/590
f 1220/1/590 1219/1/590 1221/1/590
f 1220/1/591 1221/1/591 1222/1/591
f 1222/1/591 1221/1/591 1223/1/591
f 1222/1/592 1223/1/592 1224/1/592
f 1224/1/592 1223/1/592 1225/1/592
f 1224/1/593 1225/1/593 1226/1/593
f 1226/1/593 1225/1/593 1227/1/593
f 1226/1/594 1227/1/594 1228/1/594
f 1228/1/594 1227/1/594 1229/1/594
f 1228/1/595 1229/1/595 1230/1/595
f 1230/1/595 1229/1/595 1231/1/595
f 1230/1/596 1231/1/596 1232/1/596
f 1232/1/596 1231/1/596 1233/1/596
f 1232/1/597 1233/1/597 1234/1/597
f 1234/1/597 1233/1/597 1235/1/597
f 1234/1/598 1235/1/598 1236/1/598
f 1236/1/598 1235/1/598 1237/1/598
f 1236/1/599 1237/1/599 1016/1/599
f 1016/1/599 1237/1/599 1017/1/599
f 1238/1/15 1016/1/15 1239/1/15
f 1239/1/15 1016/1/15 1018/1/15
f 1239/1/15 1018/1/15 1020/1/15
f 1016/1/15 1238/1/15 1236/1/15
f 1236/1/15 1238/1/15 1240/1/15
f 1236/1/15 1240/1/15 1234/1/15
f 1234/1/15 1240/1/15 1241/1/15
f 1234/1/15 1241/1/15 1232/1/15
f 1232/1/15 1241/1/15 1242/1/15
f 1232/1/15 1242/1/15 1230/1/15
f 1230/1/15 1242/1/15 1243/1/15
f 1230/1/15 1243/1/15 1228/1/15
f 1228/1/15 1243/1/15 1244/1/15
f 1228/1/15 1244/1/15 1226/1/15
f 1226/1/15 1244/1/15 1224/1/15
f 1224/1/15 1244/1/15 1245/1/15
f 1224/1/15 1245/1/15 1222/1/15
f 1222/1/15 1245/1/15 1246/1/15
f 1222/1/15 1246/1/15 1220/1/15
f 1220/1/15 1246/1/15 1247/1/15
f 1220/1/15 1247/1/15 1218/1/15
f 1218/1/15 1247/1/15 1248/1/15
f 1218/1/15 1248/1/15 1216/1/15
f 1216/1/15 1248/1/15 1249/1/15
f 1216/1/15 1249/1/15 1214/1/15
f 1214/1/15 1249/1/15 1250/1/15
f 1214/1/15 1250/1/15 1212/1/15
f 1212/1/15 1250/1/15 1210/1/15
f 1210/1/15 1250/1/15 1251/1/15
f 1210/1/15 1251/1/15 1208/1/15
f 1208/1/15 1251/1/15 1252/1/15
f 1208/1/15 1252/1/15 1206/1/15
f 1206/1/15 1252/1/15 1253/1/15
f 1206/1/15 1253/1/15 1204/1/15
f 1204/1/15 1253/1/15 1254/1/15
f 1204/1/15 1254/1/15 1202/1/15
f 1202/1/15 1254/1/15 1255/1/15
f 1202/1/15 1255/1/15 1200/1/15
f 1200/1/15 1255/1/15 1256/1/15
f 1200/1/15 1256/1/15 1198/1/15
f 1198/1/15 1256/1/15 1196/1/15
f 1196/1/15 1256/1/15 1257/1/15
f 1196/1/15 1257/1/15 1194/1/15
f 1194/1/15 1257/1/15 1258/1/15
f 1194/1/15 1258/1/15 1192/1/15
f 1192/1/15 1258/1/15 1259/1/15
f 1192/1/15 1259/1/15 1190/1/15
f 1190/1/15 1259/1/15 1260/1/15
f 1190/1/15 1260/1/15 1188/1/15
f 1188/1/15 1260/1/15 1261/1/15
f 1188/1/15 1261/1/15 1186/1/15
f 1186/1/15 1261/1/15 1262/1/15
f 1186/1/15 1262/1/15 1184/1/15
f 1184/1/15 1262/1/15 1182/1/15
f 1182/1/15 1262/1/15 1263/1/15
f 1182/1/15 1263/1/15 1180/1/15
f 1180/1/15 1263/1/15 1264/1/15
f 1180/1/15 1264/1/15 1178/1/15
f 1178/1/15 1264/1/15 1265/1/15
f 1178/1/15 1265/1/15 1176/1/15
f 1176/1/15 1265/1/15 1266/1/15
f 1176/1/15 1266/1/15 1174/1/15
f 1174/1/15 1266/1/15 1267/1/15
f 1174/1/15 1267/1/15 1172/1/15
f 1172/1/15 1267/1/15 1268/1/15
f 1172/1/15 1268/1/15 1170/1/15
f 1170/1/15 1268/1/15 1168/1/15
f 1168/1/15 1268/1/15 1269/1/15
f 1168/1/15 1269/1/15 1166/1/15
f 1166/1/15 1269/1/15 1270/1/15
f 1166/1/15 1270/1/15 1164/1/15
f 1164/1/15 1270/1/15 1271/1/15
f 1164/1/15 1271/1/15 1162/1/15
f 1162/1/15 1271/1/15 1272/1/15
f 1162/1/15 1272/1/15 1160/1/15
f 1160/1/15 1272/1/15 1273/1/15
f 1160/1/15 1273/1/15 1158/1/15
f 1158/1/15 1273/1/15 1274/1/15
f 1158/1/15 1274/1/15 1156/1/15
f 1156/1/15 1274/1/15 1154/1/15
f 1154/1/15 1274/1/15 1275/1/15
f 1154/1/15 1275/1/15 1152/1/15
f 1152/1/15 1275/1/15 1276/1/15
f 1152/1/15 1276/1/15 1150/1/15
f 1150/1/15 1276/1/15 1277/1/15
f 1150/1/15 1277/1/15 1148/1/15
f 1148/1/15 1277/1/15 1278/1/15
f 1148/1/15 1278/1/15 1146/1/15
f 1146/1/15 1278/1/15 1279/1/15
f 1146/1/15 1279/1/15 1144/1/15
f 1144/1/15 1279/1/15 1280/1/15
f 1144/1/15 1280/1/15 1142/1/15
f 1142/1/15 1280/1/15 1140/1/15
f 1140/1/15 1280/1/15 1281/1/15
f 1140/1/15 1281/1/15 1138/1/15
f 1138/1/15 1281/1/15 1282/1/15
f 1138/1/15 1282/1/15 1136/1/15
f 1136/1/15 1282/1/15 1283/1/15
f 1136/1/15 1283/1/15 1134/1/15
f 1134/1/15 1283/1/15 1284/1/15
f 1134/1/15 1284/1/15 1132/1/15
f 1132/1/15 1284/1/15 1285/1/15
f 1132/1/15 1285/1/15 1130/1/15
f 1130/1/15 1285/1/15 1128/1/15
f 1128/1/15 1285/1/15 1286/1/15
f 1128/1/15 1286/1/15 1126/1/15
f 1126/1/15 1286/1/15 1287/1/15
f 1126/1/15 1287/1/15 1124/1/15
f 1124/1/15 1287/1/15 1288/1/15
f 1124/1/15 1288/1/15 1122/1/15
f 1122/1/15 1288/1/15 1289/1/15
f 1122/1/15 1289/1/15 1120/1/15
f 1120/1/15 1289/1/15 1290/1/15
f 1120/1/15 1290/1/15 1118/1/15
f 1118/1/15 1290/1/15 1291/1/15
f 1118/1/15 1291/1/15 1116/1/15
f 1116/1/15 1291/1/15 1114/1/15
f 1114/1/15 1291/1/15 1292/1/15
f 1114/1/15 1292/1/15 1112/1/15
f 1112/1/15 1292/1/15 1293/1/15
f 1112/1/15 1293/1/15 1110/1/15
f 1110/1/15 1293/1/15 1294/1/15
f 1110/1/15 1294/1/15 1108/1/15
f 1108/1/15 1294/1/15 1295/1/15
f 1108/1/15 1295/1/15 1106/1/15
f 1106/1/15 1295/1/15 1296/1/15
f 1106/1/15 1296/1/15 1104/1/15
f 1104/1/15 1296/1/15 1297/1/15
f 1104/1/15 1297/1/15 1102/1/15
f 1102/1/15 1297/1/15 1100/1/15
f 1100/1/15 1297/1/15 1298/1/15
f 1100/1/15 1298/1/15 1098/1/15
f 1098/1/15 1298/1/15 1299/1/15
f 1098/1/15 1299/1/15 1096/1/15
f 1096/1/15 1299/1/15 1300/1/15
f 1096/1/15 1300/1/15 1094/1/15
f 1094/1/15 1300/1/15 1301/1/15
f 1094/1/15 1301/1/15 1092/1/15
f 1092/1/15 1301/1/15 1302/1/15
f 1092/1/15 1302/1/15 1090/1/15
f 1090/1/15 1302/1/15 1303/1/15
f 1090/1/15 1303/1/15 1088/1/15
f 1088/1/15 1303/1/15 1086/1/15
f 1086/1/15 1303/1/15 1304/1/15
f 1086/1/15 1304/1/15 1084/1/15
f 1084/1/15 1304/1/15 1305/1/15
f 1084/1/15 1305/1/15 1082/1/15
f 1082/1/15 1305/1/15 1306/1/15
f 1082/1/15 1306/1/15 1080/1/15
f 1080/1/15 1306/1/15 1307/1/15
f 1080/1/15 1307/1/15 1078/1/15
f 1078/1/15 1307/1/15 1308/1/15
f 1078/1/15 1308/1/15 1076/1/15
f 1076/1/15 1308/1/15 1309/1/15
f 1076/1/15 1309/1/15 1074/1/15
f 1074/1/15 1309/1/15 1072/1/15
f 1072/1/15 1309/1/15 1310/1/15
f 1072/1/15 1310/1/15 1070/1/15
f 1070/1/15 1310/1/15 1311/1/15
f 1070/1/15 1311/1/15 1068/1/15
f 1068/1/15 1311/1/15 1312/1/15
f 1068/1/15 1312/1/15 1066/1/15
f 1066/1/15 1312/1/15 1313/1/15
f 1066/1/15 1313/1/15 1064/1/15
f 1064/1/15 1313/1/15 1314/1/15
f 1064/1/15 1314/1/15 1062/1/15
f 1062/1/15 1314/1/15 1315/1/15
f 1062/1/15 1315/1/15 1060/1/15
f 1060/1/15 1315/1/15 1058/1/15
f 1058/1/15 1315/1/15 1316/1/15
f 1058/1/15 1316/1/15 1056/1/15
f 1056/1/15 1316/1/15 1317/1/15
f 1056/1/15 1317/1/15 1054/1/15
f 1054/1/15 1317/1/15 1318/1/15
f 1054/1/15 1318/1/15 1052/1/15
f 1052/1/15 1318/1/15 1319/1/15
f 1052/1/15 1319/1/15 1050/1/15
f 1050/1/15 1319/1/15 1320/1/15
f 1050/1/15 1320/1/15 1048/1/15
f 1048/1/15 1320/1/15 1321/1/15
f 1048/1/15 1321/1/15 1046/1/15
f 1046/1/15 1321/1/15 1044/1/15
f 1044/1/15 1321/1/15 1322/1/15
f 1044/1/15 1322/1/15 1042/1/15
f 1042/1/15 1322/1/15 1323/1/15
f 1042/1/15 1323/1/15 1040/1/15
f 1040/1/15 1323/1/15 1324/1/15
f 1040/1/15 1324/1/15 1038/1/15
f 1038/1/15 1324/1/15 1325/1/15
f 1038/1/15 1325/1/15 1036/1/15
f 1036/1/15 1325/1/15 1326/1/15
f 1036/1/15 1326/1/15 1034/1/15
f 1034/1/15 1326/1/15 1327/1/15
f 1034/1/15 1327/1/15 1032/1/15
f 1032/1/15 1327/1/15 1030/1/15
f 1030/1/15 1327/1/15 1328/1/15
f 1030/1/15 1328/1/15 1028/1/15
f 1028/1/15 1328/1/15 1329/1/15
f 1028/1/15 1329/1/15 1026/1/15
f 1026/1/15 1329/1/15 1330/1/15
f 1026/1/15 1330/1/15 1024/1/15
f 1024/1/15 1330/1/15 1331/1/15
f 1024/1/15 1331/1/15 1022/1/15
f 1022/1/15 1331/1/15 1332/1/15
f 1022/1/15 1332/1/15 1020/1/15
f 1020/1/15 1332/1/15 1239/1/15
f 891/1/600 1333/1/600 890/1/600
f 890/1/601 1333/1/601 1334/1/601
f 890/1/602 1334/1/602 889/1/602
f 889/1/603 1334/1/603 1335/1/603
f 889/1/475 1335/1/475 888/1/475
f 888/1/476 1335/1/476 887/1/476
f 887/1/604 1335/1/604 1336/1/604
f 887/1/605 1336/1/605 886/1/605
f 886/1/606 1336/1/606 1337/1/606
f 886/1/607 1337/1/607 885/1/607
f 885/1/608 1337/1/608 1338/1/608
f 885/1/609 1338/1/609 884/1/609
f 884/1/610 1338/1/610 1339/1/610
f 884/1/611 1339/1/611 883/1/611
f 883/1/612 1339/1/612 1340/1/612
f 883/1/613 1340/1/613 882/1/613
f 882/1/614 1340/1/614 1341/1/614
f 882/1/615 1341/1/615 881/1/615
f 881/1/616 1341/1/616 1342/1/616
f 881/1/617 1342/1/617 880/1/617
f 880/1/618 1342/1/618 1343/1/618
f 880/1/619 1343/1/619 879/1/619
f 879/1/620 1343/1/620 1344/1/620
f 879/1/621 1344/1/621 878/1/621
f 878/1/622 1344/1/622 1345/1/622
f 878/1/623 1345/1/623 1346/1/623
f 1346/1/624 1345/1/624 1347/1/624
f 1346/1/624 1347/1/624 1348/1/624
f 1348/1/625 1347/1/625 1349/1/625
f 1348/1/626 1349/1/626 950/1/626
f 950/1/627 1349/1/627 951/1/627
f 951/1/628 1349/1/628 1350/1/628
f 951/1/629 1350/1/629 952/1/629
f 952/1/630 1350/1/630 1351/1/630
f 952/1/631 1351/1/631 953/1/631
f 953/1/632 1351/1/632 1352/1/632
f 953/1/633 1352/1/633 954/1/633
f 954/1/634 1352/1/634 1353/1/634
f 954/1/635 1353/1/635 955/1/635
f 955/1/636 1353/1/636 1354/1/636
f 955/1/637 1354/1/637 956/1/637
f 956/1/638 1354/1/638 1355/1/638
f 956/1/639 1355/1/639 957/1/639
f 957/1/640 1355/1/640 1356/1/640
f 957/1/641 1356/1/641 958/1/641
f 958/1/642 1356/1/642 1357/1/642
f 958/1/643 1357/1/643 959/1/643
f 959/1/644 1357/1/644 1358/1/644
f 959/1/645 1358/1/645 960/1/645
f 960/1/646 1358/1/646 1359/1/646
f 960/1/647 1359/1/647 961/1/647
f 961/1/648 1359/1/648 1360/1/648
f 961/1/649 1360/1/649 962/1/649
f 962/1/650 1360/1/650 1361/1/650
f 962/1/651 1361/1/651 963/1/651
f 963/1/652 1361/1/652 1362/1/652
f 963/1/653 1362/1/653 964/1/653
f 964/1/654 1362/1/654 1363/1/654
f 964/1/655 1363/1/655 965/1/655
f 965/1/656 1363/1/656 1364/1/656
f 965/1/657 1364/1/657 966/1/657
f 966/1/658 1364/1/658 1365/1/658
f 966/1/659 1365/1/659 967/1/659
f 967/1/660 1365/1/660 1366/1/660
f 967/1/661 1366/1/661 969/1/661
f 969/1/662 1366/1/662 1367/1/662
f 969/1/663 1367/1/663 970/1/663
f 970/1/664 1367/1/664 1368/1/664
f 970/1/665 1368/1/665 971/1/665
f 971/1/666 1368/1/666 1369/1/666
f 971/1/667 1369/1/667 972/1/667
f 972/1/668 1369/1/668 1370/1/668
f 972/1/669 1370/1/669 973/1/669
f 973/1/670 1370/1/670 1371/1/670
f 973/1/671 1371/1/671 974/1/671
f 974/1/672 1371/1/672 1372/1/672
f 974/1/673 1372/1/673 975/1/673
f 975/1/674 1372/1/674 1373/1/674
f 975/1/675 1373/1/675 976/1/675
f 976/1/676 1373/1/676 1374/1/676
f 976/1/677 1374/1/677 977/1/677
f 977/1/678 1374/1/678 1375/1/678
f 977/1/679 1375/1/679 978/1/679
f 978/1/680 1375/1/680 1376/1/680
f 978/1/681 1376/1/681 979/1/681
f 979/1/682 1376/1/682 1377/1/682
f 979/1/683 1377/1/683 980/1/683
f 980/1/684 1377/1/684 1378/1/684
f 980/1/685 1378/1/685 981/1/685
f 981/1/686 1378/1/686 1379/1/686
f 981/1/687 1379/1/687 982/1/687
f 982/1/688 1379/1/688 1380/1/688
f 982/1/689 1380/1/689 983/1/689
f 983/1/690 1380/1/690 1381/1/690
f 983/1/691 1381/1/691 984/1/691
f 984/1/692 1381/1/692 1382/1/692
f 984/1/693 1382/1/693 985/1/693
f 985/1/694 1382/1/694 1383/1/694
f 985/1/473 1383/1/473 986/1/473
f 986/1/695 1383/1/695 1384/1/695
f 986/1/471 1384/1/471 987/1/471
f 987/1/696 1384/1/696 1385/1/696
f 987/1/469 1385/1/469 988/1/469
f 988/1/697 1385/1/697 1386/1/697
f 988/1/467 1386/1/467 989/1/467
f 989/1/698 1386/1/698 1387/1/698
f 989/1/465 1387/1/465 990/1/465
f 990/1/699 1387/1/699 1388/1/699
f 990/1/449 1388/1/449 991/1/449
f 991/1/700 1388/1/700 1389/1/700
f 991/1/450 1389/1/450 992/1/450
f 992/1/701 1389/1/701 1390/1/701
f 992/1/451 1390/1/451 994/1/451
f 994/1/702 1390/1/702 1391/1/702
f 994/1/453 1391/1/453 995/1/453
f 995/1/703 1391/1/703 1392/1/703
f 995/1/455 1392/1/455 996/1/455
f 996/1/704 1392/1/704 1393/1/704
f 996/1/457 1393/1/457 997/1/457
f 997/1/705 1393/1/705 1394/1/705
f 997/1/706 1394/1/706 998/1/706
f 998/1/707 1394/1/707 1395/1/707
f 998/1/708 1395/1/708 999/1/708
f 999/1/709 1395/1/709 1396/1/709
f 999/1/710 1396/1/710 1000/1/710
f 1000/1/711 1396/1/711 1397/1/711
f 1000/1/712 1397/1/712 1001/1/712
f 1001/1/713 1397/1/713 1398/1/713
f 1001/1/714 1398/1/714 1002/1/714
f 1002/1/715 1398/1/715 1399/1/715
f 1002/1/716 1399/1/716 1003/1/716
f 1003/1/717 1399/1/717 1400/1/717
f 1003/1/718 1400/1/718 1004/1/718
f 1004/1/719 1400/1/719 1401/1/719
f 1004/1/720 1401/1/720 1005/1/720
f 1005/1/721 1401/1/721 1402/1/721
f 1005/1/722 1402/1/722 1006/1/722
f 1006/1/723 1402/1/723 1403/1/723
f 1006/1/724 1403/1/724 1007/1/724
f 1007/1/725 1403/1/725 1404/1/725
f 1007/1/726 1404/1/726 1008/1/726
f 1008/1/727 1404/1/727 1405/1/727
f 1008/1/728 1405/1/728 1009/1/728
f 1009/1/729 1405/1/729 1406/1/729
f 1009/1/730 1406/1/730 1010/1/730
f 1010/1/731 1406/1/731 1407/1/731
f 1010/1/732 1407/1/732 1011/1/732
f 1011/1/733 1407/1/733 1408/1/733
f 1011/1/734 1408/1/734 1012/1/734
f 1012/1/735 1408/1/735 1409/1/735
f 1012/1/736 1409/1/736 1013/1/736
f 1013/1/737 1409/1/737 1410/1/737
f 1013/1/738 1410/1/738 1014/1/738
f 1014/1/739 1410/1/739 1411/1/739
f 1014/1/740 1411/1/740 1015/1/740
f 1015/1/741 1411/1/741 1412/1/741
f 1015/1/742 1412/1/742 916/1/742
f 916/1/743 1412/1/743 917/1/743
f 917/1/744 1412/1/744 1413/1/744
f 917/1/745 1413/1/745 919/1/745
f 919/1/746 1413/1/746 1414/1/746
f 919/1/747 1414/1/747 920/1/747
f 920/1/748 1414/1/748 1415/1/748
f 920/1/749 1415/1/749 921/1/749
f 921/1/750 1415/1/750 1416/1/750
f 921/1/751 1416/1/751 922/1/751
f 922/1/752 1416/1/752 1417/1/752
f 922/1/753 1417/1/753 923/1/753
f 923/1/754 1417/1/754 1418/1/754
f 923/1/755 1418/1/755 924/1/755
f 924/1/756 1418/1/756 1419/1/756
f 924/1/757 1419/1/757 925/1/757
f 925/1/758 1419/1/758 1420/1/758
f 925/1/759 1420/1/759 926/1/759
f 926/1/760 1420/1/760 1421/1/760
f 926/1/761 1421/1/761 927/1/761
f 927/1/762 1421/1/762 1422/1/762
f 927/1/763 1422/1/763 928/1/763
f 928/1/764 1422/1/764 1423/1/764
f 928/1/765 1423/1/765 929/1/765
f 929/1/766 1423/1/766 1424/1/766
f 929/1/767 1424/1/767 930/1/767
f 930/1/768 1424/1/768 1425/1/768
f 930/1/769 1425/1/769 931/1/769
f 931/1/770 1425/1/770 1426/1/770
f 931/1/771 1426/1/771 932/1/771
f 932/1/772 1426/1/772 1427/1/772
f 932/1/773 1427/1/773 933/1/773
f 933/1/774 1427/1/774 1428/1/774
f 933/1/775 1428/1/775 934/1/775
f 934/1/776 1428/1/776 1429/1/776
f 934/1/777 1429/1/777 935/1/777
f 935/1/778 1429/1/778 1430/1/778
f 935/1/779 1430/1/779 1431/1/779
f 1431/1/780 1430/1/780 1432/1/780
f 1431/1/780 1432/1/780 1333/1/780
f 1333/1/781 1432/1/781 1433/1/781
f 1333/1/781 1433/1/781 1434/1/781
f 1434/1/782 1433/1/782 1435/1/782
f 1434/1/782 1435/1/782 1317/1/782
f 1317/1/783 1435/1/783 1318/1/783
f 1318/1/783 1435/1/783 1436/1/783
f 1318/1/784 1436/1/784 1319/1/784
f 1319/1/784 1436/1/784 1437/1/784
f 1319/1/785 1437/1/785 1320/1/785
f 1320/1/785 1437/1/785 1438/1/785
f 1320/1/786 1438/1/786 1321/1/786
f 1321/1/786 1438/1/786 1439/1/786
f 1321/1/787 1439/1/787 1322/1/787
f 1322/1/787 1439/1/787 1440/1/787
f 1322/1/788 1440/1/788 1323/1/788
f 1323/1/788 1440/1/788 1441/1/788
f 1323/1/789 1441/1/789 1324/1/789
f 1324/1/789 1441/1/789 1442/1/789
f 1324/1/790 1442/1/790 1325/1/790
f 1325/1/790 1442/1/790 1443/1/790
f 1325/1/791 1443/1/791 1326/1/791
f 1326/1/791 1443/1/791 1444/1/791
f 1326/1/792 1444/1/792 1327/1/792
f 1327/1/792 1444/1/792 1445/1/792
f 1327/1/793 1445/1/793 1328/1/793
f 1328/1/793 1445/1/793 1446/1/793
f 1328/1/794 1446/1/794 1329/1/794
f 1329/1/794 1446/1/794 1447/1/794
f 1329/1/795 1447/1/795 1330/1/795
f 1330/1/795 1447/1/795 1448/1/795
f 1330/1/748 1448/1/748 1331/1/748
f 1331/1/748 1448/1/748 1449/1/748
f 1331/1/746 1449/1/746 1332/1/746
f 1332/1/746 1449/1/746 1450/1/746
f 1332/1/744 1450/1/744 1239/1/744
f 1239/1/796 1450/1/796 1451/1/796
f 1239/1/797 1451/1/797 1238/1/797
f 1238/1/741 1451/1/741 1452/1/741
f 1238/1/739 1452/1/739 1240/1/739
f 1240/1/739 1452/1/739 1453/1/739
f 1240/1/737 1453/1/737 1241/1/737
f 1241/1/737 1453/1/737 1454/1/737
f 1241/1/798 1454/1/798 1242/1/798
f 1242/1/798 1454/1/798 1455/1/798
f 1242/1/799 1455/1/799 1243/1/799
f 1243/1/799 1455/1/799 1456/1/799
f 1243/1/800 1456/1/800 1244/1/800
f 1244/1/800 1456/1/800 1457/1/800
f 1244/1/801 1457/1/801 1245/1/801
f 1245/1/801 1457/1/801 1458/1/801
f 1245/1/802 1458/1/802 1246/1/802
f 1246/1/802 1458/1/802 1459/1/802
f 1246/1/803 1459/1/803 1247/1/803
f 1247/1/803 1459/1/803 1460/1/803
f 1247/1/804 1460/1/804 1248/1/804
f 1248/1/804 1460/1/804 1461/1/804
f 1248/1/805 1461/1/805 1249/1/805
f 1249/1/805 1461/1/805 1462/1/805
f 1249/1/806 1462/1/806 1250/1/806
f 1250/1/806 1462/1/806 1463/1/806
f 1250/1/807 1463/1/807 1251/1/807
f 1251/1/807 1463/1/807 1464/1/807
f 1251/1/808 1464/1/808 1252/1/808
f 1252/1/808 1464/1/808 1465/1/808
f 1252/1/809 1465/1/809 1253/1/809
f 1253/1/809 1465/1/809 1466/1/809
f 1253/1/810 1466/1/810 1254/1/810
f 1254/1/810 1466/1/810 1467/1/810
f 1254/1/811 1467/1/811 1255/1/811
f 1255/1/811 1467/1/811 1468/1/811
f 1255/1/812 1468/1/812 1256/1/812
f 1256/1/812 1468/1/812 1469/1/812
f 1256/1/813 1469/1/813 1257/1/813
f 1257/1/813 1469/1/813 1470/1/813
f 1257/1/814 1470/1/814 1258/1/814
f 1258/1/814 1470/1/814 1471/1/814
f 1258/1/815 1471/1/815 1259/1/815
f 1259/1/815 1471/1/815 1472/1/815
f 1259/1/816 1472/1/816 1260/1/816
f 1260/1/816 1472/1/816 1473/1/816
f 1260/1/817 1473/1/817 1261/1/817
f 1261/1/817 1473/1/817 1474/1/817
f 1261/1/818 1474/1/818 1262/1/818
f 1262/1/818 1474/1/818 1475/1/818
f 1262/1/819 1475/1/819 1263/1/819
f 1263/1/819 1475/1/819 1476/1/819
f 1263/1/820 1476/1/820 1264/1/820
f 1264/1/820 1476/1/820 1477/1/820
f 1264/1/821 1477/1/821 1265/1/821
f 1265/1/821 1477/1/821 1478/1/821
f 1265/1/822 1478/1/822 1266/1/822
f 1266/1/822 1478/1/822 1479/1/822
f 1266/1/823 1479/1/823 1267/1/823
f 1267/1/823 1479/1/823 1480/1/823
f 1267/1/824 1480/1/824 1268/1/824
f 1268/1/825 1480/1/825 1481/1/825
f 1268/1/826 1481/1/826 1269/1/826
f 1269/1/826 1481/1/826 1482/1/826
f 1269/1/827 1482/1/827 1270/1/827
f 1270/1/827 1482/1/827 1483/1/827
f 1270/1/828 1483/1/828 1271/1/828
f 1271/1/828 1483/1/828 1484/1/828
f 1271/1/829 1484/1/829 1272/1/829
f 1272/1/829 1484/1/829 1485/1/829
f 1272/1/830 1485/1/830 1273/1/830
f 1273/1/830 1485/1/830 1486/1/830
f 1273/1/831 1486/1/831 1274/1/831
f 1274/1/831 1486/1/831 1487/1/831
f 1274/1/832 1487/1/832 1275/1/832
f 1275/1/832 1487/1/832 1488/1/832
f 1275/1/833 1488/1/833 1276/1/833
f 1276/1/833 1488/1/833 1489/1/833
f 1276/1/834 1489/1/834 1277/1/834
f 1277/1/834 1489/1/834 1490/1/834
f 1277/1/835 1490/1/835 1278/1/835
f 1278/1/835 1490/1/835 1491/1/835
f 1278/1/836 1491/1/836 1279/1/836
f 1279/1/836 1491/1/836 1492/1/836
f 1279/1/837 1492/1/837 1280/1/837
f 1280/1/837 1492/1/837 1493/1/837
f 1280/1/838 1493/1/838 1281/1/838
f 1281/1/838 1493/1/838 1494/1/838
f 1281/1/839 1494/1/839 1282/1/839
f 1282/1/839 1494/1/839 1495/1/839
f 1282/1/840 1495/1/840 1283/1/840
f 1283/1/840 1495/1/840 1496/1/840
f 1283/1/841 1496/1/841 1284/1/841
f 1284/1/841 1496/1/841 1497/1/841
f 1284/1/842 1497/1/842 1285/1/842
f 1285/1/842 1497/1/842 1498/1/842
f 1285/1/14 1498/1/14 1286/1/14
f 1286/1/14 1498/1/14 1499/1/14
f 1286/1/843 1499/1/843 1287/1/843
f 1287/1/843 1499/1/843 1500/1/843
f 1287/1/844 1500/1/844 1288/1/844
f 1288/1/844 1500/1/844 1501/1/844
f 1288/1/845 1501/1/845 1289/1/845
f 1289/1/845 1501/1/845 1502/1/845
f 1289/1/846 1502/1/846 1290/1/846
f 1290/1/846 1502/1/846 1503/1/846
f 1290/1/847 1503/1/847 1291/1/847
f 1291/1/847 1503/1/847 1504/1/847
f 1291/1/848 1504/1/848 1292/1/848
f 1292/1/848 1504/1/848 1505/1/848
f 1292/1/849 1505/1/849 1293/1/849
f 1293/1/849 1505/1/849 1506/1/849
f 1293/1/850 1506/1/850 1294/1/850
f 1294/1/850 1506/1/850 1507/1/850
f 1294/1/851 1507/1/851 1295/1/851
f 1295/1/851 1507/1/851 1508/1/851
f 1295/1/852 1508/1/852 1296/1/852
f 1296/1/852 1508/1/852 1509/1/852
f 1296/1/853 1509/1/853 1297/1/853
f 1297/1/853 1509/1/853 1510/1/853
f 1297/1/854 1510/1/854 1298/1/854
f 1298/1/854 1510/1/854 1511/1/854
f 1298/1/855 1511/1/855 1299/1/855
f 1299/1/855 1511/1/855 1512/1/855
f 1299/1/856 1512/1/856 1300/1/856
f 1300/1/856 1512/1/856 1513/1/856
f 1300/1/857 1513/1/857 1301/1/857
f 1301/1/857 1513/1/857 1514/1/857
f 1301/1/625 1514/1/625 1302/1/625
f 1302/1/625 1514/1/625 1515/1/625
f 1302/1/624 1515/1/624 1303/1/624
f 1303/1/624 1515/1/624 1516/1/624
f 1303/1/858 1516/1/858 1304/1/858
f 1304/1/858 1516/1/858 1517/1/858
f 1304/1/859 1517/1/859 1305/1/859
f 1305/1/859 1517/1/859 1518/1/859
f 1305/1/860 1518/1/860 1306/1/860
f 1306/1/860 1518/1/860 1519/1/860
f 1306/1/861 1519/1/861 1307/1/861
f 1307/1/861 1519/1/861 1520/1/861
f 1307/1/862 1520/1/862 1308/1/862
f 1308/1/862 1520/1/862 1521/1/862
f 1308/1/863 1521/1/863 1309/1/863
f 1309/1/863 1521/1/863 1522/1/863
f 1309/1/864 1522/1/864 1310/1/864
f 1310/1/864 1522/1/864 1523/1/864
f 1310/1/865 1523/1/865 1311/1/865
f 1311/1/865 1523/1/865 1524/1/865
f 1311/1/866 1524/1/866 1312/1/866
f 1312/1/866 1524/1/866 1525/1/866
f 1312/1/867 1525/1/867 1313/1/867
f 1313/1/867 1525/1/867 1526/1/867
f 1313/1/868 1526/1/868 1314/1/868
f 1314/1/869 1526/1/869 1527/1/869
f 1314/1/870 1527/1/870 1315/1/870
f 1315/1/870 1527/1/870 1528/1/870
f 1315/1/781 1528/1/781 1316/1/781
f 1316/1/781 1528/1/781 1434/1/781
f 1316/1/782 1434/1/782 1317/1/782
f 892/1/871 1529/1/871 891/1/871
f 891/1/872 1529/1/872 1431/1/872
f 891/1/873 1431/1/873 1333/1/873
f 1529/1/874 892/1/874 1530/1/874
f 1530/1/475 892/1/475 893/1/475
f 1530/1/476 893/1/476 894/1/476
f 1530/1/875 894/1/875 1531/1/875
f 1531/1/876 894/1/876 895/1/876
f 1531/1/877 895/1/877 1532/1/877
f 1532/1/878 895/1/878 896/1/878
f 1532/1/879 896/1/879 1533/1/879
f 1533/1/880 896/1/880 897/1/880
f 1533/1/881 897/1/881 1534/1/881
f 1534/1/882 897/1/882 898/1/882
f 1534/1/883 898/1/883 1535/1/883
f 1535/1/884 898/1/884 899/1/884
f 1535/1/885 899/1/885 1536/1/885
f 1536/1/886 899/1/886 900/1/886
f 1536/1/887 900/1/887 1537/1/887
f 1537/1/888 900/1/888 901/1/888
f 1537/1/889 901/1/889 1538/1/889
f 1538/1/890 901/1/890 902/1/890
f 1538/1/891 902/1/891 1539/1/891
f 1539/1/892 902/1/892 903/1/892
f 1539/1/893 903/1/893 1540/1/893
f 1540/1/623 903/1/623 1346/1/623
f 1540/1/624 1346/1/624 1348/1/624
f 903/1/623 878/1/623 1346/1/623
f 940/1/240 1533/1/240 941/1/240
f 941/1/610 1533/1/610 1534/1/610
f 941/1/242 1534/1/242 942/1/242
f 942/1/612 1534/1/612 1535/1/612
f 942/1/244 1535/1/244 944/1/244
f 944/1/894 1535/1/894 1536/1/894
f 944/1/246 1536/1/246 945/1/246
f 945/1/895 1536/1/895 1537/1/895
f 945/1/248 1537/1/248 946/1/248
f 946/1/896 1537/1/896 1538/1/896
f 946/1/250 1538/1/250 947/1/250
f 947/1/897 1538/1/897 1539/1/897
f 947/1/898 1539/1/898 948/1/898
f 948/1/899 1539/1/899 1540/1/899
f 948/1/900 1540/1/900 949/1/900
f 949/1/901 1540/1/901 1348/1/901
f 949/1/902 1348/1/902 950/1/902
f 1533/1/903 940/1/903 1532/1/903
f 1532/1/238 940/1/238 939/1/238
f 1532/1/904 939/1/904 1531/1/904
f 1531/1/236 939/1/236 938/1/236
f 1531/1/905 938/1/905 1530/1/905
f 1530/1/234 938/1/234 937/1/234
f 1530/1/906 937/1/906 1529/1/906
f 1529/1/232 937/1/232 936/1/232
f 1529/1/907 936/1/907 1431/1/907
f 1431/1/908 936/1/908 935/1/908
f 1451/1/797 1541/1/797 1452/1/797
f 1452/1/741 1541/1/741 1542/1/741
f 1452/1/739 1542/1/739 1453/1/739
f 1453/1/739 1542/1/739 1543/1/739
f 1453/1/737 1543/1/737 1454/1/737
f 1454/1/737 1543/1/737 1544/1/737
f 1454/1/798 1544/1/798 1455/1/798
f 1455/1/798 1544/1/798 1545/1/798
f 1455/1/799 1545/1/799 1456/1/799
f 1456/1/799 1545/1/799 1546/1/799
f 1456/1/800 1546/1/800 1457/1/800
f 1457/1/800 1546/1/800 1547/1/800
f 1457/1/801 1547/1/801 1458/1/801
f 1458/1/801 1547/1/801 1548/1/801
f 1458/1/802 1548/1/802 1459/1/802
f 1459/1/802 1548/1/802 1549/1/802
f 1459/1/803 1549/1/803 1460/1/803
f 1460/1/803 1549/1/803 1550/1/803
f 1460/1/804 1550/1/804 1461/1/804
f 1461/1/804 1550/1/804 1551/1/804
f 1461/1/805 1551/1/805 1462/1/805
f 1462/1/805 1551/1/805 1552/1/805
f 1462/1/806 1552/1/806 1463/1/806
f 1463/1/806 1552/1/806 1553/1/806
f 1463/1/807 1553/1/807 1464/1/807
f 1464/1/807 1553/1/807 1554/1/807
f 1464/1/808 1554/1/808 1465/1/808
f 1465/1/808 1554/1/808 1555/1/808
f 1465/1/809 1555/1/809 1466/1/809
f 1466/1/809 1555/1/809 1556/1/809
f 1466/1/810 1556/1/810 1467/1/810
f 1467/1/810 1556/1/810 1557/1/810
f 1467/1/811 1557/1/811 1468/1/811
f 1468/1/811 1557/1/811 1558/1/811
f 1468/1/812 1558/1/812 1469/1/812
f 1469/1/812 1558/1/812 1559/1/812
f 1469/1/813 1559/1/813 1470/1/813
f 1470/1/813 1559/1/813 1560/1/813
f 1470/1/814 1560/1/814 1471/1/814
f 1471/1/814 1560/1/814 1561/1/814
f 1471/1/815 1561/1/815 1472/1/815
f 1472/1/815 1561/1/815 1562/1/815
f 1472/1/816 1562/1/816 1473/1/816
f 1473/1/816 1562/1/816 1563/1/816
f 1473/1/817 1563/1/817 1474/1/817
f 1474/1/817 1563/1/817 1564/1/817
f 1474/1/818 1564/1/818 1475/1/818
f 1475/1/818 1564/1/818 1565/1/818
f 1475/1/819 1565/1/819 1476/1/819
f 1476/1/819 1565/1/819 1566/1/819
f 1476/1/820 1566/1/820 1477/1/820
f 1477/1/820 1566/1/820 1567/1/820
f 1477/1/821 1567/1/821 1478/1/821
f 1478/1/821 1567/1/821 1568/1/821
f 1478/1/822 1568/1/822 1479/1/822
f 1479/1/822 1568/1/822 1569/1/822
f 1479/1/823 1569/1/823 1480/1/823
f 1480/1/823 1569/1/823 1570/1/823
f 1480/1/824 1570/1/824 1481/1/824
f 1481/1/825 1570/1/825 1571/1/825
f 1481/1/826 1571/1/826 1482/1/826
f 1482/1/826 1571/1/826 1572/1/826
f 1482/1/827 1572/1/827 1483/1/827
f 1483/1/827 1572/1/827 1573/1/827
f 1483/1/828 1573/1/828 1484/1/828
f 1484/1/828 1573/1/828 1574/1/828
f 1484/1/829 1574/1/829 1485/1/829
f 1485/1/829 1574/1/829 1575/1/829
f 1485/1/830 1575/1/830 1486/1/830
f 1486/1/830 1575/1/830 1576/1/830
f 1486/1/831 1576/1/831 1487/1/831
f 1487/1/831 1576/1/831 1577/1/831
f 1487/1/832 1577/1/832 1488/1/832
f 1488/1/832 1577/1/832 1578/1/832
f 1488/1/833 1578/1/833 1489/1/833
f 1489/1/833 1578/1/833 1579/1/833
f 1489/1/834 1579/1/834 1490/1/834
f 1490/1/834 1579/1/834 1580/1/834
f 1490/1/835 1580/1/835 1491/1/835
f 1491/1/835 1580/1/835 1581/1/835
f 1491/1/836 1581/1/836 1492/1/836
f 1492/1/836 1581/1/836 1582/1/836
f 1492/1/837 1582/1/837 1493/1/837
f 1493/1/837 1582/1/837 1583/1/837
f 1493/1/838 1583/1/838 1494/1/838
f 1494/1/838 1583/1/838 1584/1/838
f 1494/1/839 1584/1/839 1495/1/839
f 1495/1/839 1584/1/839 1585/1/839
f 1495/1/840 1585/1/840 1496/1/840
f 1496/1/840 1585/1/840 1586/1/840
f 1496/1/841 1586/1/841 1497/1/841
f 1497/1/841 1586/1/841 1587/1/841
f 1497/1/842 1587/1/842 1498/1/842
f 1498/1/842 1587/1/842 1588/1/842
f 1498/1/14 1588/1/14 1499/1/14
f 1499/1/14 1588/1/14 1589/1/14
f 1499/1/843 1589/1/843 1500/1/843
f 1500/1/843 1589/1/843 1590/1/843
f 1500/1/844 1590/1/844 1501/1/844
f 1501/1/844 1590/1/844 1591/1/844
f 1501/1/845 1591/1/845 1502/1/845
f 1502/1/845 1591/1/845 1592/1/845
f 1502/1/846 1592/1/846 1503/1/846
f 1503/1/846 1592/1/846 1593/1/846
f 1503/1/847 1593/1/847 1504/1/847
f 1504/1/847 1593/1/847 1594/1/847
f 1504/1/848 1594/1/848 1505/1/848
f 1505/1/848 1594/1/848 1595/1/848
f 1505/1/849 1595/1/849 1506/1/849
f 1506/1/849 1595/1/849 1596/1/849
f 1506/1/850 1596/1/850 1507/1/850
f 1507/1/850 1596/1/850 1597/1/850
f 1507/1/851 1597/1/851 1508/1/851
f 1508/1/851 1597/1/851 1598/1/851
f 1508/1/852 1598/1/852 1509/1/852
f 1509/1/852 1598/1/852 1599/1/852
f 1509/1/853 1599/1/853 1510/1/853
f 1510/1/853 1599/1/853 1600/1/853
f 1510/1/854 1600/1/854 1511/1/854
f 1511/1/854 1600/1/854 1601/1/854
f 1511/1/855 1601/1/855 1512/1/855
f 1512/1/855 1601/1/855 1602/1/855
f 1512/1/856 1602/1/856 1513/1/856
f 1513/1/856 1602/1/856 1603/1/856
f 1513/1/857 1603/1/857 1514/1/857
f 1514/1/857 1603/1/857 1604/1/857
f 1514/1/625 1604/1/625 1515/1/625
f 1515/1/625 1604/1/625 1605/1/625
f 1515/1/624 1605/1/624 1516/1/624
f 1516/1/624 1605/1/624 1345/1/624
f 1516/1/858 1345/1/858 1517/1/858
f 1517/1/858 1345/1/858 1344/1/858
f 1517/1/859 1344/1/859 1518/1/859
f 1518/1/859 1344/1/859 1343/1/859
f 1518/1/860 1343/1/860 1519/1/860
f 1519/1/860 1343/1/860 1342/1/860
f 1519/1/861 1342/1/861 1520/1/861
f 1520/1/861 1342/1/861 1341/1/861
f 1520/1/862 1341/1/862 1521/1/862
f 1521/1/862 1341/1/862 1340/1/862
f 1521/1/863 1340/1/863 1522/1/863
f 1522/1/863 1340/1/863 1339/1/863
f 1522/1/864 1339/1/864 1523/1/864
f 1523/1/864 1339/1/864 1338/1/864
f 1523/1/865 1338/1/865 1524/1/865
f 1524/1/865 1338/1/865 1337/1/865
f 1524/1/866 1337/1/866 1525/1/866
f 1525/1/866 1337/1/866 1336/1/866
f 1525/1/867 1336/1/867 1526/1/867
f 1526/1/867 1336/1/867 1335/1/867
f 1526/1/869 1335/1/869 1527/1/869
f 1527/1/869 1335/1/869 1334/1/869
f 1527/1/870 1334/1/870 1528/1/870
f 1528/1/870 1334/1/870 1333/1/870
f 1528/1/781 1333/1/781 1434/1/781
f 1541/1/797 1606/1/797 1542/1/797
f 1542/1/741 1606/1/741 1607/1/741
f 1542/1/739 1607/1/739 1543/1/739
f 1543/1/739 1607/1/739 1608/1/739
f 1543/1/737 1608/1/737 1544/1/737
f 1544/1/737 1608/1/737 1609/1/737
f 1544/1/798 1609/1/798 1545/1/798
f 1545/1/798 1609/1/798 1610/1/798
f 1545/1/799 1610/1/799 1546/1/799
f 1546/1/799 1610/1/799 1611/1/799
f 1546/1/800 1611/1/800 1547/1/800
f 1547/1/800 1611/1/800 1612/1/800
f 1547/1/801 1612/1/801 1548/1/801
f 1548/1/801 1612/1/801 1613/1/801
f 1548/1/802 1613/1/802 1549/1/802
f 1549/1/802 1613/1/802 1614/1/802
f 1549/1/803 1614/1/803 1550/1/803
f 1550/1/803 1614/1/803 1615/1/803
f 1550/1/804 1615/1/804 1551/1/804
f 1551/1/804 1615/1/804 1616/1/804
f 1551/1/805 1616/1/805 1552/1/805
f 1552/1/805 1616/1/805 1617/1/805
f 1552/1/806 1617/1/806 1553/1/806
f 1553/1/806 1617/1/806 1618/1/806
f 1553/1/807 1618/1/807 1554/1/807
f 1554/1/807 1618/1/807 1619/1/807
f 1554/1/808 1619/1/808 1555/1/808
f 1555/1/808 1619/1/808 1620/1/808
f 1555/1/809 1620/1/809 1556/1/809
f 1556/1/809 1620/1/809 1621/1/809
f 1556/1/810 1621/1/810 1557/1/810
f 1557/1/810 1621/1/810 1622/1/810
f 1557/1/811 1622/1/811 1558/1/811
f 1558/1/811 1622/1/811 1623/1/811
f 1558/1/812 1623/1/812 1559/1/812
f 1559/1/812 1623/1/812 1624/1/812
f 1559/1/813 1624/1/813 1560/1/813
f 1560/1/813 1624/1/813 1625/1/813
f 1560/1/814 1625/1/814 1561/1/814
f 1561/1/814 1625/1/814 1626/1/814
f 1561/1/815 1626/1/815 1562/1/815
f 1562/1/815 1626/1/815 1627/1/815
f 1562/1/816 1627/1/816 1563/1/816
f 1563/1/816 1627/1/816 1628/1/816
f 1563/1/817 1628/1/817 1564/1/817
f 1564/1/817 1628/1/817 1629/1/817
f 1564/1/818 1629/1/818 1565/1/818
f 1565/1/818 1629/1/818 1630/1/818
f 1565/1/819 1630/1/819 1566/1/819
f 1566/1/819 1630/1/819 1631/1/819
f 1566/1/820 1631/1/820 1567/1/820
f 1567/1/820 1631/1/820 1632/1/820
f 1567/1/821 1632/1/821 1568/1/821
f 1568/1/821 1632/1/821 1633/1/821
f 1568/1/822 1633/1/822 1569/1/822
f 1569/1/822 1633/1/822 1634/1/822
f 1569/1/823 1634/1/823 1570/1/823
f 1570/1/823 1634/1/823 1635/1/823
f 1570/1/824 1635/1/824 1571/1/824
f 1571/1/825 1635/1/825 1636/1/825
f 1571/1/826 1636/1/826 1572/1/826
f 1572/1/826 1636/1/826 1637/1/826
f 1572/1/827 1637/1/827 1573/1/827
f 1573/1/827 1637/1/827 1638/1/827
f 1573/1/828 1638/1/828 1574/1/828
f 1574/1/828 1638/1/828 1639/1/828
f 1574/1/829 1639/1/829 1575/1/829
f 1575/1/829 1639/1/829 1640/1/829
f 1575/1/830 1640/1/830 1576/1/830
f 1576/1/830 1640/1/830 1641/1/830
f 1576/1/831 1641/1/831 1577/1/831
f 1577/1/831 1641/1/831 1642/1/831
f 1577/1/832 1642/1/832 1578/1/832
f 1578/1/832 1642/1/832 1643/1/832
f 1578/1/833 1643/1/833 1579/1/833
f 1579/1/833 1643/1/833 1644/1/833
f 1579/1/834 1644/1/834 1580/1/834
f 1580/1/834 1644/1/834 1645/1/834
f 1580/1/835 1645/1/835 1581/1/835
f 1581/1/835 1645/1/835 1646/1/835
f 1581/1/836 1646/1/836 1582/1/836
f 1582/1/836 1646/1/836 1647/1/836
f 1582/1/837 1647/1/837 1583/1/837
f 1583/1/837 1647/1/837 1648/1/837
f 1583/1/838 1648/1/838 1584/1/838
f 1584/1/838 1648/1/838 1649/1/838
f 1584/1/839 1649/1/839 1585/1/839
f 1585/1/839 1649/1/839 1650/1/839
f 1585/1/840 1650/1/840 1586/1/840
f 1586/1/840 1650/1/840 1651/1/840
f 1586/1/841 1651/1/841 1587/1/841
f 1587/1/841 1651/1/841 1652/1/841
f 1587/1/842 1652/1/842 1588/1/842
f 1588/1/842 1652/1/842 1653/1/842
f 1588/1/14 1653/1/14 1589/1/14
f 1589/1/14 1653/1/14 1654/1/14
f 1589/1/843 1654/1/843 1590/1/843
f 1590/1/843 1654/1/843 1655/1/843
f 1590/1/844 1655/1/844 1591/1/844
f 1591/1/844 1655/1/844 1656/1/844
f 1591/1/845 1656/1/845 1592/1/845
f 1592/1/845 1656/1/845 1657/1/845
f 1592/1/846 1657/1/846 1593/1/846
f 1593/1/846 1657/1/846 1658/1/846
f 1593/1/847 1658/1/847 1594/1/847
f 1594/1/847 1658/1/847 1659/1/847
f 1594/1/848 1659/1/848 1595/1/848
f 1595/1/848 1659/1/848 1660/1/848
f 1595/1/849 1660/1/849 1596/1/849
f 1596/1/849 1660/1/849 1661/1/849
f 1596/1/850 1661/1/850 1597/1/850
f 1597/1/850 1661/1/850 1662/1/850
f 1597/1/851 1662/1/851 1598/1/851
f 1598/1/851 1662/1/851 1663/1/851
f 1598/1/852 1663/1/852 1599/1/852
f 1599/1/852 1663/1/852 1664/1/852
f 1599/1/853 1664/1/853 1600/1/853
f 1600/1/853 1664/1/853 1665/1/853
f 1600/1/854 1665/1/854 1601/1/854
f 1601/1/854 1665/1/854 1666/1/854
f 1601/1/855 1666/1/855 1602/1/855
f 1602/1/855 1666/1/855 1667/1/855
f 1602/1/856 1667/1/856 1603/1/856
f 1603/1/856 1667/1/856 1668/1/856
f 1603/1/857 1668/1/857 1604/1/857
f 1604/1/857 1668/1/857 1669/1/857
f 1604/1/625 1669/1/625 1605/1/625
f 1605/1/625 1669/1/625 1347/1/625
f 1605/1/624 1347/1/624 1345/1/624
f 1541/1/796 1451/1/796 1670/1/796
f 1670/1/744 1451/1/744 1450/1/744
f 1670/1/746 1450/1/746 1671/1/746
f 1671/1/746 1450/1/746 1449/1/746
f 1671/1/748 1449/1/748 1672/1/748
f 1672/1/748 1449/1/748 1448/1/748
f 1672/1/795 1448/1/795 1673/1/795
f 1673/1/795 1448/1/795 1447/1/795
f 1673/1/794 1447/1/794 1674/1/794
f 1674/1/794 1447/1/794 1446/1/794
f 1674/1/793 1446/1/793 1675/1/793
f 1675/1/793 1446/1/793 1445/1/793
f 1675/1/792 1445/1/792 1676/1/792
f 1676/1/792 1445/1/792 1444/1/792
f 1676/1/791 1444/1/791 1677/1/791
f 1677/1/791 1444/1/791 1443/1/791
f 1677/1/790 1443/1/790 1678/1/790
f 1678/1/790 1443/1/790 1442/1/790
f 1678/1/789 1442/1/789 1679/1/789
f 1679/1/789 1442/1/789 1441/1/789
f 1679/1/788 1441/1/788 1680/1/788
f 1680/1/788 1441/1/788 1440/1/788
f 1680/1/787 1440/1/787 1681/1/787
f 1681/1/787 1440/1/787 1439/1/787
f 1681/1/786 1439/1/786 1682/1/786
f 1682/1/786 1439/1/786 1438/1/786
f 1682/1/785 1438/1/785 1683/1/785
f 1683/1/785 1438/1/785 1437/1/785
f 1683/1/784 1437/1/784 1684/1/784
f 1684/1/784 1437/1/784 1436/1/784
f 1684/1/783 1436/1/783 1685/1/783
f 1685/1/783 1436/1/783 1435/1/783
f 1685/1/782 1435/1/782 1433/1/782
f 1606/1/797 1412/1/797 1607/1/797
f 1607/1/741 1412/1/741 1411/1/741
f 1607/1/739 1411/1/739 1608/1/739
f 1608/1/739 1411/1/739 1410/1/739
f 1608/1/737 1410/1/737 1609/1/737
f 1609/1/737 1410/1/737 1409/1/737
f 1609/1/798 1409/1/798 1610/1/798
f 1610/1/798 1409/1/798 1408/1/798
f 1610/1/799 1408/1/799 1611/1/799
f 1611/1/799 1408/1/799 1407/1/799
f 1611/1/800 1407/1/800 1612/1/800
f 1612/1/800 1407/1/800 1406/1/800
f 1612/1/801 1406/1/801 1613/1/801
f 1613/1/801 1406/1/801 1405/1/801
f 1613/1/802 1405/1/802 1614/1/802
f 1614/1/802 1405/1/802 1404/1/802
f 1614/1/803 1404/1/803 1615/1/803
f 1615/1/803 1404/1/803 1403/1/803
f 1615/1/804 1403/1/804 1616/1/804
f 1616/1/804 1403/1/804 1402/1/804
f 1616/1/805 1402/1/805 1617/1/805
f 1617/1/805 1402/1/805 1401/1/805
f 1617/1/806 1401/1/806 1618/1/806
f 1618/1/806 1401/1/806 1400/1/806
f 1618/1/807 1400/1/807 1619/1/807
f 1619/1/807 1400/1/807 1399/1/807
f 1619/1/808 1399/1/808 1620/1/808
f 1620/1/808 1399/1/808 1398/1/808
f 1620/1/809 1398/1/809 1621/1/809
f 1621/1/809 1398/1/809 1397/1/809
f 1621/1/810 1397/1/810 1622/1/810
f 1622/1/810 1397/1/810 1396/1/810
f 1622/1/811 1396/1/811 1623/1/811
f 1623/1/811 1396/1/811 1395/1/811
f 1623/1/812 1395/1/812 1624/1/812
f 1624/1/812 1395/1/812 1394/1/812
f 1624/1/813 1394/1/813 1625/1/813
f 1625/1/813 1394/1/813 1393/1/813
f 1625/1/814 1393/1/814 1626/1/814
f 1626/1/814 1393/1/814 1392/1/814
f 1626/1/815 1392/1/815 1627/1/815
f 1627/1/815 1392/1/815 1391/1/815
f 1627/1/816 1391/1/816 1628/1/816
f 1628/1/816 1391/1/816 1390/1/816
f 1628/1/817 1390/1/817 1629/1/817
f 1629/1/817 1390/1/817 1389/1/817
f 1629/1/818 1389/1/818 1630/1/818
f 1630/1/818 1389/1/818 1388/1/818
f 1630/1/819 1388/1/819 1631/1/819
f 1631/1/819 1388/1/819 1387/1/819
f 1631/1/820 1387/1/820 1632/1/820
f 1632/1/820 1387/1/820 1386/1/820
f 1632/1/821 1386/1/821 1633/1/821
f 1633/1/821 1386/1/821 1385/1/821
f 1633/1/822 1385/1/822 1634/1/822
f 1634/1/822 1385/1/822 1384/1/822
f 1634/1/823 1384/1/823 1635/1/823
f 1635/1/823 1384/1/823 1383/1/823
f 1635/1/824 1383/1/824 1636/1/824
f 1636/1/825 1383/1/825 1382/1/825
f 1636/1/826 1382/1/826 1637/1/826
f 1637/1/826 1382/1/826 1381/1/826
f 1637/1/827 1381/1/827 1638/1/827
f 1638/1/827 1381/1/827 1380/1/827
f 1638/1/828 1380/1/828 1639/1/828
f 1639/1/828 1380/1/828 1379/1/828
f 1639/1/829 1379/1/829 1640/1/829
f 1640/1/829 1379/1/829 1378/1/829
f 1640/1/830 1378/1/830 1641/1/830
f 1641/1/830 1378/1/830 1377/1/830
f 1641/1/831 1377/1/831 1642/1/831
f 1642/1/831 1377/1/831 1376/1/831
f 1642/1/832 1376/1/832 1643/1/832
f 1643/1/832 1376/1/832 1375/1/832
f 1643/1/833 1375/1/833 1644/1/833
f 1644/1/833 1375/1/833 1374/1/833
f 1644/1/834 1374/1/834 1645/1/834
f 1645/1/834 1374/1/834 1373/1/834
f 1645/1/835 1373/1/835 1646/1/835
f 1646/1/835 1373/1/835 1372/1/835
f 1646/1/836 1372/1/836 1647/1/836
f 1647/1/836 1372/1/836 1371/1/836
f 1647/1/837 1371/1/837 1648/1/837
f 1648/1/837 1371/1/837 1370/1/837
f 1648/1/838 1370/1/838 1649/1/838
f 1649/1/838 1370/1/838 1369/1/838
f 1649/1/839 1369/1/839 1650/1/839
f 1650/1/839 1369/1/839 1368/1/839
f 1650/1/840 1368/1/840 1651/1/840
f 1651/1/840 1368/1/840 1367/1/840
f 1651/1/841 1367/1/841 1652/1/841
f 1652/1/841 1367/1/841 1366/1/841
f 1652/1/842 1366/1/842 1653/1/842
f 1653/1/842 1366/1/842 1365/1/842
f 1653/1/14 1365/1/14 1654/1/14
f 1654/1/14 1365/1/14 1364/1/14
f 1654/1/843 1364/1/843 1655/1/843
f 1655/1/843 1364/1/843 1363/1/843
f 1655/1/844 1363/1/844 1656/1/844
f 1656/1/844 1363/1/844 1362/1/844
f 1656/1/845 1362/1/845 1657/1/845
f 1657/1/845 1362/1/845 1361/1/845
f 1657/1/846 1361/1/846 1658/1/846
f 1658/1/846 1361/1/846 1360/1/846
f 1658/1/847 1360/1/847 1659/1/847
f 1659/1/847 1360/1/847 1359/1/847
f 1659/1/848 1359/1/848 1660/1/848
f 1660/1/848 1359/1/848 1358/1/848
f 1660/1/849 1358/1/849 1661/1/849
f 1661/1/849 1358/1/849 1357/1/849
f 1661/1/850 1357/1/850 1662/1/850
f 1662/1/850 1357/1/850 1356/1/850
f 1662/1/851 1356/1/851 1663/1/851
f 1663/1/851 1356/1/851 1355/1/851
f 1663/1/852 1355/1/852 1664/1/852
f 1664/1/852 1355/1/852 1354/1/852
f 1664/1/853 1354/1/853 1665/1/853
f 1665/1/853 1354/1/853 1353/1/853
f 1665/1/854 1353/1/854 1666/1/854
f 1666/1/854 1353/1/854 1352/1/854
f 1666/1/855 1352/1/855 1667/1/855
f 1667/1/855 1352/1/855 1351/1/855
f 1667/1/856 1351/1/856 1668/1/856
f 1668/1/856 1351/1/856 1350/1/856
f 1668/1/857 1350/1/857 1669/1/857
f 1669/1/857 1350/1/857 1349/1/857
f 1669/1/625 1349/1/625 1347/1/625
f 1606/1/796 1541/1/796 1686/1/796
f 1686/1/744 1541/1/744 1670/1/744
f 1686/1/746 1670/1/746 1687/1/746
f 1687/1/746 1670/1/746 1671/1/746
f 1687/1/748 1671/1/748 1688/1/748
f 1688/1/748 1671/1/748 1672/1/748
f 1688/1/795 1672/1/795 1689/1/795
f 1689/1/795 1672/1/795 1673/1/795
f 1689/1/794 1673/1/794 1690/1/794
f 1690/1/794 1673/1/794 1674/1/794
f 1690/1/793 1674/1/793 1691/1/793
f 1691/1/793 1674/1/793 1675/1/793
f 1691/1/792 1675/1/792 1692/1/792
f 1692/1/792 1675/1/792 1676/1/792
f 1692/1/791 1676/1/791 1693/1/791
f 1693/1/791 1676/1/791 1677/1/791
f 1693/1/790 1677/1/790 1694/1/790
f 1694/1/790 1677/1/790 1678/1/790
f 1694/1/789 1678/1/789 1695/1/789
f 1695/1/789 1678/1/789 1679/1/789
f 1695/1/788 1679/1/788 1696/1/788
f 1696/1/788 1679/1/788 1680/1/788
f 1696/1/787 1680/1/787 1697/1/787
f 1697/1/787 1680/1/787 1681/1/787
f 1697/1/786 1681/1/786 1698/1/786
f 1698/1/786 1681/1/786 1682/1/786
f 1698/1/785 1682/1/785 1699/1/785
f 1699/1/785 1682/1/785 1683/1/785
f 1699/1/784 1683/1/784 1700/1/784
f 1700/1/784 1683/1/784 1684/1/784
f 1700/1/783 1684/1/783 1701/1/783
f 1701/1/783 1684/1/783 1685/1/783
f 1701/1/782 1685/1/782 1702/1/782
f 1702/1/782 1685/1/782 1433/1/782
f 1702/1/781 1433/1/781 1432/1/781
f 1412/1/796 1606/1/796 1413/1/796
f 1413/1/744 1606/1/744 1686/1/744
f 1413/1/746 1686/1/746 1414/1/746
f 1414/1/746 1686/1/746 1687/1/746
f 1414/1/748 1687/1/748 1415/1/748
f 1415/1/748 1687/1/748 1688/1/748
f 1415/1/795 1688/1/795 1416/1/795
f 1416/1/795 1688/1/795 1689/1/795
f 1416/1/794 1689/1/794 1417/1/794
f 1417/1/794 1689/1/794 1690/1/794
f 1417/1/793 1690/1/793 1418/1/793
f 1418/1/793 1690/1/793 1691/1/793
f 1418/1/792 1691/1/792 1419/1/792
f 1419/1/792 1691/1/792 1692/1/792
f 1419/1/791 1692/1/791 1420/1/791
f 1420/1/791 1692/1/791 1693/1/791
f 1420/1/790 1693/1/790 1421/1/790
f 1421/1/790 1693/1/790 1694/1/790
f 1421/1/789 1694/1/789 1422/1/789
f 1422/1/789 1694/1/789 1695/1/789
f 1422/1/788 1695/1/788 1423/1/788
f 1423/1/788 1695/1/788 1696/1/788
f 1423/1/787 1696/1/787 1424/1/787
f 1424/1/787 1696/1/787 1697/1/787
f 1424/1/786 1697/1/786 1425/1/786
f 1425/1/786 1697/1/786 1698/1/786
f 1425/1/785 1698/1/785 1426/1/785
f 1426/1/785 1698/1/785 1699/1/785
f 1426/1/784 1699/1/784 1427/1/784
f 1427/1/784 1699/1/784 1700/1/784
f 1427/1/783 1700/1/783 1428/1/783
f 1428/1/783 1700/1/783 1701/1/783
f 1428/1/782 1701/1/782 1429/1/782
f 1429/1/782 1701/1/782 1702/1/782
f 1429/1/781 1702/1/781 1430/1/781
f 1430/1/781 1702/1/781 1432/1/781
f 1017/1/13 1131/1/13 1019/1/13
f 1019/1/13 1131/1/13 1129/1/13
f 1019/1/13 1129/1/13 1021/1/13
f 1021/1/13 1129/1/13 1127/1/13
f 1021/1/13 1127/1/13 1023/1/13
f 1023/1/13 1127/1/13 1125/1/13
f 1023/1/13 1125/1/13 1025/1/13
f 1025/1/13 1125/1/13 1123/1/13
f 1025/1/13 1123/1/13 1027/1/13
f 1027/1/13 1123/1/13 1121/1/13
f 1027/1/13 1121/1/13 1029/1/13
f 1029/1/13 1121/1/13 1119/1/13
f 1029/1/13 1119/1/13 1031/1/13
f 1031/1/13 1119/1/13 1117/1/13
f 1031/1/13 1117/1/13 1033/1/13
f 1033/1/13 1117/1/13 1115/1/13
f 1033/1/13 1115/1/13 1035/1/13
f 1035/1/13 1115/1/13 1113/1/13
f 1035/1/13 1113/1/13 1037/1/13
f 1037/1/13 1113/1/13 1111/1/13
f 1037/1/13 1111/1/13 1039/1/13
f 1039/1/13 1111/1/13 1109/1/13
f 1039/1/13 1109/1/13 1041/1/13
f 1041/1/13 1109/1/13 1107/1/13
f 1041/1/13 1107/1/13 1043/1/13
f 1043/1/13 1107/1/13 1105/1/13
f 1043/1/13 1105/1/13 1045/1/13
f 1045/1/13 1105/1/13 1103/1/13
f 1045/1/13 1103/1/13 1047/1/13
f 1047/1/13 1103/1/13 1101/1/13
f 1047/1/13 1101/1/13 1049/1/13
f 1049/1/13 1101/1/13 1099/1/13
f 1049/1/13 1099/1/13 1051/1/13
f 1051/1/13 1099/1/13 1097/1/13
f 1051/1/13 1097/1/13 1053/1/13
f 1053/1/13 1097/1/13 1095/1/13
f 1053/1/13 1095/1/13 1055/1/13
f 1055/1/13 1095/1/13 1093/1/13
f 1055/1/13 1093/1/13 1057/1/13
f 1057/1/13 1093/1/13 1091/1/13
f 1057/1/13 1091/1/13 1059/1/13
f 1059/1/13 1091/1/13 1089/1/13
f 1059/1/13 1089/1/13 1061/1/13
f 1061/1/13 1089/1/13 1087/1/13
f 1061/1/13 1087/1/13 1063/1/13
f 1063/1/13 1087/1/13 1085/1/13
f 1063/1/13 1085/1/13 1065/1/13
f 1065/1/13 1085/1/13 1083/1/13
f 1065/1/13 1083/1/13 1067/1/13
f 1067/1/13 1083/1/13 1081/1/13
f 1067/1/13 1081/1/13 1069/1/13
f 1069/1/13 1081/1/13 1079/1/13
f 1069/1/13 1079/1/13 1071/1/13
f 1071/1/13 1079/1/13 1077/1/13
f 1071/1/13 1077/1/13 1073/1/13
f 1073/1/13 1077/1/13 1075/1/13
f 1131/1/13 1017/1/13 1133/1/13
f 1133/1/13 1017/1/13 1237/1/13
f 1133/1/13 1237/1/13 1135/1/13
f 1135/1/13 1237/1/13 1235/1/13
f 1135/1/13 1235/1/13 1137/1/13
f 1137/1/13 1235/1/13 1233/1/13
f 1137/1/13 1233/1/13 1139/1/13
f 1139/1/13 1233/1/13 1231/1/13
f 1139/1/13 1231/1/13 1141/1/13
f 1141/1/13 1231/1/13 1229/1/13
f 1141/1/13 1229/1/13 1143/1/13
f 1143/1/13 1229/1/13 1145/1/13
f 1145/1/13 1229/1/13 1147/1/13
f 1147/1/13 1229/1/13 1149/1/13
f 1149/1/13 1229/1/13 1151/1/13
f 1151/1/13 1229/1/13 1153/1/13
f 1153/1/13 1229/1/13 1155/1/13
f 1155/1/13 1229/1/13 1157/1/13
f 1157/1/13 1229/1/13 1159/1/13
f 1159/1/13 1229/1/13 1161/1/13
f 1161/1/13 1229/1/13 1163/1/13
f 1163/1/13 1229/1/13 1165/1/13
f 1165/1/13 1229/1/13 1167/1/13
f 1167/1/13 1229/1/13 1169/1/13
f 1169/1/13 1229/1/13 1171/1/13
f 1171/1/13 1229/1/13 1173/1/13
f 1173/1/13 1229/1/13 1175/1/13
f 1175/1/13 1229/1/13 1177/1/13
f 1177/1/13 1229/1/13 1179/1/13
f 1179/1/13 1229/1/13 1181/1/13
f 1181/1/13 1229/1/13 1183/1/13
f 1183/1/13 1229/1/13 1185/1/13
f 1185/1/13 1229/1/13 1187/1/13
f 1187/1/13 1229/1/13 1189/1/13
f 1189/1/13 1229/1/13 1191/1/13
f 1191/1/13 1229/1/13 1193/1/13
f 1193/1/13 1229/1/13 1195/1/13
f 1195/1/13 1229/1/13 1197/1/13
f 1197/1/13 1229/1/13 1199/1/13
f 1199/1/13 1229/1/13 1201/1/13
f 1201/1/13 1229/1/13 1203/1/13
f 1203/1/13 1229/1/13 1205/1/13
f 1205/1/13 1229/1/13 1207/1/13
f 1207/1/13 1229/1/13 1209/1/13
f 1209/1/13 1229/1/13 1211/1/13
f 1211/1/13 1229/1/13 1213/1/13
f 1213/1/13 1229/1/13 1215/1/13
f 1215/1/13 1229/1/13 1217/1/13
f 1217/1/13 1229/1/13 1219/1/13
f 1219/1/13 1229/1/13 1221/1/13
f 1221/1/13 1229/1/13 1223/1/13
f 1223/1/13 1229/1/13 1225/1/13
f 1225/1/13 1229/1/13 1227/1/13
f 1703/1/909 1704/1/909 1705/1/909
f 1705/1/909 1704/1/909 1706/1/909
f 1705/1/909 1706/1/909 1707/1/909
f 1707/1/909 1706/1/909 1708/1/909
f 1706/1/14 1709/1/14 1708/1/14
f 1708/1/14 1709/1/14 1710/1/14
f 1711/1/16 1704/1/16 1712/1/16
f 1712/1/16 1704/1/16 1703/1/16
f 1710/1/910 1709/1/910 1713/1/910
f 1713/1/910 1709/1/910 1711/1/910
f 1713/1/910 1711/1/910 1714/1/910
f 1714/1/910 1711/1/910 1712/1/910
f 1715/1/909 1716/1/909 1717/1/909
f 1717/1/909 1716/1/909 1718/1/909
f 1717/1/909 1718/1/909 1719/1/909
f 1720/1/909 1721/1/909 1715/1/909
f 1715/1/909 1721/1/909 1722/1/909
f 1715/1/909 1722/1/909 1723/1/909
f 1723/1/909 1722/1/909 1724/1/909
f 1724/1/909 1722/1/909 1725/1/909
f 1724/1/909 1725/1/909 1726/1/909
f 1726/1/909 1725/1/909 1727/1/909
f 1726/1/909 1727/1/909 1728/1/909
f 1728/1/909 1727/1/909 1729/1/909
f 1728/1/909 1729/1/909 1730/1/909
f 1721/1/909 1720/1/909 1731/1/909
f 1731/1/909 1720/1/909 1727/1/909
f 1731/1/909 1727/1/909 1725/1/909
f 1732/1/909 1733/1/909 1730/1/909
f 1730/1/909 1733/1/909 1734/1/909
f 1730/1/909 1734/1/909 1735/1/909
f 1735/1/909 1734/1/909 1736/1/909
f 1735/1/909 1736/1/909 1737/1/909
f 1737/1/909 1736/1/909 1738/1/909
f 1737/1/909 1738/1/909 1739/1/909
f 1739/1/909 1738/1/909 1740/1/909
f 1739/1/909 1740/1/909 1716/1/909
f 1716/1/909 1740/1/909 1718/1/909
f 1732/1/909 1741/1/909 1733/1/909
f 1733/1/909 1741/1/909 1742/1/909
f 1742/1/909 1741/1/909 1743/1/909
f 1743/1/909 1741/1/909 1744/1/909
f 1743/1/909 1744/1/909 1736/1/909
f 1744/1/909 1741/1/909 1745/1/909
f 1745/1/909 1741/1/909 1717/1/909
f 1745/1/909 1717/1/909 1746/1/909
f 1746/1/909 1717/1/909 1719/1/909
f 1746/1/909 1740/1/909 1745/1/909
f 1745/1/909 1740/1/909 1738/1/909
f 1739/1/909 1724/1/909 1737/1/909
f 1737/1/909 1724/1/909 1726/1/909
f 1723/1/909 1716/1/909 1715/1/909
f 1734/1/909 1743/1/909 1736/1/909
f 1735/1/909 1728/1/909 1730/1/909
f 1747/1/910 1748/1/910 1749/1/910
f 1749/1/910 1748/1/910 1750/1/910
f 1749/1/910 1750/1/910 1751/1/910
f 1752/1/910 1753/1/910 1747/1/910
f 1747/1/910 1753/1/910 1754/1/910
f 1747/1/910 1754/1/910 1755/1/910
f 1756/1/910 1757/1/910 1752/1/910
f 1752/1/910 1757/1/910 1758/1/910
f 1752/1/910 1758/1/910 1759/1/910
f 1759/1/910 1758/1/910 1760/1/910
f 1759/1/910 1760/1/910 1761/1/910
f 1761/1/910 1760/1/910 1762/1/910
f 1761/1/910 1762/1/910 1763/1/910
f 1763/1/910 1762/1/910 1764/1/910
f 1764/1/910 1762/1/910 1765/1/910
f 1764/1/910 1765/1/910 1766/1/910
f 1757/1/910 1756/1/910 1767/1/910
f 1767/1/910 1756/1/910 1762/1/910
f 1767/1/910 1762/1/910 1760/1/910
f 1768/1/910 1769/1/910 1766/1/910
f 1766/1/910 1769/1/910 1770/1/910
f 1766/1/910 1770/1/910 1771/1/910
f 1771/1/910 1770/1/910 1748/1/910
f 1748/1/910 1770/1/910 1750/1/910
f 1769/1/910 1768/1/910 1751/1/910
f 1751/1/910 1768/1/910 1749/1/910
f 1761/1/910 1763/1/910 1772/1/910
f 1772/1/910 1763/1/910 1773/1/910
f 1772/1/910 1773/1/910 1774/1/910
f 1774/1/910 1773/1/910 1775/1/910
f 1774/1/910 1775/1/910 1776/1/910
f 1776/1/910 1775/1/910 1777/1/910
f 1776/1/910 1777/1/910 1747/1/910
f 1747/1/910 1777/1/910 1748/1/910
f 1773/1/910 1778/1/910 1775/1/910
f 1775/1/910 1778/1/910 1771/1/910
f 1771/1/910 1778/1/910 1766/1/910
f 1778/1/910 1764/1/910 1766/1/910
f 1759/1/910 1753/1/910 1752/1/910
f 1753/1/910 1772/1/910 1754/1/910
f 1754/1/910 1772/1/910 1774/1/910
f 1755/1/910 1776/1/910 1747/1/910
f 1755/1/13 1754/1/13 1719/1/13
f 1719/1/13 1754/1/13 1746/1/13
f 1754/1/16 1774/1/16 1746/1/16
f 1746/1/16 1774/1/16 1740/1/16
f 1774/1/15 1776/1/15 1740/1/15
f 1740/1/15 1776/1/15 1718/1/15
f 1776/1/14 1755/1/14 1718/1/14
f 1718/1/14 1755/1/14 1719/1/14
f 1771/1/15 1748/1/15 1724/1/15
f 1724/1/15 1748/1/15 1723/1/15
f 1748/1/14 1777/1/14 1723/1/14
f 1723/1/14 1777/1/14 1716/1/14
f 1777/1/13 1775/1/13 1716/1/13
f 1716/1/13 1775/1/13 1739/1/13
f 1775/1/16 1771/1/16 1739/1/16
f 1739/1/16 1771/1/16 1724/1/16
f 1761/1/15 1772/1/15 1736/1/15
f 1736/1/15 1772/1/15 1738/1/15
f 1772/1/14 1753/1/14 1738/1/14
f 1738/1/14 1753/1/14 1745/1/14
f 1753/1/13 1759/1/13 1745/1/13
f 1745/1/13 1759/1/13 1744/1/13
f 1759/1/16 1761/1/16 1744/1/16
f 1744/1/16 1761/1/16 1736/1/16
f 1767/1/15 1760/1/15 1733/1/15
f 1733/1/15 1760/1/15 1734/1/15
f 1760/1/14 1758/1/14 1734/1/14
f 1734/1/14 1758/1/14 1743/1/14
f 1758/1/13 1757/1/13 1743/1/13
f 1743/1/13 1757/1/13 1742/1/13
f 1757/1/16 1767/1/16 1742/1/16
f 1742/1/16 1767/1/16 1733/1/16
f 1769/1/15 1751/1/15 1731/1/15
f 1731/1/15 1751/1/15 1721/1/15
f 1751/1/14 1750/1/14 1721/1/14
f 1721/1/14 1750/1/14 1722/1/14
f 1750/1/13 1770/1/13 1722/1/13
f 1722/1/13 1770/1/13 1725/1/13
f 1770/1/16 1769/1/16 1725/1/16
f 1725/1/16 1769/1/16 1731/1/16
f 1764/1/15 1778/1/15 1728/1/15
f 1728/1/15 1778/1/15 1726/1/15
f 1778/1/14 1773/1/14 1726/1/14
f 1726/1/14 1773/1/14 1737/1/14
f 1773/1/13 1763/1/13 1737/1/13
f 1737/1/13 1763/1/13 1735/1/13
f 1763/1/16 1764/1/16 1735/1/16
f 1735/1/16 1764/1/16 1728/1/16
f 1715/1/13 1779/1/13 1720/1/13
f 1720/1/13 1779/1/13 1768/1/13
f 1768/1/13 1779/1/13 1780/1/13
f 1768/1/13 1780/1/13 1749/1/13
f 1768/1/14 1766/1/14 1720/1/14
f 1720/1/14 1766/1/14 1727/1/14
f 1766/1/13 1765/1/13 1727/1/13
f 1727/1/13 1765/1/13 1729/1/13
f 1765/1/14 1762/1/14 1729/1/14
f 1729/1/14 1762/1/14 1730/1/14
f 1762/1/13 1756/1/13 1730/1/13
f 1730/1/13 1756/1/13 1732/1/13
f 1756/1/14 1752/1/14 1732/1/14
f 1732/1/14 1752/1/14 1741/1/14
f 1781/1/16 1782/1/16 1783/1/16
f 1783/1/16 1782/1/16 1784/1/16
f 1785/1/911 1786/1/911 1783/1/911
f 1783/1/911 1786/1/911 1787/1/911
f 1783/1/911 1787/1/911 1788/1/911
f 1783/1/911 1788/1/911 1781/1/911
f 1781/1/911 1788/1/911 1789/1/911
f 1781/1/911 1789/1/911 1790/1/911
f 1790/1/911 1791/1/911 1781/1/911
f 1792/1/15 1793/1/15 1794/1/15
f 1794/1/15 1793/1/15 1795/1/15
f 1794/1/15 1795/1/15 1796/1/15
f 1797/1/15 1798/1/15 1792/1/15
f 1792/1/15 1798/1/15 1799/1/15
f 1792/1/15 1799/1/15 1800/1/15
f 1800/1/15 1801/1/15 1792/1/15
f 1792/1/15 1801/1/15 1793/1/15
f 1796/1/15 1802/1/15 1794/1/15
f 1794/1/15 1802/1/15 1803/1/15
f 1804/1/912 1805/1/912 1806/1/912
f 1806/1/913 1805/1/913 1807/1/913
f 1806/1/914 1807/1/914 1808/1/914
f 1808/1/915 1807/1/915 1809/1/915
f 1808/1/916 1809/1/916 1810/1/916
f 1810/1/917 1809/1/917 1811/1/917
f 1811/1/918 1809/1/918 1812/1/918
f 1811/1/919 1812/1/919 1813/1/919
f 1813/1/920 1812/1/920 1814/1/920
f 1813/1/921 1814/1/921 1815/1/921
f 1815/1/922 1814/1/922 1816/1/922
f 1815/1/923 1816/1/923 1817/1/923
f 1817/1/924 1816/1/924 1818/1/924
f 1817/1/925 1818/1/925 1819/1/925
f 1819/1/926 1818/1/926 1820/1/926
f 1819/1/927 1820/1/927 1821/1/927
f 1821/1/928 1820/1/928 1822/1/928
f 1821/1/929 1822/1/929 1823/1/929
f 1823/1/930 1822/1/930 1824/1/930
f 1823/1/931 1824/1/931 1825/1/931
f 1825/1/932 1824/1/932 1826/1/932
f 1825/1/933 1826/1/933 1827/1/933
f 1827/1/934 1826/1/934 1828/1/934
f 1827/1/935 1828/1/935 1829/1/935
f 1829/1/936 1828/1/936 1830/1/936
f 1829/1/937 1830/1/937 1831/1/937
f 1831/1/938 1830/1/938 1832/1/938
f 1831/1/939 1832/1/939 1833/1/939
f 1833/1/940 1832/1/940 1834/1/940
f 1833/1/941 1834/1/941 1835/1/941
f 1835/1/942 1834/1/942 1836/1/942
f 1835/1/943 1836/1/943 1837/1/943
f 1837/1/944 1836/1/944 1838/1/944
f 1837/1/945 1838/1/945 1839/1/945
f 1839/1/946 1838/1/946 1840/1/946
f 1839/1/947 1840/1/947 1841/1/947
f 1841/1/948 1840/1/948 1842/1/948
f 1841/1/949 1842/1/949 1843/1/949
f 1843/1/950 1842/1/950 1844/1/950
f 1843/1/951 1844/1/951 1845/1/951
f 1845/1/952 1844/1/952 1846/1/952
f 1845/1/953 1846/1/953 1847/1/953
f 1847/1/954 1846/1/954 1800/1/954
f 1847/1/955 1800/1/955 1848/1/955
f 1848/1/956 1800/1/956 1799/1/956
f 1848/1/957 1799/1/957 1798/1/957
f 1805/1/958 1804/1/958 1849/1/958
f 1849/1/959 1804/1/959 1850/1/959
f 1849/1/960 1850/1/960 1851/1/960
f 1851/1/961 1850/1/961 1852/1/961
f 1851/1/962 1852/1/962 1853/1/962
f 1853/1/963 1852/1/963 1854/1/963
f 1853/1/964 1854/1/964 1855/1/964
f 1855/1/965 1854/1/965 1856/1/965
f 1855/1/966 1856/1/966 1857/1/966
f 1857/1/967 1856/1/967 1858/1/967
f 1857/1/968 1858/1/968 1859/1/968
f 1859/1/969 1858/1/969 1860/1/969
f 1859/1/970 1860/1/970 1861/1/970
f 1861/1/971 1860/1/971 1862/1/971
f 1861/1/972 1862/1/972 1863/1/972
f 1863/1/973 1862/1/973 1864/1/973
f 1863/1/974 1864/1/974 1865/1/974
f 1865/1/975 1864/1/975 1866/1/975
f 1865/1/976 1866/1/976 1867/1/976
f 1867/1/976 1866/1/976 1868/1/976
f 1867/1/977 1868/1/977 1869/1/977
f 1869/1/977 1868/1/977 1870/1/977
f 1869/1/978 1870/1/978 1871/1/978
f 1871/1/978 1870/1/978 1872/1/978
f 1871/1/979 1872/1/979 1873/1/979
f 1873/1/979 1872/1/979 1874/1/979
f 1873/1/980 1874/1/980 1875/1/980
f 1875/1/980 1874/1/980 1876/1/980
f 1875/1/981 1876/1/981 1877/1/981
f 1877/1/981 1876/1/981 1878/1/981
f 1877/1/982 1878/1/982 1879/1/982
f 1879/1/982 1878/1/982 1880/1/982
f 1879/1/983 1880/1/983 1881/1/983
f 1881/1/983 1880/1/983 1882/1/983
f 1881/1/984 1882/1/984 1883/1/984
f 1883/1/984 1882/1/984 1884/1/984
f 1883/1/910 1884/1/910 1885/1/910
f 1885/1/910 1884/1/910 1886/1/910
f 1885/1/985 1886/1/985 1887/1/985
f 1887/1/985 1886/1/985 1888/1/985
f 1887/1/986 1888/1/986 1889/1/986
f 1889/1/986 1888/1/986 1890/1/986
f 1889/1/987 1890/1/987 1891/1/987
f 1891/1/987 1890/1/987 1892/1/987
f 1891/1/988 1892/1/988 1893/1/988
f 1893/1/988 1892/1/988 1894/1/988
f 1893/1/989 1894/1/989 1895/1/989
f 1895/1/989 1894/1/989 1896/1/989
f 1895/1/990 1896/1/990 1897/1/990
f 1897/1/990 1896/1/990 1898/1/990
f 1897/1/991 1898/1/991 1899/1/991
f 1899/1/991 1898/1/991 1900/1/991
f 1899/1/992 1900/1/992 1901/1/992
f 1901/1/992 1900/1/992 1902/1/992
f 1901/1/993 1902/1/993 1903/1/993
f 1903/1/993 1902/1/993 1904/1/993
f 1903/1/994 1904/1/994 1905/1/994
f 1905/1/995 1904/1/995 1906/1/995
f 1905/1/996 1906/1/996 1795/1/996
f 1795/1/997 1906/1/997 1907/1/997
f 1795/1/998 1907/1/998 1796/1/998
f 1796/1/999 1907/1/999 1802/1/999
f 1802/1/1000 1907/1/1000 1908/1/1000
f 1802/1/1001 1908/1/1001 1803/1/1001
f 1803/1/344 1908/1/344 1909/1/344
f 1909/1/1002 1908/1/1002 1910/1/1002
f 1909/1/1003 1910/1/1003 1911/1/1003
f 1911/1/1004 1910/1/1004 1912/1/1004
f 1911/1/1005 1912/1/1005 1913/1/1005
f 1913/1/1006 1912/1/1006 1914/1/1006
f 1913/1/1007 1914/1/1007 1915/1/1007
f 1915/1/1008 1914/1/1008 1916/1/1008
f 1916/1/1009 1914/1/1009 1917/1/1009
f 1916/1/1010 1917/1/1010 1918/1/1010
f 1918/1/1011 1917/1/1011 1919/1/1011
f 1918/1/1012 1919/1/1012 1920/1/1012
f 1920/1/1013 1919/1/1013 1921/1/1013
f 1920/1/351 1921/1/351 1797/1/351
f 1797/1/1014 1921/1/1014 1798/1/1014
f 1798/1/1015 1921/1/1015 1848/1/1015
f 1864/1/975 1922/1/975 1866/1/975
f 1866/1/1016 1922/1/1016 1923/1/1016
f 1866/1/1017 1923/1/1017 1924/1/1017
f 1922/1/1018 1925/1/1018 1923/1/1018
f 1923/1/1019 1925/1/1019 1926/1/1019
f 1926/1/1020 1925/1/1020 1927/1/1020
f 1926/1/1021 1927/1/1021 1791/1/1021
f 1791/1/1022 1927/1/1022 1928/1/1022
f 1926/1/1023 1791/1/1023 1929/1/1023
f 1929/1/1024 1791/1/1024 1790/1/1024
f 1929/1/1025 1790/1/1025 1930/1/1025
f 1930/1/1026 1790/1/1026 1789/1/1026
f 1930/1/1027 1789/1/1027 1931/1/1027
f 1931/1/1028 1789/1/1028 1788/1/1028
f 1931/1/1029 1788/1/1029 1932/1/1029
f 1932/1/1030 1788/1/1030 1787/1/1030
f 1932/1/1031 1787/1/1031 1933/1/1031
f 1933/1/1032 1787/1/1032 1786/1/1032
f 1933/1/1033 1786/1/1033 1934/1/1033
f 1934/1/1034 1786/1/1034 1785/1/1034
f 1934/1/1035 1785/1/1035 1935/1/1035
f 1935/1/1036 1785/1/1036 1936/1/1036
f 1935/1/1037 1936/1/1037 1937/1/1037
f 1785/1/1038 1938/1/1038 1936/1/1038
f 1935/1/1039 1937/1/1039 1939/1/1039
f 1939/1/1040 1937/1/1040 1940/1/1040
f 1939/1/1041 1940/1/1041 1806/1/1041
f 1903/1/1042 1905/1/1042 1941/1/1042
f 1941/1/1043 1905/1/1043 1942/1/1043
f 1941/1/1044 1942/1/1044 1943/1/1044
f 1943/1/1045 1942/1/1045 1944/1/1045
f 1943/1/1046 1944/1/1046 1945/1/1046
f 1945/1/1047 1944/1/1047 1946/1/1047
f 1945/1/1048 1946/1/1048 1947/1/1048
f 1947/1/1049 1946/1/1049 1747/1/1049
f 1947/1/1050 1747/1/1050 1749/1/1050
f 1947/1/1050 1749/1/1050 1948/1/1050
f 1948/1/1051 1749/1/1051 1780/1/1051
f 1948/1/1052 1780/1/1052 1949/1/1052
f 1949/1/1053 1780/1/1053 1779/1/1053
f 1949/1/1054 1779/1/1054 1950/1/1054
f 1950/1/1055 1779/1/1055 1715/1/1055
f 1950/1/1056 1715/1/1056 1951/1/1056
f 1951/1/1056 1715/1/1056 1717/1/1056
f 1951/1/1057 1717/1/1057 1952/1/1057
f 1951/1/1058 1952/1/1058 1953/1/1058
f 1953/1/1059 1952/1/1059 1954/1/1059
f 1953/1/1060 1954/1/1060 1955/1/1060
f 1955/1/1061 1954/1/1061 1956/1/1061
f 1955/1/1062 1956/1/1062 1957/1/1062
f 1957/1/1063 1956/1/1063 1958/1/1063
f 1957/1/1064 1958/1/1064 1959/1/1064
f 1959/1/1065 1958/1/1065 1846/1/1065
f 1959/1/1066 1846/1/1066 1960/1/1066
f 1960/1/1066 1846/1/1066 1844/1/1066
f 1960/1/1067 1844/1/1067 1961/1/1067
f 1961/1/1067 1844/1/1067 1842/1/1067
f 1961/1/1068 1842/1/1068 1962/1/1068
f 1962/1/1068 1842/1/1068 1840/1/1068
f 1962/1/1069 1840/1/1069 1963/1/1069
f 1963/1/1069 1840/1/1069 1838/1/1069
f 1963/1/1070 1838/1/1070 1964/1/1070
f 1964/1/1070 1838/1/1070 1836/1/1070
f 1964/1/1071 1836/1/1071 1965/1/1071
f 1965/1/1071 1836/1/1071 1834/1/1071
f 1965/1/1072 1834/1/1072 1966/1/1072
f 1966/1/1072 1834/1/1072 1832/1/1072
f 1966/1/1073 1832/1/1073 1967/1/1073
f 1967/1/1073 1832/1/1073 1830/1/1073
f 1967/1/1074 1830/1/1074 1968/1/1074
f 1968/1/1074 1830/1/1074 1828/1/1074
f 1968/1/909 1828/1/909 1969/1/909
f 1969/1/909 1828/1/909 1826/1/909
f 1969/1/1075 1826/1/1075 1970/1/1075
f 1970/1/1075 1826/1/1075 1824/1/1075
f 1970/1/1076 1824/1/1076 1971/1/1076
f 1971/1/1076 1824/1/1076 1822/1/1076
f 1971/1/1077 1822/1/1077 1972/1/1077
f 1972/1/1077 1822/1/1077 1820/1/1077
f 1972/1/1078 1820/1/1078 1973/1/1078
f 1973/1/1078 1820/1/1078 1818/1/1078
f 1973/1/1079 1818/1/1079 1974/1/1079
f 1974/1/1079 1818/1/1079 1816/1/1079
f 1974/1/1080 1816/1/1080 1975/1/1080
f 1975/1/1080 1816/1/1080 1814/1/1080
f 1975/1/1081 1814/1/1081 1976/1/1081
f 1976/1/1081 1814/1/1081 1812/1/1081
f 1976/1/1082 1812/1/1082 1977/1/1082
f 1977/1/1082 1812/1/1082 1809/1/1082
f 1977/1/915 1809/1/915 1807/1/915
f 1958/1/1065 1800/1/1065 1846/1/1065
f 1978/1/1083 1979/1/1083 1980/1/1083
f 1980/1/1084 1979/1/1084 1981/1/1084
f 1980/1/1085 1981/1/1085 1982/1/1085
f 1982/1/1086 1981/1/1086 1983/1/1086
f 1982/1/1087 1983/1/1087 1984/1/1087
f 1984/1/1088 1983/1/1088 1985/1/1088
f 1984/1/1089 1985/1/1089 1986/1/1089
f 1986/1/1090 1985/1/1090 1987/1/1090
f 1986/1/1091 1987/1/1091 1988/1/1091
f 1988/1/1092 1987/1/1092 1989/1/1092
f 1988/1/1093 1989/1/1093 1990/1/1093
f 1990/1/1094 1989/1/1094 1991/1/1094
f 1990/1/1095 1991/1/1095 1992/1/1095
f 1992/1/1096 1991/1/1096 1993/1/1096
f 1992/1/1097 1993/1/1097 1994/1/1097
f 1994/1/1098 1993/1/1098 1995/1/1098
f 1994/1/1099 1995/1/1099 1996/1/1099
f 1996/1/1100 1995/1/1100 1997/1/1100
f 1996/1/1101 1997/1/1101 1998/1/1101
f 1998/1/1102 1997/1/1102 1999/1/1102
f 1998/1/1103 1999/1/1103 2000/1/1103
f 2000/1/1104 1999/1/1104 2001/1/1104
f 2000/1/1105 2001/1/1105 2002/1/1105
f 2002/1/1106 2001/1/1106 2003/1/1106
f 2002/1/1107 2003/1/1107 2004/1/1107
f 2004/1/1108 2003/1/1108 2005/1/1108
f 2004/1/1109 2005/1/1109 2006/1/1109
f 2006/1/1110 2005/1/1110 2007/1/1110
f 2006/1/1111 2007/1/1111 2008/1/1111
f 2008/1/1112 2007/1/1112 2009/1/1112
f 2008/1/1113 2009/1/1113 2010/1/1113
f 2010/1/1114 2009/1/1114 2011/1/1114
f 2010/1/1115 2011/1/1115 2012/1/1115
f 2012/1/1116 2011/1/1116 2013/1/1116
f 2012/1/1117 2013/1/1117 2014/1/1117
f 2014/1/1118 2013/1/1118 2015/1/1118
f 2014/1/1119 2015/1/1119 2016/1/1119
f 2016/1/1120 2015/1/1120 2017/1/1120
f 2016/1/1121 2017/1/1121 2018/1/1121
f 2018/1/1122 2017/1/1122 2019/1/1122
f 2018/1/1123 2019/1/1123 2020/1/1123
f 2020/1/1124 2019/1/1124 2021/1/1124
f 2020/1/1125 2021/1/1125 2022/1/1125
f 2022/1/1126 2021/1/1126 2023/1/1126
f 2022/1/1127 2023/1/1127 2024/1/1127
f 2024/1/1128 2023/1/1128 2025/1/1128
f 2024/1/1129 2025/1/1129 2026/1/1129
f 2026/1/1130 2025/1/1130 2027/1/1130
f 2026/1/1131 2027/1/1131 2028/1/1131
f 2028/1/1132 2027/1/1132 2029/1/1132
f 2028/1/1133 2029/1/1133 2030/1/1133
f 2030/1/1134 2029/1/1134 2031/1/1134
f 2030/1/1135 2031/1/1135 2032/1/1135
f 2032/1/1136 2031/1/1136 2033/1/1136
f 2032/1/1137 2033/1/1137 2034/1/1137
f 2034/1/1138 2033/1/1138 2035/1/1138
f 2034/1/1139 2035/1/1139 2036/1/1139
f 2036/1/1140 2035/1/1140 2037/1/1140
f 2036/1/1141 2037/1/1141 2038/1/1141
f 2038/1/1142 2037/1/1142 2039/1/1142
f 2038/1/1143 2039/1/1143 2040/1/1143
f 2040/1/1144 2039/1/1144 2041/1/1144
f 2040/1/1145 2041/1/1145 2042/1/1145
f 2042/1/1146 2041/1/1146 2043/1/1146
f 2042/1/1147 2043/1/1147 2044/1/1147
f 2044/1/1148 2043/1/1148 2045/1/1148
f 2044/1/1149 2045/1/1149 2046/1/1149
f 2046/1/1150 2045/1/1150 2047/1/1150
f 2046/1/1151 2047/1/1151 2048/1/1151
f 2048/1/1152 2047/1/1152 2049/1/1152
f 2048/1/1153 2049/1/1153 2050/1/1153
f 2050/1/1154 2049/1/1154 2051/1/1154
f 2050/1/1155 2051/1/1155 2052/1/1155
f 2052/1/1156 2051/1/1156 2053/1/1156
f 2052/1/1157 2053/1/1157 2054/1/1157
f 2054/1/1158 2053/1/1158 2055/1/1158
f 2054/1/1159 2055/1/1159 2056/1/1159
f 2056/1/1160 2055/1/1160 2057/1/1160
f 2056/1/1161 2057/1/1161 2058/1/1161
f 2058/1/1162 2057/1/1162 2059/1/1162
f 2058/1/1163 2059/1/1163 2060/1/1163
f 2060/1/1164 2059/1/1164 2061/1/1164
f 2060/1/1165 2061/1/1165 2062/1/1165
f 2062/1/1166 2061/1/1166 2063/1/1166
f 2062/1/1167 2063/1/1167 2064/1/1167
f 2064/1/1168 2063/1/1168 2065/1/1168
f 2064/1/1169 2065/1/1169 2066/1/1169
f 2066/1/1170 2065/1/1170 2067/1/1170
f 2066/1/1171 2067/1/1171 2068/1/1171
f 2068/1/1172 2067/1/1172 2069/1/1172
f 2068/1/1173 2069/1/1173 2070/1/1173
f 2070/1/1174 2069/1/1174 2071/1/1174
f 2070/1/1175 2071/1/1175 2072/1/1175
f 2072/1/1176 2071/1/1176 2073/1/1176
f 2072/1/1177 2073/1/1177 2074/1/1177
f 2074/1/1178 2073/1/1178 2075/1/1178
f 2074/1/1179 2075/1/1179 2076/1/1179
f 2076/1/1180 2075/1/1180 2077/1/1180
f 2076/1/1181 2077/1/1181 2078/1/1181
f 2078/1/1182 2077/1/1182 2079/1/1182
f 2078/1/1183 2079/1/1183 2080/1/1183
f 2080/1/1184 2079/1/1184 2081/1/1184
f 2080/1/1185 2081/1/1185 2082/1/1185
f 2082/1/1186 2081/1/1186 2083/1/1186
f 2082/1/1187 2083/1/1187 2084/1/1187
f 2084/1/1188 2083/1/1188 2085/1/1188
f 2084/1/1189 2085/1/1189 2086/1/1189
f 2086/1/1190 2085/1/1190 2087/1/1190
f 2086/1/1191 2087/1/1191 2088/1/1191
f 2088/1/1192 2087/1/1192 2089/1/1192
f 2088/1/1193 2089/1/1193 2090/1/1193
f 2090/1/1194 2089/1/1194 2091/1/1194
f 2090/1/1195 2091/1/1195 2092/1/1195
f 2092/1/1196 2091/1/1196 2093/1/1196
f 2092/1/1197 2093/1/1197 2094/1/1197
f 2094/1/1198 2093/1/1198 1978/1/1198
f 2094/1/1199 1978/1/1199 1980/1/1199
f 1810/1/1200 1939/1/1200 1808/1/1200
f 1808/1/1201 1939/1/1201 1806/1/1201
f 1866/1/1202 1924/1/1202 1868/1/1202
f 1868/1/1203 1924/1/1203 2095/1/1203
f 1868/1/1204 2095/1/1204 1870/1/1204
f 1870/1/1205 2095/1/1205 2096/1/1205
f 1870/1/1206 2096/1/1206 1872/1/1206
f 1872/1/1207 2096/1/1207 2097/1/1207
f 1872/1/1208 2097/1/1208 1874/1/1208
f 1874/1/1209 2097/1/1209 2098/1/1209
f 1874/1/1210 2098/1/1210 1876/1/1210
f 1876/1/1211 2098/1/1211 2099/1/1211
f 1876/1/1212 2099/1/1212 1878/1/1212
f 1878/1/1213 2099/1/1213 2100/1/1213
f 1878/1/1214 2100/1/1214 1880/1/1214
f 1880/1/1215 2100/1/1215 2101/1/1215
f 1880/1/1216 2101/1/1216 1882/1/1216
f 1882/1/1217 2101/1/1217 2102/1/1217
f 1882/1/1218 2102/1/1218 1884/1/1218
f 1884/1/1219 2102/1/1219 2103/1/1219
f 1884/1/1220 2103/1/1220 1886/1/1220
f 1886/1/1221 2103/1/1221 2104/1/1221
f 1886/1/1222 2104/1/1222 1888/1/1222
f 1888/1/1223 2104/1/1223 2105/1/1223
f 1888/1/1224 2105/1/1224 1890/1/1224
f 1890/1/1225 2105/1/1225 2106/1/1225
f 1890/1/1226 2106/1/1226 1892/1/1226
f 1892/1/1227 2106/1/1227 2107/1/1227
f 1892/1/1228 2107/1/1228 1894/1/1228
f 1894/1/1229 2107/1/1229 2108/1/1229
f 1894/1/1230 2108/1/1230 1896/1/1230
f 1896/1/1231 2108/1/1231 2109/1/1231
f 1896/1/1232 2109/1/1232 1898/1/1232
f 1898/1/1233 2109/1/1233 2110/1/1233
f 1898/1/1234 2110/1/1234 1900/1/1234
f 1900/1/1235 2110/1/1235 2111/1/1235
f 1900/1/1236 2111/1/1236 1902/1/1236
f 1902/1/1237 2111/1/1237 2112/1/1237
f 1902/1/1238 2112/1/1238 1904/1/1238
f 1904/1/1239 2112/1/1239 1906/1/1239
f 1949/1/1085 2113/1/1085 1948/1/1085
f 1948/1/1085 2113/1/1085 2114/1/1085
f 1948/1/1240 2114/1/1240 2115/1/1240
f 2115/1/1240 2114/1/1240 2116/1/1240
f 2115/1/1241 2116/1/1241 2117/1/1241
f 2117/1/1241 2116/1/1241 2118/1/1241
f 2117/1/1242 2118/1/1242 2119/1/1242
f 2119/1/1242 2118/1/1242 2120/1/1242
f 2119/1/1243 2120/1/1243 2121/1/1243
f 2121/1/1243 2120/1/1243 2122/1/1243
f 2121/1/993 2122/1/993 2123/1/993
f 2123/1/993 2122/1/993 2124/1/993
f 2123/1/992 2124/1/992 2125/1/992
f 2125/1/992 2124/1/992 2126/1/992
f 2125/1/991 2126/1/991 2127/1/991
f 2127/1/991 2126/1/991 2128/1/991
f 2127/1/990 2128/1/990 2129/1/990
f 2129/1/990 2128/1/990 2130/1/990
f 2129/1/989 2130/1/989 2131/1/989
f 2131/1/989 2130/1/989 2132/1/989
f 2131/1/988 2132/1/988 2133/1/988
f 2133/1/988 2132/1/988 2134/1/988
f 2133/1/987 2134/1/987 2135/1/987
f 2135/1/987 2134/1/987 2136/1/987
f 2135/1/986 2136/1/986 2137/1/986
f 2137/1/986 2136/1/986 2138/1/986
f 2137/1/985 2138/1/985 2139/1/985
f 2139/1/985 2138/1/985 2140/1/985
f 2139/1/910 2140/1/910 2141/1/910
f 2141/1/910 2140/1/910 2142/1/910
f 2141/1/984 2142/1/984 2143/1/984
f 2143/1/984 2142/1/984 2144/1/984
f 2143/1/983 2144/1/983 2145/1/983
f 2145/1/983 2144/1/983 2146/1/983
f 2145/1/982 2146/1/982 2147/1/982
f 2147/1/982 2146/1/982 2148/1/982
f 2147/1/981 2148/1/981 2149/1/981
f 2149/1/981 2148/1/981 2150/1/981
f 2149/1/980 2150/1/980 2151/1/980
f 2151/1/980 2150/1/980 2152/1/980
f 2151/1/979 2152/1/979 2153/1/979
f 2153/1/979 2152/1/979 2154/1/979
f 2153/1/978 2154/1/978 2155/1/978
f 2155/1/978 2154/1/978 2156/1/978
f 2155/1/977 2156/1/977 2157/1/977
f 2157/1/977 2156/1/977 2158/1/977
f 2157/1/976 2158/1/976 2159/1/976
f 2159/1/976 2158/1/976 2160/1/976
f 2159/1/1244 2160/1/1244 2161/1/1244
f 2161/1/1244 2160/1/1244 2162/1/1244
f 2161/1/1245 2162/1/1245 2163/1/1245
f 2163/1/1245 2162/1/1245 2164/1/1245
f 2163/1/1246 2164/1/1246 2165/1/1246
f 2165/1/1246 2164/1/1246 2166/1/1246
f 2165/1/1247 2166/1/1247 2167/1/1247
f 2167/1/1247 2166/1/1247 2168/1/1247
f 2167/1/1248 2168/1/1248 2169/1/1248
f 2169/1/1248 2168/1/1248 2170/1/1248
f 2169/1/1249 2170/1/1249 2171/1/1249
f 2171/1/1249 2170/1/1249 2172/1/1249
f 2171/1/1250 2172/1/1250 2173/1/1250
f 2173/1/1250 2172/1/1250 2174/1/1250
f 2173/1/1251 2174/1/1251 2175/1/1251
f 2175/1/1251 2174/1/1251 2176/1/1251
f 2175/1/1252 2176/1/1252 2177/1/1252
f 2177/1/1252 2176/1/1252 2178/1/1252
f 2177/1/1253 2178/1/1253 2179/1/1253
f 2179/1/1253 2178/1/1253 2180/1/1253
f 2179/1/915 2180/1/915 2181/1/915
f 2181/1/915 2180/1/915 2182/1/915
f 2181/1/1082 2182/1/1082 2183/1/1082
f 2183/1/1082 2182/1/1082 2184/1/1082
f 2183/1/1081 2184/1/1081 2185/1/1081
f 2185/1/1081 2184/1/1081 2186/1/1081
f 2185/1/1080 2186/1/1080 2187/1/1080
f 2187/1/1080 2186/1/1080 2188/1/1080
f 2187/1/1079 2188/1/1079 2189/1/1079
f 2189/1/1079 2188/1/1079 2190/1/1079
f 2189/1/1078 2190/1/1078 2191/1/1078
f 2191/1/1078 2190/1/1078 2192/1/1078
f 2191/1/1077 2192/1/1077 2193/1/1077
f 2193/1/1077 2192/1/1077 2194/1/1077
f 2193/1/1076 2194/1/1076 2195/1/1076
f 2195/1/1076 2194/1/1076 2196/1/1076
f 2195/1/1075 2196/1/1075 2197/1/1075
f 2197/1/1075 2196/1/1075 2198/1/1075
f 2197/1/909 2198/1/909 2199/1/909
f 2199/1/909 2198/1/909 2200/1/909
f 2199/1/1074 2200/1/1074 2201/1/1074
f 2201/1/1074 2200/1/1074 2202/1/1074
f 2201/1/1073 2202/1/1073 2203/1/1073
f 2203/1/1073 2202/1/1073 2204/1/1073
f 2203/1/1072 2204/1/1072 2205/1/1072
f 2205/1/1072 2204/1/1072 2206/1/1072
f 2205/1/1071 2206/1/1071 2207/1/1071
f 2207/1/1071 2206/1/1071 2208/1/1071
f 2207/1/1070 2208/1/1070 2209/1/1070
f 2209/1/1070 2208/1/1070 2210/1/1070
f 2209/1/1069 2210/1/1069 2211/1/1069
f 2211/1/1069 2210/1/1069 2212/1/1069
f 2211/1/1068 2212/1/1068 2213/1/1068
f 2213/1/1068 2212/1/1068 2214/1/1068
f 2213/1/1067 2214/1/1067 2215/1/1067
f 2215/1/1067 2214/1/1067 2216/1/1067
f 2215/1/1066 2216/1/1066 2217/1/1066
f 2217/1/1066 2216/1/1066 2218/1/1066
f 2217/1/1254 2218/1/1254 2219/1/1254
f 2219/1/1254 2218/1/1254 2220/1/1254
f 2219/1/1255 2220/1/1255 2221/1/1255
f 2221/1/1255 2220/1/1255 2222/1/1255
f 2221/1/1256 2222/1/1256 2223/1/1256
f 2223/1/1256 2222/1/1256 2224/1/1256
f 2223/1/1257 2224/1/1257 1950/1/1257
f 1950/1/1257 2224/1/1257 2225/1/1257
f 1950/1/1199 2225/1/1199 1949/1/1199
f 1949/1/1199 2225/1/1199 2113/1/1199
f 2113/1/1085 1980/1/1085 2114/1/1085
f 2114/1/1085 1980/1/1085 1982/1/1085
f 2114/1/1240 1982/1/1240 2116/1/1240
f 2116/1/1240 1982/1/1240 1984/1/1240
f 2116/1/1241 1984/1/1241 2118/1/1241
f 2118/1/1241 1984/1/1241 1986/1/1241
f 2118/1/1242 1986/1/1242 2120/1/1242
f 2120/1/1242 1986/1/1242 1988/1/1242
f 2120/1/1243 1988/1/1243 2122/1/1243
f 2122/1/1243 1988/1/1243 1990/1/1243
f 2122/1/993 1990/1/993 2124/1/993
f 2124/1/993 1990/1/993 1992/1/993
f 2124/1/992 1992/1/992 2126/1/992
f 2126/1/992 1992/1/992 1994/1/992
f 2126/1/991 1994/1/991 2128/1/991
f 2128/1/991 1994/1/991 1996/1/991
f 2128/1/990 1996/1/990 2130/1/990
f 2130/1/990 1996/1/990 1998/1/990
f 2130/1/989 1998/1/989 2132/1/989
f 2132/1/989 1998/1/989 2000/1/989
f 2132/1/988 2000/1/988 2134/1/988
f 2134/1/988 2000/1/988 2002/1/988
f 2134/1/987 2002/1/987 2136/1/987
f 2136/1/987 2002/1/987 2004/1/987
f 2136/1/986 2004/1/986 2138/1/986
f 2138/1/986 2004/1/986 2006/1/986
f 2138/1/985 2006/1/985 2140/1/985
f 2140/1/985 2006/1/985 2008/1/985
f 2140/1/910 2008/1/910 2142/1/910
f 2142/1/910 2008/1/910 2010/1/910
f 2142/1/984 2010/1/984 2144/1/984
f 2144/1/984 2010/1/984 2012/1/984
f 2144/1/983 2012/1/983 2146/1/983
f 2146/1/983 2012/1/983 2014/1/983
f 2146/1/982 2014/1/982 2148/1/982
f 2148/1/982 2014/1/982 2016/1/982
f 2148/1/981 2016/1/981 2150/1/981
f 2150/1/981 2016/1/981 2018/1/981
f 2150/1/980 2018/1/980 2152/1/980
f 2152/1/980 2018/1/980 2020/1/980
f 2152/1/979 2020/1/979 2154/1/979
f 2154/1/979 2020/1/979 2022/1/979
f 2154/1/978 2022/1/978 2156/1/978
f 2156/1/978 2022/1/978 2024/1/978
f 2156/1/977 2024/1/977 2158/1/977
f 2158/1/977 2024/1/977 2026/1/977
f 2158/1/976 2026/1/976 2160/1/976
f 2160/1/976 2026/1/976 2028/1/976
f 2160/1/1244 2028/1/1244 2162/1/1244
f 2162/1/1244 2028/1/1244 2030/1/1244
f 2162/1/1245 2030/1/1245 2164/1/1245
f 2164/1/1245 2030/1/1245 2032/1/1245
f 2164/1/1246 2032/1/1246 2166/1/1246
f 2166/1/1246 2032/1/1246 2034/1/1246
f 2166/1/1247 2034/1/1247 2168/1/1247
f 2168/1/1247 2034/1/1247 2036/1/1247
f 2168/1/1248 2036/1/1248 2170/1/1248
f 2170/1/1248 2036/1/1248 2038/1/1248
f 2170/1/1249 2038/1/1249 2172/1/1249
f 2172/1/1249 2038/1/1249 2040/1/1249
f 2172/1/1250 2040/1/1250 2174/1/1250
f 2174/1/1250 2040/1/1250 2042/1/1250
f 2174/1/1251 2042/1/1251 2176/1/1251
f 2176/1/1251 2042/1/1251 2044/1/1251
f 2176/1/1252 2044/1/1252 2178/1/1252
f 2178/1/1252 2044/1/1252 2046/1/1252
f 2178/1/1253 2046/1/1253 2180/1/1253
f 2180/1/1253 2046/1/1253 2048/1/1253
f 2180/1/915 2048/1/915 2182/1/915
f 2182/1/915 2048/1/915 2050/1/915
f 2182/1/1082 2050/1/1082 2184/1/1082
f 2184/1/1082 2050/1/1082 2052/1/1082
f 2184/1/1081 2052/1/1081 2186/1/1081
f 2186/1/1081 2052/1/1081 2054/1/1081
f 2186/1/1080 2054/1/1080 2188/1/1080
f 2188/1/1080 2054/1/1080 2056/1/1080
f 2188/1/1079 2056/1/1079 2190/1/1079
f 2190/1/1079 2056/1/1079 2058/1/1079
f 2190/1/1078 2058/1/1078 2192/1/1078
f 2192/1/1078 2058/1/1078 2060/1/1078
f 2192/1/1077 2060/1/1077 2194/1/1077
f 2194/1/1077 2060/1/1077 2062/1/1077
f 2194/1/1076 2062/1/1076 2196/1/1076
f 2196/1/1076 2062/1/1076 2064/1/1076
f 2196/1/1075 2064/1/1075 2198/1/1075
f 2198/1/1075 2064/1/1075 2066/1/1075
f 2198/1/909 2066/1/909 2200/1/909
f 2200/1/909 2066/1/909 2068/1/909
f 2200/1/1074 2068/1/1074 2202/1/1074
f 2202/1/1074 2068/1/1074 2070/1/1074
f 2202/1/1073 2070/1/1073 2204/1/1073
f 2204/1/1073 2070/1/1073 2072/1/1073
f 2204/1/1072 2072/1/1072 2206/1/1072
f 2206/1/1072 2072/1/1072 2074/1/1072
f 2206/1/1071 2074/1/1071 2208/1/1071
f 2208/1/1071 2074/1/1071 2076/1/1071
f 2208/1/1070 2076/1/1070 2210/1/1070
f 2210/1/1070 2076/1/1070 2078/1/1070
f 2210/1/1069 2078/1/1069 2212/1/1069
f 2212/1/1069 2078/1/1069 2080/1/1069
f 2212/1/1068 2080/1/1068 2214/1/1068
f 2214/1/1068 2080/1/1068 2082/1/1068
f 2214/1/1067 2082/1/1067 2216/1/1067
f 2216/1/1067 2082/1/1067 2084/1/1067
f 2216/1/1066 2084/1/1066 2218/1/1066
f 2218/1/1066 2084/1/1066 2086/1/1066
f 2218/1/1254 2086/1/1254 2220/1/1254
f 2220/1/1254 2086/1/1254 2088/1/1254
f 2220/1/1255 2088/1/1255 2222/1/1255
f 2222/1/1255 2088/1/1255 2090/1/1255
f 2222/1/1256 2090/1/1256 2224/1/1256
f 2224/1/1256 2090/1/1256 2092/1/1256
f 2224/1/1257 2092/1/1257 2225/1/1257
f 2225/1/1257 2092/1/1257 2094/1/1257
f 2225/1/1199 2094/1/1199 2113/1/1199
f 2113/1/1199 2094/1/1199 1980/1/1199
f 1805/1/1253 2177/1/1253 1807/1/1253
f 1807/1/1253 2177/1/1253 2179/1/1253
f 1807/1/915 2179/1/915 1977/1/915
f 1977/1/915 2179/1/915 2181/1/915
f 1977/1/1082 2181/1/1082 1976/1/1082
f 1976/1/1082 2181/1/1082 2183/1/1082
f 1976/1/1081 2183/1/1081 1975/1/1081
f 1975/1/1081 2183/1/1081 2185/1/1081
f 1975/1/1080 2185/1/1080 1974/1/1080
f 1974/1/1080 2185/1/1080 2187/1/1080
f 1974/1/1079 2187/1/1079 1973/1/1079
f 1973/1/1079 2187/1/1079 2189/1/1079
f 1973/1/1078 2189/1/1078 1972/1/1078
f 1972/1/1078 2189/1/1078 2191/1/1078
f 1972/1/1077 2191/1/1077 1971/1/1077
f 1971/1/1077 2191/1/1077 2193/1/1077
f 1971/1/1076 2193/1/1076 1970/1/1076
f 1970/1/1076 2193/1/1076 2195/1/1076
f 1970/1/1075 2195/1/1075 1969/1/1075
f 1969/1/1075 2195/1/1075 2197/1/1075
f 1969/1/909 2197/1/909 1968/1/909
f 1968/1/909 2197/1/909 2199/1/909
f 1968/1/1074 2199/1/1074 1967/1/1074
f 1967/1/1074 2199/1/1074 2201/1/1074
f 1967/1/1073 2201/1/1073 1966/1/1073
f 1966/1/1073 2201/1/1073 2203/1/1073
f 1966/1/1072 2203/1/1072 1965/1/1072
f 1965/1/1072 2203/1/1072 2205/1/1072
f 1965/1/1071 2205/1/1071 1964/1/1071
f 1964/1/1071 2205/1/1071 2207/1/1071
f 1964/1/1070 2207/1/1070 1963/1/1070
f 1963/1/1070 2207/1/1070 2209/1/1070
f 1963/1/1069 2209/1/1069 1962/1/1069
f 1962/1/1069 2209/1/1069 2211/1/1069
f 1962/1/1068 2211/1/1068 1961/1/1068
f 1961/1/1068 2211/1/1068 2213/1/1068
f 1961/1/1067 2213/1/1067 1960/1/1067
f 1960/1/1067 2213/1/1067 2215/1/1067
f 1960/1/1066 2215/1/1066 1959/1/1066
f 1959/1/1066 2215/1/1066 2217/1/1066
f 1959/1/1254 2217/1/1254 1957/1/1254
f 1957/1/1254 2217/1/1254 2219/1/1254
f 1957/1/1255 2219/1/1255 1955/1/1255
f 1955/1/1255 2219/1/1255 2221/1/1255
f 1955/1/1256 2221/1/1256 1953/1/1256
f 1953/1/1256 2221/1/1256 2223/1/1256
f 1953/1/1257 2223/1/1257 1951/1/1257
f 1951/1/1257 2223/1/1257 1950/1/1257
f 2177/1/1252 1805/1/1252 2175/1/1252
f 2175/1/1252 1805/1/1252 1849/1/1252
f 2175/1/1251 1849/1/1251 2173/1/1251
f 2173/1/1251 1849/1/1251 1851/1/1251
f 2173/1/1250 1851/1/1250 2171/1/1250
f 2171/1/1250 1851/1/1250 1853/1/1250
f 2171/1/1249 1853/1/1249 2169/1/1249
f 2169/1/1249 1853/1/1249 1855/1/1249
f 2169/1/1248 1855/1/1248 2167/1/1248
f 2167/1/1248 1855/1/1248 1857/1/1248
f 2167/1/1247 1857/1/1247 2165/1/1247
f 2165/1/1247 1857/1/1247 1859/1/1247
f 2165/1/1246 1859/1/1246 2163/1/1246
f 2163/1/1246 1859/1/1246 1861/1/1246
f 2163/1/1245 1861/1/1245 2161/1/1245
f 2161/1/1245 1861/1/1245 1863/1/1245
f 2161/1/1244 1863/1/1244 2159/1/1244
f 2159/1/1244 1863/1/1244 1865/1/1244
f 2159/1/976 1865/1/976 2157/1/976
f 2157/1/976 1865/1/976 1867/1/976
f 2157/1/977 1867/1/977 2155/1/977
f 2155/1/977 1867/1/977 1869/1/977
f 2155/1/978 1869/1/978 2153/1/978
f 2153/1/978 1869/1/978 1871/1/978
f 2153/1/979 1871/1/979 2151/1/979
f 2151/1/979 1871/1/979 1873/1/979
f 2151/1/980 1873/1/980 2149/1/980
f 2149/1/980 1873/1/980 1875/1/980
f 2149/1/981 1875/1/981 2147/1/981
f 2147/1/981 1875/1/981 1877/1/981
f 2147/1/982 1877/1/982 2145/1/982
f 2145/1/982 1877/1/982 1879/1/982
f 2145/1/983 1879/1/983 2143/1/983
f 2143/1/983 1879/1/983 1881/1/983
f 2143/1/984 1881/1/984 2141/1/984
f 2141/1/984 1881/1/984 1883/1/984
f 2141/1/910 1883/1/910 2139/1/910
f 2139/1/910 1883/1/910 1885/1/910
f 2139/1/985 1885/1/985 2137/1/985
f 2137/1/985 1885/1/985 1887/1/985
f 2137/1/986 1887/1/986 2135/1/986
f 2135/1/986 1887/1/986 1889/1/986
f 2135/1/987 1889/1/987 2133/1/987
f 2133/1/987 1889/1/987 1891/1/987
f 2133/1/988 1891/1/988 2131/1/988
f 2131/1/988 1891/1/988 1893/1/988
f 2131/1/989 1893/1/989 2129/1/989
f 2129/1/989 1893/1/989 1895/1/989
f 2129/1/990 1895/1/990 2127/1/990
f 2127/1/990 1895/1/990 1897/1/990
f 2127/1/991 1897/1/991 2125/1/991
f 2125/1/991 1897/1/991 1899/1/991
f 2125/1/992 1899/1/992 2123/1/992
f 2123/1/992 1899/1/992 1901/1/992
f 2123/1/993 1901/1/993 2121/1/993
f 2121/1/993 1901/1/993 1903/1/993
f 2121/1/1243 1903/1/1243 2119/1/1243
f 2119/1/1243 1903/1/1243 1941/1/1243
f 2119/1/1242 1941/1/1242 2117/1/1242
f 2117/1/1242 1941/1/1242 1943/1/1242
f 2117/1/1241 1943/1/1241 2115/1/1241
f 2115/1/1241 1943/1/1241 1945/1/1241
f 2115/1/1240 1945/1/1240 1948/1/1240
f 1948/1/1240 1945/1/1240 1947/1/1240
f 2226/1/13 2227/1/13 1914/1/13
f 1914/1/13 2227/1/13 2228/1/13
f 1914/1/13 2228/1/13 1917/1/13
f 1917/1/13 2228/1/13 2229/1/13
f 1917/1/13 2229/1/13 1919/1/13
f 1919/1/13 2229/1/13 2230/1/13
f 1919/1/13 2230/1/13 1921/1/13
f 1921/1/13 2230/1/13 2231/1/13
f 1921/1/13 2231/1/13 1848/1/13
f 1848/1/13 2231/1/13 2232/1/13
f 1848/1/13 2232/1/13 1847/1/13
f 1847/1/13 2232/1/13 2233/1/13
f 1847/1/13 2233/1/13 1845/1/13
f 1845/1/13 2233/1/13 2234/1/13
f 1845/1/13 2234/1/13 1843/1/13
f 1843/1/13 2234/1/13 2235/1/13
f 1843/1/13 2235/1/13 2236/1/13
f 1843/1/13 2236/1/13 1841/1/13
f 1841/1/13 2236/1/13 2237/1/13
f 1841/1/13 2237/1/13 1839/1/13
f 1839/1/13 2237/1/13 2238/1/13
f 1839/1/13 2238/1/13 1837/1/13
f 1837/1/13 2238/1/13 2239/1/13
f 1837/1/13 2239/1/13 1835/1/13
f 1835/1/13 2239/1/13 2240/1/13
f 1835/1/13 2240/1/13 1833/1/13
f 1833/1/13 2240/1/13 2241/1/13
f 1833/1/13 2241/1/13 1831/1/13
f 1831/1/13 2241/1/13 2242/1/13
f 1831/1/13 2242/1/13 2243/1/13
f 1831/1/13 2243/1/13 1829/1/13
f 1829/1/13 2243/1/13 2244/1/13
f 1829/1/13 2244/1/13 1827/1/13
f 1827/1/13 2244/1/13 2245/1/13
f 1827/1/13 2245/1/13 1825/1/13
f 1825/1/13 2245/1/13 2246/1/13
f 1825/1/13 2246/1/13 1823/1/13
f 1823/1/13 2246/1/13 2247/1/13
f 1823/1/13 2247/1/13 1821/1/13
f 1821/1/13 2247/1/13 2248/1/13
f 1821/1/13 2248/1/13 1819/1/13
f 1819/1/13 2248/1/13 2249/1/13
f 1819/1/13 2249/1/13 1817/1/13
f 1817/1/13 2249/1/13 2250/1/13
f 1817/1/13 2250/1/13 2251/1/13
f 1817/1/13 2251/1/13 1815/1/13
f 1815/1/13 2251/1/13 2252/1/13
f 1815/1/13 2252/1/13 1813/1/13
f 1813/1/13 2252/1/13 2253/1/13
f 1813/1/13 2253/1/13 1811/1/13
f 1811/1/13 2253/1/13 2254/1/13
f 1811/1/13 2254/1/13 1810/1/13
f 1810/1/13 2254/1/13 2255/1/13
f 1810/1/13 2255/1/13 1939/1/13
f 1939/1/13 2255/1/13 2256/1/13
f 1939/1/13 2256/1/13 1935/1/13
f 1935/1/13 2256/1/13 2257/1/13
f 1935/1/13 2257/1/13 2258/1/13
f 1935/1/13 2258/1/13 1934/1/13
f 1934/1/13 2258/1/13 2259/1/13
f 1934/1/13 2259/1/13 1933/1/13
f 1933/1/13 2259/1/13 2260/1/13
f 1933/1/13 2260/1/13 1932/1/13
f 1932/1/13 2260/1/13 2261/1/13
f 1932/1/13 2261/1/13 1931/1/13
f 1931/1/13 2261/1/13 2262/1/13
f 1931/1/13 2262/1/13 1930/1/13
f 1930/1/13 2262/1/13 2263/1/13
f 1930/1/13 2263/1/13 1929/1/13
f 1929/1/13 2263/1/13 2264/1/13
f 1929/1/13 2264/1/13 1926/1/13
f 1926/1/13 2264/1/13 2265/1/13
f 1926/1/13 2265/1/13 2266/1/13
f 1926/1/13 2266/1/13 1923/1/13
f 1923/1/13 2266/1/13 2267/1/13
f 1923/1/13 2267/1/13 1924/1/13
f 1924/1/13 2267/1/13 2268/1/13
f 1924/1/13 2268/1/13 2095/1/13
f 2095/1/13 2268/1/13 2269/1/13
f 2095/1/13 2269/1/13 2096/1/13
f 2096/1/13 2269/1/13 2270/1/13
f 2096/1/13 2270/1/13 2097/1/13
f 2097/1/13 2270/1/13 2271/1/13
f 2097/1/13 2271/1/13 2098/1/13
f 2098/1/13 2271/1/13 2272/1/13
f 2098/1/13 2272/1/13 2273/1/13
f 2098/1/13 2273/1/13 2099/1/13
f 2099/1/13 2273/1/13 2274/1/13
f 2099/1/13 2274/1/13 2100/1/13
f 2100/1/13 2274/1/13 2275/1/13
f 2100/1/13 2275/1/13 2101/1/13
f 2101/1/13 2275/1/13 2276/1/13
f 2101/1/13 2276/1/13 2102/1/13
f 2102/1/13 2276/1/13 2277/1/13
f 2102/1/13 2277/1/13 2103/1/13
f 2103/1/13 2277/1/13 2278/1/13
f 2103/1/13 2278/1/13 2104/1/13
f 2104/1/13 2278/1/13 2279/1/13
f 2104/1/13 2279/1/13 2105/1/13
f 2105/1/13 2279/1/13 2280/1/13
f 2105/1/13 2280/1/13 2281/1/13
f 2105/1/13 2281/1/13 2106/1/13
f 2106/1/13 2281/1/13 2282/1/13
f 2106/1/13 2282/1/13 2107/1/13
f 2107/1/13 2282/1/13 2283/1/13
f 2107/1/13 2283/1/13 2108/1/13
f 2108/1/13 2283/1/13 2284/1/13
f 2108/1/13 2284/1/13 2109/1/13
f 2109/1/13 2284/1/13 2285/1/13
f 2109/1/13 2285/1/13 2110/1/13
f 2110/1/13 2285/1/13 2286/1/13
f 2110/1/13 2286/1/13 2111/1/13
f 2111/1/13 2286/1/13 2287/1/13
f 2111/1/13 2287/1/13 2288/1/13
f 2111/1/13 2288/1/13 2112/1/13
f 2112/1/13 2288/1/13 2289/1/13
f 2112/1/13 2289/1/13 1906/1/13
f 1906/1/13 2289/1/13 2290/1/13
f 1906/1/13 2290/1/13 1907/1/13
f 1907/1/13 2290/1/13 2291/1/13
f 1907/1/13 2291/1/13 1908/1/13
f 1908/1/13 2291/1/13 2292/1/13
f 1908/1/13 2292/1/13 1910/1/13
f 1910/1/13 2292/1/13 2293/1/13
f 1910/1/13 2293/1/13 1912/1/13
f 1912/1/13 2293/1/13 2226/1/13
f 1912/1/13 2226/1/13 1914/1/13
f 2294/1/1258 2258/1/1258 2295/1/1258
f 2295/1/1259 2258/1/1259 2257/1/1259
f 2295/1/1260 2257/1/1260 2296/1/1260
f 2296/1/1261 2257/1/1261 2297/1/1261
f 2297/1/1262 2257/1/1262 2256/1/1262
f 2297/1/1263 2256/1/1263 2298/1/1263
f 2298/1/1264 2256/1/1264 2255/1/1264
f 2298/1/1265 2255/1/1265 2299/1/1265
f 2299/1/1266 2255/1/1266 2254/1/1266
f 2299/1/1267 2254/1/1267 2300/1/1267
f 2300/1/1268 2254/1/1268 2253/1/1268
f 2300/1/1269 2253/1/1269 2301/1/1269
f 2301/1/1270 2253/1/1270 2252/1/1270
f 2301/1/1271 2252/1/1271 2302/1/1271
f 2302/1/1272 2252/1/1272 2251/1/1272
f 2302/1/1273 2251/1/1273 2303/1/1273
f 2303/1/1274 2251/1/1274 2250/1/1274
f 2303/1/1275 2250/1/1275 2304/1/1275
f 2304/1/1276 2250/1/1276 2249/1/1276
f 2304/1/1277 2249/1/1277 2305/1/1277
f 2305/1/1278 2249/1/1278 2248/1/1278
f 2305/1/1279 2248/1/1279 2306/1/1279
f 2306/1/1280 2248/1/1280 2247/1/1280
f 2306/1/1281 2247/1/1281 2307/1/1281
f 2307/1/1282 2247/1/1282 2246/1/1282
f 2307/1/1283 2246/1/1283 2308/1/1283
f 2308/1/1284 2246/1/1284 2245/1/1284
f 2308/1/1285 2245/1/1285 2309/1/1285
f 2309/1/1286 2245/1/1286 2244/1/1286
f 2309/1/1287 2244/1/1287 2310/1/1287
f 2310/1/1288 2244/1/1288 2243/1/1288
f 2310/1/1289 2243/1/1289 2311/1/1289
f 2311/1/1290 2243/1/1290 2242/1/1290
f 2311/1/1291 2242/1/1291 2312/1/1291
f 2312/1/1292 2242/1/1292 2241/1/1292
f 2312/1/1293 2241/1/1293 2313/1/1293
f 2313/1/1294 2241/1/1294 2240/1/1294
f 2313/1/1295 2240/1/1295 2314/1/1295
f 2314/1/1296 2240/1/1296 2239/1/1296
f 2314/1/1297 2239/1/1297 2315/1/1297
f 2315/1/1298 2239/1/1298 2238/1/1298
f 2315/1/1299 2238/1/1299 2316/1/1299
f 2316/1/1300 2238/1/1300 2237/1/1300
f 2316/1/1301 2237/1/1301 2317/1/1301
f 2317/1/1302 2237/1/1302 2236/1/1302
f 2317/1/1303 2236/1/1303 2318/1/1303
f 2318/1/1304 2236/1/1304 2235/1/1304
f 2318/1/1305 2235/1/1305 2319/1/1305
f 2319/1/1306 2235/1/1306 2234/1/1306
f 2319/1/1307 2234/1/1307 2320/1/1307
f 2320/1/1308 2234/1/1308 2233/1/1308
f 2320/1/1309 2233/1/1309 2321/1/1309
f 2321/1/1310 2233/1/1310 2232/1/1310
f 2321/1/1311 2232/1/1311 2322/1/1311
f 2322/1/1312 2232/1/1312 2231/1/1312
f 2322/1/1313 2231/1/1313 2323/1/1313
f 2323/1/1314 2231/1/1314 2324/1/1314
f 2324/1/1315 2231/1/1315 2230/1/1315
f 2324/1/1316 2230/1/1316 2325/1/1316
f 2325/1/1317 2230/1/1317 2229/1/1317
f 2325/1/1318 2229/1/1318 2326/1/1318
f 2326/1/1319 2229/1/1319 2228/1/1319
f 2326/1/1320 2228/1/1320 2327/1/1320
f 2327/1/1321 2228/1/1321 2227/1/1321
f 2327/1/1322 2227/1/1322 2328/1/1322
f 2328/1/1323 2227/1/1323 2329/1/1323
f 2329/1/1324 2227/1/1324 2226/1/1324
f 2329/1/1325 2226/1/1325 2330/1/1325
f 2330/1/1326 2226/1/1326 2293/1/1326
f 2330/1/1327 2293/1/1327 2331/1/1327
f 2331/1/1328 2293/1/1328 2292/1/1328
f 2331/1/1329 2292/1/1329 2332/1/1329
f 2332/1/1330 2292/1/1330 2291/1/1330
f 2332/1/1331 2291/1/1331 2333/1/1331
f 2333/1/1332 2291/1/1332 2290/1/1332
f 2333/1/1333 2290/1/1333 2334/1/1333
f 2334/1/1334 2290/1/1334 2289/1/1334
f 2334/1/1335 2289/1/1335 2335/1/1335
f 2335/1/1336 2289/1/1336 2288/1/1336
f 2335/1/1337 2288/1/1337 2336/1/1337
f 2336/1/1338 2288/1/1338 2287/1/1338
f 2336/1/1339 2287/1/1339 2337/1/1339
f 2337/1/1340 2287/1/1340 2286/1/1340
f 2337/1/1341 2286/1/1341 2338/1/1341
f 2338/1/1342 2286/1/1342 2285/1/1342
f 2338/1/1343 2285/1/1343 2339/1/1343
f 2339/1/1344 2285/1/1344 2284/1/1344
f 2339/1/1345 2284/1/1345 2340/1/1345
f 2340/1/1346 2284/1/1346 2283/1/1346
f 2340/1/1347 2283/1/1347 2341/1/1347
f 2341/1/1348 2283/1/1348 2282/1/1348
f 2341/1/1349 2282/1/1349 2342/1/1349
f 2342/1/1350 2282/1/1350 2281/1/1350
f 2342/1/1351 2281/1/1351 2343/1/1351
f 2343/1/1352 2281/1/1352 2280/1/1352
f 2343/1/1353 2280/1/1353 2344/1/1353
f 2344/1/1354 2280/1/1354 2279/1/1354
f 2344/1/1355 2279/1/1355 2345/1/1355
f 2345/1/1356 2279/1/1356 2278/1/1356
f 2345/1/1357 2278/1/1357 2346/1/1357
f 2346/1/1358 2278/1/1358 2277/1/1358
f 2346/1/1359 2277/1/1359 2347/1/1359
f 2347/1/1360 2277/1/1360 2276/1/1360
f 2347/1/1361 2276/1/1361 2348/1/1361
f 2348/1/1362 2276/1/1362 2275/1/1362
f 2348/1/1363 2275/1/1363 2349/1/1363
f 2349/1/1364 2275/1/1364 2274/1/1364
f 2349/1/1365 2274/1/1365 2350/1/1365
f 2350/1/1366 2274/1/1366 2273/1/1366
f 2350/1/1367 2273/1/1367 2351/1/1367
f 2351/1/1368 2273/1/1368 2272/1/1368
f 2351/1/1369 2272/1/1369 2352/1/1369
f 2352/1/1370 2272/1/1370 2271/1/1370
f 2352/1/1371 2271/1/1371 2353/1/1371
f 2353/1/1372 2271/1/1372 2270/1/1372
f 2353/1/1373 2270/1/1373 2354/1/1373
f 2354/1/1374 2270/1/1374 2269/1/1374
f 2354/1/1375 2269/1/1375 2355/1/1375
f 2355/1/1376 2269/1/1376 2268/1/1376
f 2355/1/1377 2268/1/1377 2356/1/1377
f 2356/1/1378 2268/1/1378 2267/1/1378
f 2356/1/1379 2267/1/1379 2357/1/1379
f 2357/1/1380 2267/1/1380 2266/1/1380
f 2357/1/1381 2266/1/1381 2358/1/1381
f 2358/1/1382 2266/1/1382 2265/1/1382
f 2358/1/1383 2265/1/1383 2359/1/1383
f 2359/1/1384 2265/1/1384 2360/1/1384
f 2360/1/1385 2265/1/1385 2264/1/1385
f 2360/1/1386 2264/1/1386 2361/1/1386
f 2361/1/1387 2264/1/1387 2263/1/1387
f 2361/1/1388 2263/1/1388 2362/1/1388
f 2362/1/1389 2263/1/1389 2262/1/1389
f 2362/1/1390 2262/1/1390 2363/1/1390
f 2363/1/1391 2262/1/1391 2261/1/1391
f 2363/1/1392 2261/1/1392 2364/1/1392
f 2364/1/1393 2261/1/1393 2365/1/1393
f 2365/1/1394 2261/1/1394 2260/1/1394
f 2365/1/1395 2260/1/1395 2366/1/1395
f 2366/1/1396 2260/1/1396 2259/1/1396
f 2366/1/1397 2259/1/1397 2294/1/1397
f 2294/1/1398 2259/1/1398 2258/1/1398
f 2333/1/1399 2367/1/1399 2332/1/1399
f 1938/1/909 1785/1/909 1784/1/909
f 1784/1/909 1785/1/909 1783/1/909
f 1928/1/910 1782/1/910 1791/1/910
f 1791/1/910 1782/1/910 1781/1/910
f 2368/1/13 1864/1/13 2369/1/13
f 2369/1/13 1864/1/13 1862/1/13
f 2369/1/13 1862/1/13 2370/1/13
f 2370/1/13 1862/1/13 1860/1/13
f 2370/1/13 1860/1/13 2371/1/13
f 2371/1/13 1860/1/13 1858/1/13
f 2371/1/13 1858/1/13 2372/1/13
f 2372/1/13 1858/1/13 1856/1/13
f 2372/1/13 1856/1/13 2373/1/13
f 2373/1/13 1856/1/13 1854/1/13
f 2373/1/13 1854/1/13 2374/1/13
f 2374/1/13 1854/1/13 1852/1/13
f 2374/1/13 1852/1/13 2375/1/13
f 2375/1/13 1852/1/13 1850/1/13
f 2375/1/13 1850/1/13 2376/1/13
f 2376/1/13 1850/1/13 1804/1/13
f 2376/1/13 1804/1/13 2377/1/13
f 2377/1/13 1804/1/13 1806/1/13
f 1706/1/15 1784/1/15 1709/1/15
f 1709/1/15 1784/1/15 1782/1/15
f 1709/1/15 1782/1/15 1925/1/15
f 1925/1/15 1782/1/15 1927/1/15
f 1927/1/15 1782/1/15 1928/1/15
f 1704/1/15 1940/1/15 1706/1/15
f 1706/1/15 1940/1/15 1937/1/15
f 1706/1/15 1937/1/15 1784/1/15
f 1784/1/15 1937/1/15 1936/1/15
f 1784/1/15 1936/1/15 1938/1/15
f 1711/1/15 2378/1/15 1704/1/15
f 1704/1/15 2378/1/15 2379/1/15
f 1704/1/15 2379/1/15 2380/1/15
f 1709/1/15 2381/1/15 1711/1/15
f 1711/1/15 2381/1/15 2382/1/15
f 1711/1/15 2382/1/15 2383/1/15
f 2383/1/15 2382/1/15 2384/1/15
f 2383/1/15 2384/1/15 2385/1/15
f 1925/1/15 1922/1/15 1709/1/15
f 1709/1/15 1922/1/15 2381/1/15
f 2383/1/15 2378/1/15 1711/1/15
f 2386/1/15 2387/1/15 2378/1/15
f 2378/1/15 2387/1/15 2379/1/15
f 2380/1/15 1940/1/15 1704/1/15
f 1797/1/909 1792/1/909 1920/1/909
f 1920/1/909 1792/1/909 2388/1/909
f 2389/1/1400 1915/1/1400 2388/1/1400
f 2388/1/1400 1915/1/1400 1916/1/1400
f 2388/1/1400 1916/1/1400 1918/1/1400
f 1909/1/1400 1911/1/1400 2389/1/1400
f 2389/1/1400 1911/1/1400 1913/1/1400
f 2389/1/1400 1913/1/1400 1915/1/1400
f 1918/1/1400 1920/1/1400 2388/1/1400
f 1803/1/910 1909/1/910 1794/1/910
f 1794/1/910 1909/1/910 2389/1/910
f 1794/1/14 2389/1/14 1792/1/14
f 1792/1/14 2389/1/14 2388/1/14
f 1747/1/13 1946/1/13 1752/1/13
f 1752/1/13 1946/1/13 1944/1/13
f 1752/1/13 1944/1/13 1942/1/13
f 1905/1/13 2390/1/13 1942/1/13
f 1942/1/13 2390/1/13 1752/1/13
f 1752/1/13 2390/1/13 1741/1/13
f 1741/1/13 2390/1/13 2391/1/13
f 1741/1/13 2391/1/13 1956/1/13
f 1956/1/13 2391/1/13 1958/1/13
f 1956/1/13 1954/1/13 1741/1/13
f 1741/1/13 1954/1/13 1952/1/13
f 1741/1/13 1952/1/13 1717/1/13
f 2386/1/909 2378/1/909 2392/1/909
f 2392/1/909 2378/1/909 2393/1/909
f 2394/1/1400 2395/1/1400 2396/1/1400
f 2396/1/1400 2395/1/1400 2397/1/1400
f 2396/1/1400 2397/1/1400 2398/1/1400
f 2396/1/1400 2398/1/1400 2393/1/1400
f 2393/1/1400 2398/1/1400 2399/1/1400
f 2393/1/1400 2399/1/1400 2400/1/1400
f 2400/1/1400 2392/1/1400 2393/1/1400
f 2385/1/910 2394/1/910 2383/1/910
f 2383/1/910 2394/1/910 2396/1/910
f 2383/1/14 2396/1/14 2378/1/14
f 2378/1/14 2396/1/14 2393/1/14
f 2401/1/909 2402/1/909 2403/1/909
f 2403/1/909 2402/1/909 2404/1/909
f 2402/1/911 2405/1/911 2404/1/911
f 2404/1/911 2405/1/911 2406/1/911
f 2404/1/911 2406/1/911 2407/1/911
f 2404/1/911 2407/1/911 2408/1/911
f 2408/1/911 2407/1/911 2409/1/911
f 2408/1/911 2409/1/911 2410/1/911
f 2410/1/911 2411/1/911 2408/1/911
f 2412/1/910 2413/1/910 2411/1/910
f 2411/1/910 2413/1/910 2408/1/910
f 2403/1/16 2404/1/16 2413/1/16
f 2413/1/16 2404/1/16 2408/1/16
f 2401/1/15 2403/1/15 2414/1/15
f 2414/1/15 2403/1/15 2415/1/15
f 2415/1/15 2403/1/15 2416/1/15
f 2416/1/15 2403/1/15 2417/1/15
f 2417/1/15 2403/1/15 2418/1/15
f 2418/1/15 2403/1/15 2413/1/15
f 2418/1/15 2413/1/15 2419/1/15
f 2419/1/15 2413/1/15 2420/1/15
f 2420/1/15 2413/1/15 2421/1/15
f 2421/1/15 2413/1/15 2412/1/15
f 2422/1/909 2423/1/909 2424/1/909
f 2424/1/909 2423/1/909 2425/1/909
f 2424/1/909 2425/1/909 2426/1/909
f 2427/1/909 2428/1/909 2422/1/909
f 2422/1/909 2428/1/909 2429/1/909
f 2422/1/909 2429/1/909 2430/1/909
f 2431/1/909 2432/1/909 2427/1/909
f 2427/1/909 2432/1/909 2433/1/909
f 2427/1/909 2433/1/909 2434/1/909
f 2434/1/909 2433/1/909 2435/1/909
f 2434/1/909 2435/1/909 2436/1/909
f 2436/1/909 2435/1/909 2437/1/909
f 2436/1/909 2437/1/909 2438/1/909
f 2438/1/909 2437/1/909 2439/1/909
f 2439/1/909 2437/1/909 2440/1/909
f 2439/1/909 2440/1/909 2441/1/909
f 2432/1/909 2431/1/909 2442/1/909
f 2442/1/909 2431/1/909 2437/1/909
f 2442/1/909 2437/1/909 2435/1/909
f 2443/1/909 2444/1/909 2441/1/909
f 2441/1/909 2444/1/909 2445/1/909
f 2441/1/909 2445/1/909 2446/1/909
f 2446/1/909 2445/1/909 2423/1/909
f 2423/1/909 2445/1/909 2425/1/909
f 2444/1/909 2443/1/909 2426/1/909
f 2426/1/909 2443/1/909 2424/1/909
f 2430/1/909 2447/1/909 2422/1/909
f 2422/1/909 2447/1/909 2448/1/909
f 2422/1/909 2448/1/909 2423/1/909
f 2448/1/909 2447/1/909 2449/1/909
f 2449/1/909 2447/1/909 2450/1/909
f 2449/1/909 2450/1/909 2451/1/909
f 2451/1/909 2450/1/909 2452/1/909
f 2451/1/909 2452/1/909 2438/1/909
f 2438/1/909 2452/1/909 2436/1/909
f 2450/1/909 2429/1/909 2452/1/909
f 2452/1/909 2429/1/909 2428/1/909
f 2441/1/909 2446/1/909 2453/1/909
f 2453/1/909 2446/1/909 2449/1/909
f 2453/1/909 2449/1/909 2451/1/909
f 2434/1/909 2428/1/909 2427/1/909
f 2453/1/909 2439/1/909 2441/1/909
f 2454/1/910 2455/1/910 2456/1/910
f 2456/1/910 2455/1/910 2457/1/910
f 2456/1/910 2457/1/910 2458/1/910
f 2459/1/910 2460/1/910 2454/1/910
f 2454/1/910 2460/1/910 2461/1/910
f 2454/1/910 2461/1/910 2462/1/910
f 2462/1/910 2461/1/910 2463/1/910
f 2463/1/910 2461/1/910 2464/1/910
f 2463/1/910 2464/1/910 2465/1/910
f 2465/1/910 2464/1/910 2466/1/910
f 2465/1/910 2466/1/910 2467/1/910
f 2467/1/910 2466/1/910 2468/1/910
f 2467/1/910 2468/1/910 2469/1/910
f 2460/1/910 2459/1/910 2470/1/910
f 2470/1/910 2459/1/910 2466/1/910
f 2470/1/910 2466/1/910 2464/1/910
f 2471/1/910 2472/1/910 2469/1/910
f 2469/1/910 2472/1/910 2473/1/910
f 2469/1/910 2473/1/910 2474/1/910
f 2474/1/910 2473/1/910 2475/1/910
f 2474/1/910 2475/1/910 2476/1/910
f 2476/1/910 2475/1/910 2477/1/910
f 2476/1/910 2477/1/910 2478/1/910
f 2478/1/910 2477/1/910 2479/1/910
f 2478/1/910 2479/1/910 2455/1/910
f 2455/1/910 2479/1/910 2457/1/910
f 2471/1/910 2480/1/910 2472/1/910
f 2472/1/910 2480/1/910 2481/1/910
f 2481/1/910 2480/1/910 2482/1/910
f 2482/1/910 2480/1/910 2483/1/910
f 2482/1/910 2483/1/910 2475/1/910
f 2483/1/910 2480/1/910 2484/1/910
f 2484/1/910 2480/1/910 2456/1/910
f 2484/1/910 2456/1/910 2485/1/910
f 2485/1/910 2456/1/910 2458/1/910
f 2474/1/910 2467/1/910 2469/1/910
f 2465/1/910 2476/1/910 2463/1/910
f 2463/1/910 2476/1/910 2478/1/910
f 2473/1/910 2482/1/910 2475/1/910
f 2477/1/910 2484/1/910 2479/1/910
f 2479/1/910 2484/1/910 2485/1/910
f 2462/1/910 2455/1/910 2454/1/910
f 2430/1/13 2429/1/13 2458/1/13
f 2458/1/13 2429/1/13 2485/1/13
f 2429/1/14 2450/1/14 2485/1/14
f 2485/1/14 2450/1/14 2479/1/14
f 2450/1/15 2447/1/15 2479/1/15
f 2479/1/15 2447/1/15 2457/1/15
f 2447/1/16 2430/1/16 2457/1/16
f 2457/1/16 2430/1/16 2458/1/16
f 2446/1/15 2423/1/15 2463/1/15
f 2463/1/15 2423/1/15 2462/1/15
f 2423/1/16 2448/1/16 2462/1/16
f 2462/1/16 2448/1/16 2455/1/16
f 2448/1/13 2449/1/13 2455/1/13
f 2455/1/13 2449/1/13 2478/1/13
f 2449/1/14 2446/1/14 2478/1/14
f 2478/1/14 2446/1/14 2463/1/14
f 2436/1/15 2452/1/15 2475/1/15
f 2475/1/15 2452/1/15 2477/1/15
f 2452/1/16 2428/1/16 2477/1/16
f 2477/1/16 2428/1/16 2484/1/16
f 2428/1/13 2434/1/13 2484/1/13
f 2484/1/13 2434/1/13 2483/1/13
f 2434/1/14 2436/1/14 2483/1/14
f 2483/1/14 2436/1/14 2475/1/14
f 2442/1/15 2435/1/15 2472/1/15
f 2472/1/15 2435/1/15 2473/1/15
f 2435/1/16 2433/1/16 2473/1/16
f 2473/1/16 2433/1/16 2482/1/16
f 2433/1/13 2432/1/13 2482/1/13
f 2482/1/13 2432/1/13 2481/1/13
f 2432/1/14 2442/1/14 2481/1/14
f 2481/1/14 2442/1/14 2472/1/14
f 2444/1/15 2426/1/15 2470/1/15
f 2470/1/15 2426/1/15 2460/1/15
f 2426/1/16 2425/1/16 2460/1/16
f 2460/1/16 2425/1/16 2461/1/16
f 2425/1/13 2445/1/13 2461/1/13
f 2461/1/13 2445/1/13 2464/1/13
f 2445/1/14 2444/1/14 2464/1/14
f 2464/1/14 2444/1/14 2470/1/14
f 2439/1/15 2453/1/15 2467/1/15
f 2467/1/15 2453/1/15 2465/1/15
f 2453/1/16 2451/1/16 2465/1/16
f 2465/1/16 2451/1/16 2476/1/16
f 2451/1/13 2438/1/13 2476/1/13
f 2476/1/13 2438/1/13 2474/1/13
f 2438/1/14 2439/1/14 2474/1/14
f 2474/1/14 2439/1/14 2467/1/14
f 2454/1/13 2486/1/13 2459/1/13
f 2459/1/13 2486/1/13 2487/1/13
f 2459/1/13 2487/1/13 2443/1/13
f 2443/1/13 2487/1/13 2424/1/13
f 2443/1/16 2441/1/16 2459/1/16
f 2459/1/16 2441/1/16 2466/1/16
f 2441/1/13 2440/1/13 2466/1/13
f 2466/1/13 2440/1/13 2468/1/13
f 2440/1/16 2437/1/16 2468/1/16
f 2468/1/16 2437/1/16 2469/1/16
f 2437/1/13 2431/1/13 2469/1/13
f 2469/1/13 2431/1/13 2471/1/13
f 2431/1/16 2427/1/16 2471/1/16
f 2471/1/16 2427/1/16 2480/1/16
f 2385/1/1401 2488/1/1401 2394/1/1401
f 2394/1/1002 2488/1/1002 2489/1/1002
f 2394/1/1402 2489/1/1402 2395/1/1402
f 2395/1/1004 2489/1/1004 2490/1/1004
f 2395/1/1403 2490/1/1403 2397/1/1403
f 2397/1/1006 2490/1/1006 2491/1/1006
f 2397/1/1007 2491/1/1007 2398/1/1007
f 2398/1/1008 2491/1/1008 2399/1/1008
f 2399/1/1009 2491/1/1009 2492/1/1009
f 2399/1/1404 2492/1/1404 2400/1/1404
f 2400/1/1011 2492/1/1011 2493/1/1011
f 2400/1/1405 2493/1/1405 2392/1/1405
f 2392/1/1013 2493/1/1013 2494/1/1013
f 2392/1/1406 2494/1/1406 2386/1/1406
f 2386/1/1014 2494/1/1014 2387/1/1014
f 2387/1/1015 2494/1/1015 2495/1/1015
f 2387/1/957 2495/1/957 2379/1/957
f 2379/1/956 2495/1/956 2380/1/956
f 2380/1/955 2495/1/955 2496/1/955
f 2380/1/954 2496/1/954 2497/1/954
f 2497/1/953 2496/1/953 2498/1/953
f 2497/1/952 2498/1/952 2499/1/952
f 2499/1/951 2498/1/951 2500/1/951
f 2499/1/950 2500/1/950 2501/1/950
f 2501/1/949 2500/1/949 2502/1/949
f 2501/1/948 2502/1/948 2503/1/948
f 2503/1/947 2502/1/947 2504/1/947
f 2503/1/946 2504/1/946 2505/1/946
f 2505/1/945 2504/1/945 2506/1/945
f 2505/1/944 2506/1/944 2507/1/944
f 2507/1/943 2506/1/943 2508/1/943
f 2507/1/942 2508/1/942 2509/1/942
f 2509/1/941 2508/1/941 2510/1/941
f 2509/1/940 2510/1/940 2511/1/940
f 2511/1/939 2510/1/939 2512/1/939
f 2511/1/938 2512/1/938 2513/1/938
f 2513/1/937 2512/1/937 2514/1/937
f 2513/1/936 2514/1/936 2515/1/936
f 2515/1/935 2514/1/935 2516/1/935
f 2515/1/934 2516/1/934 2517/1/934
f 2517/1/933 2516/1/933 2518/1/933
f 2517/1/932 2518/1/932 2519/1/932
f 2519/1/931 2518/1/931 2520/1/931
f 2519/1/930 2520/1/930 2521/1/930
f 2521/1/929 2520/1/929 2522/1/929
f 2521/1/928 2522/1/928 2523/1/928
f 2523/1/927 2522/1/927 2524/1/927
f 2523/1/926 2524/1/926 2525/1/926
f 2525/1/925 2524/1/925 2526/1/925
f 2525/1/924 2526/1/924 2527/1/924
f 2527/1/923 2526/1/923 2528/1/923
f 2527/1/922 2528/1/922 2529/1/922
f 2529/1/921 2528/1/921 2530/1/921
f 2529/1/920 2530/1/920 2531/1/920
f 2531/1/919 2530/1/919 2532/1/919
f 2531/1/918 2532/1/918 2533/1/918
f 2533/1/917 2532/1/917 2534/1/917
f 2533/1/916 2534/1/916 2535/1/916
f 2535/1/1200 2534/1/1200 2536/1/1200
f 2535/1/1201 2536/1/1201 2537/1/1201
f 2537/1/1041 2536/1/1041 2416/1/1041
f 2416/1/1040 2536/1/1040 2415/1/1040
f 2415/1/1039 2536/1/1039 2538/1/1039
f 2415/1/1037 2538/1/1037 2414/1/1037
f 2414/1/1036 2538/1/1036 2402/1/1036
f 2414/1/1038 2402/1/1038 2401/1/1038
f 2385/1/1001 2384/1/1001 2488/1/1001
f 2488/1/1000 2384/1/1000 2539/1/1000
f 2539/1/999 2384/1/999 2382/1/999
f 2539/1/998 2382/1/998 2381/1/998
f 2539/1/997 2381/1/997 2540/1/997
f 2540/1/996 2381/1/996 2368/1/996
f 2540/1/995 2368/1/995 2541/1/995
f 2541/1/1407 2368/1/1407 2542/1/1407
f 2541/1/993 2542/1/993 2543/1/993
f 2543/1/993 2542/1/993 2544/1/993
f 2543/1/992 2544/1/992 2545/1/992
f 2545/1/992 2544/1/992 2546/1/992
f 2545/1/991 2546/1/991 2547/1/991
f 2547/1/991 2546/1/991 2548/1/991
f 2547/1/990 2548/1/990 2549/1/990
f 2549/1/990 2548/1/990 2550/1/990
f 2549/1/989 2550/1/989 2551/1/989
f 2551/1/989 2550/1/989 2552/1/989
f 2551/1/988 2552/1/988 2553/1/988
f 2553/1/988 2552/1/988 2554/1/988
f 2553/1/987 2554/1/987 2555/1/987
f 2555/1/987 2554/1/987 2556/1/987
f 2555/1/986 2556/1/986 2557/1/986
f 2557/1/986 2556/1/986 2558/1/986
f 2557/1/985 2558/1/985 2559/1/985
f 2559/1/985 2558/1/985 2560/1/985
f 2559/1/910 2560/1/910 2561/1/910
f 2561/1/910 2560/1/910 2562/1/910
f 2561/1/984 2562/1/984 2563/1/984
f 2563/1/984 2562/1/984 2564/1/984
f 2563/1/983 2564/1/983 2565/1/983
f 2565/1/983 2564/1/983 2566/1/983
f 2565/1/982 2566/1/982 2567/1/982
f 2567/1/982 2566/1/982 2568/1/982
f 2567/1/981 2568/1/981 2569/1/981
f 2569/1/981 2568/1/981 2570/1/981
f 2569/1/980 2570/1/980 2571/1/980
f 2571/1/980 2570/1/980 2572/1/980
f 2571/1/979 2572/1/979 2573/1/979
f 2573/1/979 2572/1/979 2574/1/979
f 2573/1/978 2574/1/978 2575/1/978
f 2575/1/978 2574/1/978 2576/1/978
f 2575/1/977 2576/1/977 2577/1/977
f 2577/1/977 2576/1/977 2578/1/977
f 2577/1/976 2578/1/976 2579/1/976
f 2579/1/976 2578/1/976 2580/1/976
f 2579/1/1408 2580/1/1408 2581/1/1408
f 2581/1/974 2580/1/974 2582/1/974
f 2581/1/1409 2582/1/1409 2583/1/1409
f 2583/1/1410 2582/1/1410 2584/1/1410
f 2583/1/1411 2584/1/1411 2585/1/1411
f 2585/1/1412 2584/1/1412 2586/1/1412
f 2585/1/1413 2586/1/1413 2587/1/1413
f 2587/1/1414 2586/1/1414 2588/1/1414
f 2587/1/1415 2588/1/1415 2456/1/1415
f 2456/1/1416 2588/1/1416 2454/1/1416
f 2454/1/1417 2588/1/1417 2589/1/1417
f 2454/1/1418 2589/1/1418 2486/1/1418
f 2486/1/1419 2589/1/1419 2590/1/1419
f 2486/1/1420 2590/1/1420 2487/1/1420
f 2487/1/1421 2590/1/1421 2591/1/1421
f 2487/1/1422 2591/1/1422 2424/1/1422
f 2424/1/1423 2591/1/1423 2592/1/1423
f 2424/1/1424 2592/1/1424 2422/1/1424
f 2422/1/1425 2592/1/1425 2593/1/1425
f 2593/1/1426 2592/1/1426 2594/1/1426
f 2593/1/1427 2594/1/1427 2595/1/1427
f 2595/1/1428 2594/1/1428 2596/1/1428
f 2595/1/1429 2596/1/1429 2597/1/1429
f 2597/1/1430 2596/1/1430 2598/1/1430
f 2597/1/1431 2598/1/1431 2537/1/1431
f 2537/1/913 2598/1/913 2599/1/913
f 2537/1/914 2599/1/914 2535/1/914
f 2535/1/915 2599/1/915 2533/1/915
f 2542/1/1042 2368/1/1042 2600/1/1042
f 2600/1/1432 2368/1/1432 2369/1/1432
f 2600/1/1433 2369/1/1433 2601/1/1433
f 2601/1/1434 2369/1/1434 2370/1/1434
f 2601/1/1435 2370/1/1435 2602/1/1435
f 2602/1/1436 2370/1/1436 2371/1/1436
f 2602/1/1437 2371/1/1437 2603/1/1437
f 2603/1/1438 2371/1/1438 2372/1/1438
f 2603/1/1439 2372/1/1439 2604/1/1439
f 2604/1/1440 2372/1/1440 2373/1/1440
f 2604/1/1441 2373/1/1441 2605/1/1441
f 2605/1/1442 2373/1/1442 2374/1/1442
f 2605/1/1443 2374/1/1443 2606/1/1443
f 2606/1/1444 2374/1/1444 2375/1/1444
f 2606/1/1445 2375/1/1445 2607/1/1445
f 2607/1/1446 2375/1/1446 2376/1/1446
f 2607/1/1447 2376/1/1447 2608/1/1447
f 2608/1/1448 2376/1/1448 2377/1/1448
f 2608/1/1064 2377/1/1064 2609/1/1064
f 2609/1/1449 2377/1/1449 2497/1/1449
f 2609/1/1066 2497/1/1066 2610/1/1066
f 2610/1/1066 2497/1/1066 2499/1/1066
f 2610/1/1067 2499/1/1067 2611/1/1067
f 2611/1/1067 2499/1/1067 2501/1/1067
f 2611/1/1068 2501/1/1068 2612/1/1068
f 2612/1/1068 2501/1/1068 2503/1/1068
f 2612/1/1069 2503/1/1069 2613/1/1069
f 2613/1/1069 2503/1/1069 2505/1/1069
f 2613/1/1070 2505/1/1070 2614/1/1070
f 2614/1/1070 2505/1/1070 2507/1/1070
f 2614/1/1071 2507/1/1071 2615/1/1071
f 2615/1/1071 2507/1/1071 2509/1/1071
f 2615/1/1072 2509/1/1072 2616/1/1072
f 2616/1/1072 2509/1/1072 2511/1/1072
f 2616/1/1073 2511/1/1073 2617/1/1073
f 2617/1/1073 2511/1/1073 2513/1/1073
f 2617/1/1074 2513/1/1074 2618/1/1074
f 2618/1/1074 2513/1/1074 2515/1/1074
f 2618/1/909 2515/1/909 2619/1/909
f 2619/1/909 2515/1/909 2517/1/909
f 2619/1/1075 2517/1/1075 2620/1/1075
f 2620/1/1075 2517/1/1075 2519/1/1075
f 2620/1/1076 2519/1/1076 2621/1/1076
f 2621/1/1076 2519/1/1076 2521/1/1076
f 2621/1/1077 2521/1/1077 2622/1/1077
f 2622/1/1077 2521/1/1077 2523/1/1077
f 2622/1/1078 2523/1/1078 2623/1/1078
f 2623/1/1078 2523/1/1078 2525/1/1078
f 2623/1/1079 2525/1/1079 2624/1/1079
f 2624/1/1079 2525/1/1079 2527/1/1079
f 2624/1/1080 2527/1/1080 2625/1/1080
f 2625/1/1080 2527/1/1080 2529/1/1080
f 2625/1/1081 2529/1/1081 2626/1/1081
f 2626/1/1081 2529/1/1081 2531/1/1081
f 2626/1/1082 2531/1/1082 2627/1/1082
f 2627/1/1082 2531/1/1082 2533/1/1082
f 2627/1/915 2533/1/915 2599/1/915
f 2377/1/1449 2380/1/1449 2497/1/1449
f 2581/1/1408 2419/1/1408 2579/1/1408
f 2579/1/1016 2419/1/1016 2628/1/1016
f 2579/1/1017 2628/1/1017 2629/1/1017
f 2419/1/1018 2420/1/1018 2628/1/1018
f 2628/1/1019 2420/1/1019 2630/1/1019
f 2630/1/1020 2420/1/1020 2421/1/1020
f 2630/1/1021 2421/1/1021 2411/1/1021
f 2411/1/1022 2421/1/1022 2412/1/1022
f 2630/1/1023 2411/1/1023 2631/1/1023
f 2631/1/1450 2411/1/1450 2410/1/1450
f 2631/1/1025 2410/1/1025 2632/1/1025
f 2632/1/1451 2410/1/1451 2409/1/1451
f 2632/1/1027 2409/1/1027 2633/1/1027
f 2633/1/1028 2409/1/1028 2407/1/1028
f 2633/1/1029 2407/1/1029 2634/1/1029
f 2634/1/1030 2407/1/1030 2406/1/1030
f 2634/1/1031 2406/1/1031 2635/1/1031
f 2635/1/1452 2406/1/1452 2405/1/1452
f 2635/1/1033 2405/1/1033 2636/1/1033
f 2636/1/1453 2405/1/1453 2402/1/1453
f 2636/1/1035 2402/1/1035 2538/1/1035
f 2579/1/1202 2629/1/1202 2577/1/1202
f 2577/1/1203 2629/1/1203 2637/1/1203
f 2577/1/1204 2637/1/1204 2575/1/1204
f 2575/1/1205 2637/1/1205 2638/1/1205
f 2575/1/1206 2638/1/1206 2573/1/1206
f 2573/1/1207 2638/1/1207 2639/1/1207
f 2573/1/1208 2639/1/1208 2571/1/1208
f 2571/1/1209 2639/1/1209 2640/1/1209
f 2571/1/1210 2640/1/1210 2569/1/1210
f 2569/1/1211 2640/1/1211 2641/1/1211
f 2569/1/1212 2641/1/1212 2567/1/1212
f 2567/1/1213 2641/1/1213 2642/1/1213
f 2567/1/1214 2642/1/1214 2565/1/1214
f 2565/1/1215 2642/1/1215 2643/1/1215
f 2565/1/1216 2643/1/1216 2563/1/1216
f 2563/1/1217 2643/1/1217 2644/1/1217
f 2563/1/1218 2644/1/1218 2561/1/1218
f 2561/1/1219 2644/1/1219 2645/1/1219
f 2561/1/1220 2645/1/1220 2559/1/1220
f 2559/1/1221 2645/1/1221 2646/1/1221
f 2559/1/1222 2646/1/1222 2557/1/1222
f 2557/1/1223 2646/1/1223 2647/1/1223
f 2557/1/1224 2647/1/1224 2555/1/1224
f 2555/1/1225 2647/1/1225 2648/1/1225
f 2555/1/1226 2648/1/1226 2553/1/1226
f 2553/1/1227 2648/1/1227 2649/1/1227
f 2553/1/1228 2649/1/1228 2551/1/1228
f 2551/1/1229 2649/1/1229 2650/1/1229
f 2551/1/1230 2650/1/1230 2549/1/1230
f 2549/1/1231 2650/1/1231 2651/1/1231
f 2549/1/1232 2651/1/1232 2547/1/1232
f 2547/1/1233 2651/1/1233 2652/1/1233
f 2547/1/1234 2652/1/1234 2545/1/1234
f 2545/1/1235 2652/1/1235 2653/1/1235
f 2545/1/1236 2653/1/1236 2543/1/1236
f 2543/1/1237 2653/1/1237 2654/1/1237
f 2543/1/1238 2654/1/1238 2541/1/1238
f 2541/1/1239 2654/1/1239 2540/1/1239
f 2655/1/1083 2656/1/1083 2657/1/1083
f 2657/1/1084 2656/1/1084 2658/1/1084
f 2657/1/1085 2658/1/1085 2659/1/1085
f 2659/1/1086 2658/1/1086 2660/1/1086
f 2659/1/1087 2660/1/1087 2661/1/1087
f 2661/1/1088 2660/1/1088 2662/1/1088
f 2661/1/1454 2662/1/1454 2663/1/1454
f 2663/1/1090 2662/1/1090 2664/1/1090
f 2663/1/1091 2664/1/1091 2665/1/1091
f 2665/1/1092 2664/1/1092 2666/1/1092
f 2665/1/1093 2666/1/1093 2667/1/1093
f 2667/1/1094 2666/1/1094 2668/1/1094
f 2667/1/1095 2668/1/1095 2669/1/1095
f 2669/1/1096 2668/1/1096 2670/1/1096
f 2669/1/1097 2670/1/1097 2671/1/1097
f 2671/1/1098 2670/1/1098 2672/1/1098
f 2671/1/1099 2672/1/1099 2673/1/1099
f 2673/1/1100 2672/1/1100 2674/1/1100
f 2673/1/1101 2674/1/1101 2675/1/1101
f 2675/1/1102 2674/1/1102 2676/1/1102
f 2675/1/1103 2676/1/1103 2677/1/1103
f 2677/1/1104 2676/1/1104 2678/1/1104
f 2677/1/1105 2678/1/1105 2679/1/1105
f 2679/1/1106 2678/1/1106 2680/1/1106
f 2679/1/1107 2680/1/1107 2681/1/1107
f 2681/1/1108 2680/1/1108 2682/1/1108
f 2681/1/1109 2682/1/1109 2683/1/1109
f 2683/1/1110 2682/1/1110 2684/1/1110
f 2683/1/1111 2684/1/1111 2685/1/1111
f 2685/1/1112 2684/1/1112 2686/1/1112
f 2685/1/1113 2686/1/1113 2687/1/1113
f 2687/1/1114 2686/1/1114 2688/1/1114
f 2687/1/1115 2688/1/1115 2689/1/1115
f 2689/1/1116 2688/1/1116 2690/1/1116
f 2689/1/1117 2690/1/1117 2691/1/1117
f 2691/1/1118 2690/1/1118 2692/1/1118
f 2691/1/1119 2692/1/1119 2693/1/1119
f 2693/1/1120 2692/1/1120 2694/1/1120
f 2693/1/1121 2694/1/1121 2695/1/1121
f 2695/1/1122 2694/1/1122 2696/1/1122
f 2695/1/1123 2696/1/1123 2697/1/1123
f 2697/1/1124 2696/1/1124 2698/1/1124
f 2697/1/1125 2698/1/1125 2699/1/1125
f 2699/1/1126 2698/1/1126 2700/1/1126
f 2699/1/1127 2700/1/1127 2701/1/1127
f 2701/1/1128 2700/1/1128 2702/1/1128
f 2701/1/1129 2702/1/1129 2703/1/1129
f 2703/1/1130 2702/1/1130 2704/1/1130
f 2703/1/1131 2704/1/1131 2705/1/1131
f 2705/1/1132 2704/1/1132 2706/1/1132
f 2705/1/1133 2706/1/1133 2707/1/1133
f 2707/1/1134 2706/1/1134 2708/1/1134
f 2707/1/1135 2708/1/1135 2709/1/1135
f 2709/1/1136 2708/1/1136 2710/1/1136
f 2709/1/1137 2710/1/1137 2711/1/1137
f 2711/1/1138 2710/1/1138 2712/1/1138
f 2711/1/1139 2712/1/1139 2713/1/1139
f 2713/1/1140 2712/1/1140 2714/1/1140
f 2713/1/1141 2714/1/1141 2715/1/1141
f 2715/1/1142 2714/1/1142 2716/1/1142
f 2715/1/1143 2716/1/1143 2717/1/1143
f 2717/1/1144 2716/1/1144 2718/1/1144
f 2717/1/1145 2718/1/1145 2719/1/1145
f 2719/1/1146 2718/1/1146 2720/1/1146
f 2719/1/1147 2720/1/1147 2721/1/1147
f 2721/1/1148 2720/1/1148 2722/1/1148
f 2721/1/1149 2722/1/1149 2723/1/1149
f 2723/1/1150 2722/1/1150 2724/1/1150
f 2723/1/1151 2724/1/1151 2725/1/1151
f 2725/1/1152 2724/1/1152 2726/1/1152
f 2725/1/1153 2726/1/1153 2727/1/1153
f 2727/1/1154 2726/1/1154 2728/1/1154
f 2727/1/1155 2728/1/1155 2729/1/1155
f 2729/1/1156 2728/1/1156 2730/1/1156
f 2729/1/1157 2730/1/1157 2731/1/1157
f 2731/1/1158 2730/1/1158 2732/1/1158
f 2731/1/1159 2732/1/1159 2733/1/1159
f 2733/1/1160 2732/1/1160 2734/1/1160
f 2733/1/1161 2734/1/1161 2735/1/1161
f 2735/1/1162 2734/1/1162 2736/1/1162
f 2735/1/1163 2736/1/1163 2737/1/1163
f 2737/1/1164 2736/1/1164 2738/1/1164
f 2737/1/1165 2738/1/1165 2739/1/1165
f 2739/1/1166 2738/1/1166 2740/1/1166
f 2739/1/1167 2740/1/1167 2741/1/1167
f 2741/1/1168 2740/1/1168 2742/1/1168
f 2741/1/1169 2742/1/1169 2743/1/1169
f 2743/1/1170 2742/1/1170 2744/1/1170
f 2743/1/1171 2744/1/1171 2745/1/1171
f 2745/1/1172 2744/1/1172 2746/1/1172
f 2745/1/1173 2746/1/1173 2747/1/1173
f 2747/1/1174 2746/1/1174 2748/1/1174
f 2747/1/1175 2748/1/1175 2749/1/1175
f 2749/1/1176 2748/1/1176 2750/1/1176
f 2749/1/1177 2750/1/1177 2751/1/1177
f 2751/1/1178 2750/1/1178 2752/1/1178
f 2751/1/1179 2752/1/1179 2753/1/1179
f 2753/1/1180 2752/1/1180 2754/1/1180
f 2753/1/1181 2754/1/1181 2755/1/1181
f 2755/1/1182 2754/1/1182 2756/1/1182
f 2755/1/1183 2756/1/1183 2757/1/1183
f 2757/1/1184 2756/1/1184 2758/1/1184
f 2757/1/1185 2758/1/1185 2759/1/1185
f 2759/1/1186 2758/1/1186 2760/1/1186
f 2759/1/1187 2760/1/1187 2761/1/1187
f 2761/1/1188 2760/1/1188 2762/1/1188
f 2761/1/1189 2762/1/1189 2763/1/1189
f 2763/1/1190 2762/1/1190 2764/1/1190
f 2763/1/1191 2764/1/1191 2765/1/1191
f 2765/1/1192 2764/1/1192 2766/1/1192
f 2765/1/1193 2766/1/1193 2767/1/1193
f 2767/1/1194 2766/1/1194 2768/1/1194
f 2767/1/1455 2768/1/1455 2769/1/1455
f 2769/1/1196 2768/1/1196 2770/1/1196
f 2769/1/1197 2770/1/1197 2771/1/1197
f 2771/1/1198 2770/1/1198 2655/1/1198
f 2771/1/1199 2655/1/1199 2657/1/1199
f 2604/1/1085 2772/1/1085 2603/1/1085
f 2603/1/1085 2772/1/1085 2773/1/1085
f 2603/1/1240 2773/1/1240 2602/1/1240
f 2602/1/1240 2773/1/1240 2774/1/1240
f 2602/1/1456 2774/1/1456 2601/1/1456
f 2601/1/1456 2774/1/1456 2775/1/1456
f 2601/1/1242 2775/1/1242 2600/1/1242
f 2600/1/1242 2775/1/1242 2776/1/1242
f 2600/1/1243 2776/1/1243 2542/1/1243
f 2542/1/1243 2776/1/1243 2777/1/1243
f 2542/1/993 2777/1/993 2544/1/993
f 2544/1/993 2777/1/993 2778/1/993
f 2544/1/992 2778/1/992 2546/1/992
f 2546/1/992 2778/1/992 2779/1/992
f 2546/1/991 2779/1/991 2548/1/991
f 2548/1/991 2779/1/991 2780/1/991
f 2548/1/990 2780/1/990 2550/1/990
f 2550/1/990 2780/1/990 2781/1/990
f 2550/1/989 2781/1/989 2552/1/989
f 2552/1/989 2781/1/989 2782/1/989
f 2552/1/988 2782/1/988 2554/1/988
f 2554/1/988 2782/1/988 2783/1/988
f 2554/1/987 2783/1/987 2556/1/987
f 2556/1/987 2783/1/987 2784/1/987
f 2556/1/986 2784/1/986 2558/1/986
f 2558/1/986 2784/1/986 2785/1/986
f 2558/1/985 2785/1/985 2560/1/985
f 2560/1/985 2785/1/985 2786/1/985
f 2560/1/910 2786/1/910 2562/1/910
f 2562/1/910 2786/1/910 2787/1/910
f 2562/1/984 2787/1/984 2564/1/984
f 2564/1/984 2787/1/984 2788/1/984
f 2564/1/983 2788/1/983 2566/1/983
f 2566/1/983 2788/1/983 2789/1/983
f 2566/1/982 2789/1/982 2568/1/982
f 2568/1/982 2789/1/982 2790/1/982
f 2568/1/981 2790/1/981 2570/1/981
f 2570/1/981 2790/1/981 2791/1/981
f 2570/1/980 2791/1/980 2572/1/980
f 2572/1/980 2791/1/980 2792/1/980
f 2572/1/979 2792/1/979 2574/1/979
f 2574/1/979 2792/1/979 2793/1/979
f 2574/1/978 2793/1/978 2576/1/978
f 2576/1/978 2793/1/978 2794/1/978
f 2576/1/977 2794/1/977 2578/1/977
f 2578/1/977 2794/1/977 2795/1/977
f 2578/1/976 2795/1/976 2580/1/976
f 2580/1/976 2795/1/976 2796/1/976
f 2580/1/1244 2796/1/1244 2582/1/1244
f 2582/1/1244 2796/1/1244 2797/1/1244
f 2582/1/1245 2797/1/1245 2584/1/1245
f 2584/1/1245 2797/1/1245 2798/1/1245
f 2584/1/1246 2798/1/1246 2586/1/1246
f 2586/1/1457 2798/1/1457 2799/1/1457
f 2586/1/1247 2799/1/1247 2588/1/1247
f 2588/1/1247 2799/1/1247 2589/1/1247
f 2772/1/1085 2800/1/1085 2773/1/1085
f 2773/1/1085 2800/1/1085 2801/1/1085
f 2773/1/1240 2801/1/1240 2774/1/1240
f 2774/1/1240 2801/1/1240 2802/1/1240
f 2774/1/1456 2802/1/1456 2775/1/1456
f 2775/1/1456 2802/1/1456 2803/1/1456
f 2775/1/1242 2803/1/1242 2776/1/1242
f 2776/1/1242 2803/1/1242 2804/1/1242
f 2776/1/1243 2804/1/1243 2777/1/1243
f 2777/1/1243 2804/1/1243 2805/1/1243
f 2777/1/993 2805/1/993 2778/1/993
f 2778/1/993 2805/1/993 2806/1/993
f 2778/1/992 2806/1/992 2779/1/992
f 2779/1/992 2806/1/992 2807/1/992
f 2779/1/991 2807/1/991 2780/1/991
f 2780/1/991 2807/1/991 2808/1/991
f 2780/1/990 2808/1/990 2781/1/990
f 2781/1/990 2808/1/990 2809/1/990
f 2781/1/989 2809/1/989 2782/1/989
f 2782/1/989 2809/1/989 2810/1/989
f 2782/1/988 2810/1/988 2783/1/988
f 2783/1/988 2810/1/988 2811/1/988
f 2783/1/987 2811/1/987 2784/1/987
f 2784/1/987 2811/1/987 2812/1/987
f 2784/1/986 2812/1/986 2785/1/986
f 2785/1/986 2812/1/986 2813/1/986
f 2785/1/985 2813/1/985 2786/1/985
f 2786/1/985 2813/1/985 2814/1/985
f 2786/1/910 2814/1/910 2787/1/910
f 2787/1/910 2814/1/910 2815/1/910
f 2787/1/984 2815/1/984 2788/1/984
f 2788/1/984 2815/1/984 2816/1/984
f 2788/1/983 2816/1/983 2789/1/983
f 2789/1/983 2816/1/983 2817/1/983
f 2789/1/982 2817/1/982 2790/1/982
f 2790/1/982 2817/1/982 2818/1/982
f 2790/1/981 2818/1/981 2791/1/981
f 2791/1/981 2818/1/981 2819/1/981
f 2791/1/980 2819/1/980 2792/1/980
f 2792/1/980 2819/1/980 2820/1/980
f 2792/1/979 2820/1/979 2793/1/979
f 2793/1/979 2820/1/979 2821/1/979
f 2793/1/978 2821/1/978 2794/1/978
f 2794/1/978 2821/1/978 2822/1/978
f 2794/1/977 2822/1/977 2795/1/977
f 2795/1/977 2822/1/977 2823/1/977
f 2795/1/976 2823/1/976 2796/1/976
f 2796/1/976 2823/1/976 2824/1/976
f 2796/1/1244 2824/1/1244 2797/1/1244
f 2797/1/1244 2824/1/1244 2825/1/1244
f 2797/1/1245 2825/1/1245 2798/1/1245
f 2798/1/1245 2825/1/1245 2826/1/1245
f 2798/1/1457 2826/1/1457 2799/1/1457
f 2799/1/1457 2826/1/1457 2827/1/1457
f 2799/1/1247 2827/1/1247 2589/1/1247
f 2589/1/1247 2827/1/1247 2828/1/1247
f 2589/1/1248 2828/1/1248 2590/1/1248
f 2590/1/1248 2828/1/1248 2829/1/1248
f 2590/1/1249 2829/1/1249 2591/1/1249
f 2591/1/1249 2829/1/1249 2830/1/1249
f 2591/1/1250 2830/1/1250 2831/1/1250
f 2831/1/1250 2830/1/1250 2832/1/1250
f 2831/1/1458 2832/1/1458 2833/1/1458
f 2833/1/1458 2832/1/1458 2834/1/1458
f 2833/1/1252 2834/1/1252 2835/1/1252
f 2835/1/1252 2834/1/1252 2836/1/1252
f 2835/1/1253 2836/1/1253 2837/1/1253
f 2837/1/1253 2836/1/1253 2838/1/1253
f 2837/1/915 2838/1/915 2839/1/915
f 2839/1/915 2838/1/915 2840/1/915
f 2839/1/1082 2840/1/1082 2841/1/1082
f 2841/1/1082 2840/1/1082 2842/1/1082
f 2841/1/1081 2842/1/1081 2843/1/1081
f 2843/1/1081 2842/1/1081 2844/1/1081
f 2843/1/1080 2844/1/1080 2845/1/1080
f 2845/1/1080 2844/1/1080 2846/1/1080
f 2845/1/1079 2846/1/1079 2847/1/1079
f 2847/1/1079 2846/1/1079 2848/1/1079
f 2847/1/1078 2848/1/1078 2849/1/1078
f 2849/1/1078 2848/1/1078 2850/1/1078
f 2849/1/1077 2850/1/1077 2851/1/1077
f 2851/1/1077 2850/1/1077 2852/1/1077
f 2851/1/1076 2852/1/1076 2853/1/1076
f 2853/1/1076 2852/1/1076 2854/1/1076
f 2853/1/1075 2854/1/1075 2855/1/1075
f 2855/1/1075 2854/1/1075 2856/1/1075
f 2855/1/909 2856/1/909 2857/1/909
f 2857/1/909 2856/1/909 2858/1/909
f 2857/1/1074 2858/1/1074 2859/1/1074
f 2859/1/1074 2858/1/1074 2860/1/1074
f 2859/1/1073 2860/1/1073 2861/1/1073
f 2861/1/1073 2860/1/1073 2862/1/1073
f 2861/1/1072 2862/1/1072 2863/1/1072
f 2863/1/1072 2862/1/1072 2864/1/1072
f 2863/1/1071 2864/1/1071 2865/1/1071
f 2865/1/1071 2864/1/1071 2866/1/1071
f 2865/1/1070 2866/1/1070 2867/1/1070
f 2867/1/1070 2866/1/1070 2868/1/1070
f 2867/1/1069 2868/1/1069 2869/1/1069
f 2869/1/1069 2868/1/1069 2870/1/1069
f 2869/1/1068 2870/1/1068 2871/1/1068
f 2871/1/1068 2870/1/1068 2872/1/1068
f 2871/1/1067 2872/1/1067 2873/1/1067
f 2873/1/1067 2872/1/1067 2874/1/1067
f 2873/1/1066 2874/1/1066 2875/1/1066
f 2875/1/1066 2874/1/1066 2876/1/1066
f 2875/1/1254 2876/1/1254 2877/1/1254
f 2877/1/1254 2876/1/1254 2878/1/1254
f 2877/1/1255 2878/1/1255 2879/1/1255
f 2879/1/1255 2878/1/1255 2880/1/1255
f 2879/1/1459 2880/1/1459 2881/1/1459
f 2881/1/1459 2880/1/1459 2882/1/1459
f 2881/1/1257 2882/1/1257 2883/1/1257
f 2883/1/1257 2882/1/1257 2884/1/1257
f 2883/1/1199 2884/1/1199 2772/1/1199
f 2772/1/1199 2884/1/1199 2800/1/1199
f 2772/1/1199 2604/1/1199 2883/1/1199
f 2883/1/1199 2604/1/1199 2605/1/1199
f 2883/1/1257 2605/1/1257 2881/1/1257
f 2881/1/1257 2605/1/1257 2606/1/1257
f 2881/1/1459 2606/1/1459 2879/1/1459
f 2879/1/1459 2606/1/1459 2607/1/1459
f 2879/1/1255 2607/1/1255 2877/1/1255
f 2877/1/1255 2607/1/1255 2608/1/1255
f 2877/1/1254 2608/1/1254 2875/1/1254
f 2875/1/1254 2608/1/1254 2609/1/1254
f 2875/1/1066 2609/1/1066 2873/1/1066
f 2873/1/1066 2609/1/1066 2610/1/1066
f 2873/1/1067 2610/1/1067 2871/1/1067
f 2871/1/1067 2610/1/1067 2611/1/1067
f 2871/1/1068 2611/1/1068 2869/1/1068
f 2869/1/1068 2611/1/1068 2612/1/1068
f 2869/1/1069 2612/1/1069 2867/1/1069
f 2867/1/1069 2612/1/1069 2613/1/1069
f 2867/1/1070 2613/1/1070 2865/1/1070
f 2865/1/1070 2613/1/1070 2614/1/1070
f 2865/1/1071 2614/1/1071 2863/1/1071
f 2863/1/1071 2614/1/1071 2615/1/1071
f 2863/1/1072 2615/1/1072 2861/1/1072
f 2861/1/1072 2615/1/1072 2616/1/1072
f 2861/1/1073 2616/1/1073 2859/1/1073
f 2859/1/1073 2616/1/1073 2617/1/1073
f 2859/1/1074 2617/1/1074 2857/1/1074
f 2857/1/1074 2617/1/1074 2618/1/1074
f 2857/1/909 2618/1/909 2855/1/909
f 2855/1/909 2618/1/909 2619/1/909
f 2855/1/1075 2619/1/1075 2853/1/1075
f 2853/1/1075 2619/1/1075 2620/1/1075
f 2853/1/1076 2620/1/1076 2851/1/1076
f 2851/1/1076 2620/1/1076 2621/1/1076
f 2851/1/1077 2621/1/1077 2849/1/1077
f 2849/1/1077 2621/1/1077 2622/1/1077
f 2849/1/1078 2622/1/1078 2847/1/1078
f 2847/1/1078 2622/1/1078 2623/1/1078
f 2847/1/1079 2623/1/1079 2845/1/1079
f 2845/1/1079 2623/1/1079 2624/1/1079
f 2845/1/1080 2624/1/1080 2843/1/1080
f 2843/1/1080 2624/1/1080 2625/1/1080
f 2843/1/1081 2625/1/1081 2841/1/1081
f 2841/1/1081 2625/1/1081 2626/1/1081
f 2841/1/1082 2626/1/1082 2839/1/1082
f 2839/1/1082 2626/1/1082 2627/1/1082
f 2839/1/915 2627/1/915 2837/1/915
f 2837/1/915 2627/1/915 2599/1/915
f 2837/1/1253 2599/1/1253 2835/1/1253
f 2835/1/1253 2599/1/1253 2598/1/1253
f 2835/1/1252 2598/1/1252 2833/1/1252
f 2833/1/1252 2598/1/1252 2596/1/1252
f 2833/1/1251 2596/1/1251 2831/1/1251
f 2831/1/1458 2596/1/1458 2594/1/1458
f 2831/1/1250 2594/1/1250 2591/1/1250
f 2591/1/1250 2594/1/1250 2592/1/1250
f 2800/1/1085 2657/1/1085 2801/1/1085
f 2801/1/1085 2657/1/1085 2659/1/1085
f 2801/1/1240 2659/1/1240 2802/1/1240
f 2802/1/1240 2659/1/1240 2661/1/1240
f 2802/1/1456 2661/1/1456 2803/1/1456
f 2803/1/1456 2661/1/1456 2663/1/1456
f 2803/1/1242 2663/1/1242 2804/1/1242
f 2804/1/1242 2663/1/1242 2665/1/1242
f 2804/1/1243 2665/1/1243 2805/1/1243
f 2805/1/1243 2665/1/1243 2667/1/1243
f 2805/1/993 2667/1/993 2806/1/993
f 2806/1/993 2667/1/993 2669/1/993
f 2806/1/992 2669/1/992 2807/1/992
f 2807/1/992 2669/1/992 2671/1/992
f 2807/1/991 2671/1/991 2808/1/991
f 2808/1/991 2671/1/991 2673/1/991
f 2808/1/990 2673/1/990 2809/1/990
f 2809/1/990 2673/1/990 2675/1/990
f 2809/1/989 2675/1/989 2810/1/989
f 2810/1/989 2675/1/989 2677/1/989
f 2810/1/988 2677/1/988 2811/1/988
f 2811/1/988 2677/1/988 2679/1/988
f 2811/1/987 2679/1/987 2812/1/987
f 2812/1/987 2679/1/987 2681/1/987
f 2812/1/986 2681/1/986 2813/1/986
f 2813/1/986 2681/1/986 2683/1/986
f 2813/1/985 2683/1/985 2814/1/985
f 2814/1/985 2683/1/985 2685/1/985
f 2814/1/910 2685/1/910 2815/1/910
f 2815/1/910 2685/1/910 2687/1/910
f 2815/1/984 2687/1/984 2816/1/984
f 2816/1/984 2687/1/984 2689/1/984
f 2816/1/983 2689/1/983 2817/1/983
f 2817/1/983 2689/1/983 2691/1/983
f 2817/1/982 2691/1/982 2818/1/982
f 2818/1/982 2691/1/982 2693/1/982
f 2818/1/981 2693/1/981 2819/1/981
f 2819/1/981 2693/1/981 2695/1/981
f 2819/1/980 2695/1/980 2820/1/980
f 2820/1/980 2695/1/980 2697/1/980
f 2820/1/979 2697/1/979 2821/1/979
f 2821/1/979 2697/1/979 2699/1/979
f 2821/1/978 2699/1/978 2822/1/978
f 2822/1/978 2699/1/978 2701/1/978
f 2822/1/977 2701/1/977 2823/1/977
f 2823/1/977 2701/1/977 2703/1/977
f 2823/1/976 2703/1/976 2824/1/976
f 2824/1/976 2703/1/976 2705/1/976
f 2824/1/1244 2705/1/1244 2825/1/1244
f 2825/1/1244 2705/1/1244 2707/1/1244
f 2825/1/1245 2707/1/1245 2826/1/1245
f 2826/1/1245 2707/1/1245 2709/1/1245
f 2826/1/1457 2709/1/1457 2827/1/1457
f 2827/1/1246 2709/1/1246 2711/1/1246
f 2827/1/1247 2711/1/1247 2828/1/1247
f 2828/1/1247 2711/1/1247 2713/1/1247
f 2828/1/1248 2713/1/1248 2829/1/1248
f 2829/1/1248 2713/1/1248 2715/1/1248
f 2829/1/1249 2715/1/1249 2830/1/1249
f 2830/1/1249 2715/1/1249 2717/1/1249
f 2830/1/1250 2717/1/1250 2832/1/1250
f 2832/1/1250 2717/1/1250 2719/1/1250
f 2832/1/1251 2719/1/1251 2834/1/1251
f 2834/1/1458 2719/1/1458 2721/1/1458
f 2834/1/1252 2721/1/1252 2836/1/1252
f 2836/1/1252 2721/1/1252 2723/1/1252
f 2836/1/1253 2723/1/1253 2838/1/1253
f 2838/1/1253 2723/1/1253 2725/1/1253
f 2838/1/915 2725/1/915 2840/1/915
f 2840/1/915 2725/1/915 2727/1/915
f 2840/1/1082 2727/1/1082 2842/1/1082
f 2842/1/1082 2727/1/1082 2729/1/1082
f 2842/1/1081 2729/1/1081 2844/1/1081
f 2844/1/1081 2729/1/1081 2731/1/1081
f 2844/1/1080 2731/1/1080 2846/1/1080
f 2846/1/1080 2731/1/1080 2733/1/1080
f 2846/1/1079 2733/1/1079 2848/1/1079
f 2848/1/1079 2733/1/1079 2735/1/1079
f 2848/1/1078 2735/1/1078 2850/1/1078
f 2850/1/1078 2735/1/1078 2737/1/1078
f 2850/1/1077 2737/1/1077 2852/1/1077
f 2852/1/1077 2737/1/1077 2739/1/1077
f 2852/1/1076 2739/1/1076 2854/1/1076
f 2854/1/1076 2739/1/1076 2741/1/1076
f 2854/1/1075 2741/1/1075 2856/1/1075
f 2856/1/1075 2741/1/1075 2743/1/1075
f 2856/1/909 2743/1/909 2858/1/909
f 2858/1/909 2743/1/909 2745/1/909
f 2858/1/1074 2745/1/1074 2860/1/1074
f 2860/1/1074 2745/1/1074 2747/1/1074
f 2860/1/1073 2747/1/1073 2862/1/1073
f 2862/1/1073 2747/1/1073 2749/1/1073
f 2862/1/1072 2749/1/1072 2864/1/1072
f 2864/1/1072 2749/1/1072 2751/1/1072
f 2864/1/1071 2751/1/1071 2866/1/1071
f 2866/1/1071 2751/1/1071 2753/1/1071
f 2866/1/1070 2753/1/1070 2868/1/1070
f 2868/1/1070 2753/1/1070 2755/1/1070
f 2868/1/1069 2755/1/1069 2870/1/1069
f 2870/1/1069 2755/1/1069 2757/1/1069
f 2870/1/1068 2757/1/1068 2872/1/1068
f 2872/1/1068 2757/1/1068 2759/1/1068
f 2872/1/1067 2759/1/1067 2874/1/1067
f 2874/1/1067 2759/1/1067 2761/1/1067
f 2874/1/1066 2761/1/1066 2876/1/1066
f 2876/1/1066 2761/1/1066 2763/1/1066
f 2876/1/1254 2763/1/1254 2878/1/1254
f 2878/1/1254 2763/1/1254 2765/1/1254
f 2878/1/1255 2765/1/1255 2880/1/1255
f 2880/1/1255 2765/1/1255 2767/1/1255
f 2880/1/1459 2767/1/1459 2882/1/1459
f 2882/1/1459 2767/1/1459 2769/1/1459
f 2882/1/1257 2769/1/1257 2884/1/1257
f 2884/1/1257 2769/1/1257 2771/1/1257
f 2884/1/1199 2771/1/1199 2800/1/1199
f 2800/1/1199 2771/1/1199 2657/1/1199
f 2885/1/1460 2886/1/1460 2887/1/1460
f 2887/1/1323 2886/1/1323 2888/1/1323
f 2887/1/1322 2888/1/1322 2889/1/1322
f 2886/1/1461 2885/1/1461 2890/1/1461
f 2890/1/1462 2885/1/1462 2891/1/1462
f 2890/1/1463 2891/1/1463 2892/1/1463
f 2892/1/1464 2891/1/1464 2893/1/1464
f 2892/1/1465 2893/1/1465 2894/1/1465
f 2894/1/1466 2893/1/1466 2895/1/1466
f 2894/1/1467 2895/1/1467 2896/1/1467
f 2896/1/1468 2895/1/1468 2897/1/1468
f 2897/1/1332 2895/1/1332 2898/1/1332
f 2897/1/1333 2898/1/1333 2899/1/1333
f 2899/1/1334 2898/1/1334 2900/1/1334
f 2899/1/1469 2900/1/1469 2901/1/1469
f 2901/1/1336 2900/1/1336 2902/1/1336
f 2901/1/1337 2902/1/1337 2903/1/1337
f 2903/1/1338 2902/1/1338 2904/1/1338
f 2903/1/1470 2904/1/1470 2905/1/1470
f 2905/1/1340 2904/1/1340 2906/1/1340
f 2905/1/1341 2906/1/1341 2907/1/1341
f 2907/1/1342 2906/1/1342 2908/1/1342
f 2907/1/1343 2908/1/1343 2909/1/1343
f 2909/1/1344 2908/1/1344 2910/1/1344
f 2909/1/1345 2910/1/1345 2911/1/1345
f 2911/1/1346 2910/1/1346 2912/1/1346
f 2911/1/1347 2912/1/1347 2913/1/1347
f 2913/1/1348 2912/1/1348 2914/1/1348
f 2913/1/1349 2914/1/1349 2915/1/1349
f 2915/1/1350 2914/1/1350 2916/1/1350
f 2915/1/1351 2916/1/1351 2917/1/1351
f 2917/1/1471 2916/1/1471 2918/1/1471
f 2917/1/1353 2918/1/1353 2919/1/1353
f 2919/1/1354 2918/1/1354 2920/1/1354
f 2919/1/1355 2920/1/1355 2921/1/1355
f 2921/1/1356 2920/1/1356 2922/1/1356
f 2921/1/1357 2922/1/1357 2923/1/1357
f 2923/1/1358 2922/1/1358 2924/1/1358
f 2923/1/1359 2924/1/1359 2925/1/1359
f 2925/1/1360 2924/1/1360 2926/1/1360
f 2925/1/1361 2926/1/1361 2927/1/1361
f 2927/1/1472 2926/1/1472 2928/1/1472
f 2927/1/1363 2928/1/1363 2929/1/1363
f 2929/1/1364 2928/1/1364 2930/1/1364
f 2929/1/1365 2930/1/1365 2931/1/1365
f 2931/1/1366 2930/1/1366 2932/1/1366
f 2931/1/1367 2932/1/1367 2933/1/1367
f 2933/1/1368 2932/1/1368 2934/1/1368
f 2933/1/1369 2934/1/1369 2935/1/1369
f 2935/1/1370 2934/1/1370 2936/1/1370
f 2935/1/1371 2936/1/1371 2937/1/1371
f 2937/1/1372 2936/1/1372 2938/1/1372
f 2937/1/1373 2938/1/1373 2939/1/1373
f 2939/1/1374 2938/1/1374 2940/1/1374
f 2939/1/1473 2940/1/1473 2941/1/1473
f 2941/1/1376 2940/1/1376 2942/1/1376
f 2941/1/1377 2942/1/1377 2943/1/1377
f 2943/1/1378 2942/1/1378 2944/1/1378
f 2943/1/1474 2944/1/1474 2945/1/1474
f 2945/1/1380 2944/1/1380 2946/1/1380
f 2945/1/1381 2946/1/1381 2947/1/1381
f 2947/1/1382 2946/1/1382 2948/1/1382
f 2947/1/1383 2948/1/1383 2949/1/1383
f 2949/1/1475 2948/1/1475 2950/1/1475
f 2950/1/1476 2948/1/1476 2951/1/1476
f 2950/1/1477 2951/1/1477 2952/1/1477
f 2952/1/1478 2951/1/1478 2953/1/1478
f 2952/1/1479 2953/1/1479 2954/1/1479
f 2954/1/1480 2953/1/1480 2955/1/1480
f 2954/1/1481 2955/1/1481 2956/1/1481
f 2956/1/1482 2955/1/1482 2957/1/1482
f 2956/1/1392 2957/1/1392 2958/1/1392
f 2958/1/1393 2957/1/1393 2959/1/1393
f 2959/1/1483 2957/1/1483 2960/1/1483
f 2959/1/1484 2960/1/1484 2961/1/1484
f 2961/1/1485 2960/1/1485 2962/1/1485
f 2961/1/1486 2962/1/1486 2963/1/1486
f 2963/1/1487 2962/1/1487 2964/1/1487
f 2963/1/1488 2964/1/1488 2965/1/1488
f 2965/1/1489 2964/1/1489 2966/1/1489
f 2965/1/1490 2966/1/1490 2967/1/1490
f 2967/1/1262 2966/1/1262 2968/1/1262
f 2967/1/1263 2968/1/1263 2969/1/1263
f 2969/1/1264 2968/1/1264 2970/1/1264
f 2969/1/1491 2970/1/1491 2971/1/1491
f 2971/1/1266 2970/1/1266 2972/1/1266
f 2971/1/1267 2972/1/1267 2973/1/1267
f 2973/1/1268 2972/1/1268 2974/1/1268
f 2973/1/1492 2974/1/1492 2975/1/1492
f 2975/1/1270 2974/1/1270 2976/1/1270
f 2975/1/1271 2976/1/1271 2977/1/1271
f 2977/1/1272 2976/1/1272 2978/1/1272
f 2977/1/1273 2978/1/1273 2979/1/1273
f 2979/1/1274 2978/1/1274 2980/1/1274
f 2979/1/1275 2980/1/1275 2981/1/1275
f 2981/1/1276 2980/1/1276 2982/1/1276
f 2981/1/1277 2982/1/1277 2983/1/1277
f 2983/1/1278 2982/1/1278 2984/1/1278
f 2983/1/1279 2984/1/1279 2985/1/1279
f 2985/1/1280 2984/1/1280 2986/1/1280
f 2985/1/1281 2986/1/1281 2987/1/1281
f 2987/1/1493 2986/1/1493 2988/1/1493
f 2987/1/1283 2988/1/1283 2989/1/1283
f 2989/1/1284 2988/1/1284 2990/1/1284
f 2989/1/1285 2990/1/1285 2991/1/1285
f 2991/1/1286 2990/1/1286 2992/1/1286
f 2991/1/1287 2992/1/1287 2993/1/1287
f 2993/1/1288 2992/1/1288 2994/1/1288
f 2993/1/1289 2994/1/1289 2995/1/1289
f 2995/1/1290 2994/1/1290 2996/1/1290
f 2995/1/1291 2996/1/1291 2997/1/1291
f 2997/1/1494 2996/1/1494 2998/1/1494
f 2997/1/1293 2998/1/1293 2999/1/1293
f 2999/1/1294 2998/1/1294 3000/1/1294
f 2999/1/1295 3000/1/1295 3001/1/1295
f 3001/1/1296 3000/1/1296 3002/1/1296
f 3001/1/1297 3002/1/1297 3003/1/1297
f 3003/1/1298 3002/1/1298 3004/1/1298
f 3003/1/1299 3004/1/1299 3005/1/1299
f 3005/1/1300 3004/1/1300 3006/1/1300
f 3005/1/1301 3006/1/1301 3007/1/1301
f 3007/1/1302 3006/1/1302 3008/1/1302
f 3007/1/1303 3008/1/1303 3009/1/1303
f 3009/1/1304 3008/1/1304 3010/1/1304
f 3009/1/1495 3010/1/1495 3011/1/1495
f 3011/1/1306 3010/1/1306 3012/1/1306
f 3011/1/1307 3012/1/1307 3013/1/1307
f 3013/1/1308 3012/1/1308 3014/1/1308
f 3013/1/1496 3014/1/1496 3015/1/1496
f 3015/1/1310 3014/1/1310 3016/1/1310
f 3015/1/1311 3016/1/1311 3017/1/1311
f 3017/1/1312 3016/1/1312 3018/1/1312
f 3017/1/1313 3018/1/1313 3019/1/1313
f 3019/1/1497 3018/1/1497 3020/1/1497
f 3020/1/1498 3018/1/1498 3021/1/1498
f 3020/1/1499 3021/1/1499 3022/1/1499
f 3022/1/1500 3021/1/1500 3023/1/1500
f 3022/1/1501 3023/1/1501 3024/1/1501
f 3024/1/1502 3023/1/1502 3025/1/1502
f 3024/1/1503 3025/1/1503 2889/1/1503
f 2889/1/1504 3025/1/1504 2887/1/1504
f 3026/1/1505 2965/1/1505 2967/1/1505
f 2949/1/15 2896/1/15 2947/1/15
f 2947/1/15 2896/1/15 2897/1/15
f 2947/1/15 2897/1/15 2945/1/15
f 2945/1/15 2897/1/15 2899/1/15
f 2945/1/15 2899/1/15 2943/1/15
f 2943/1/15 2899/1/15 2901/1/15
f 2943/1/15 2901/1/15 2941/1/15
f 2941/1/15 2901/1/15 2903/1/15
f 2941/1/15 2903/1/15 2939/1/15
f 2939/1/15 2903/1/15 2905/1/15
f 2939/1/15 2905/1/15 2937/1/15
f 2937/1/15 2905/1/15 2907/1/15
f 2937/1/15 2907/1/15 2935/1/15
f 2935/1/15 2907/1/15 2909/1/15
f 2935/1/15 2909/1/15 2933/1/15
f 2933/1/15 2909/1/15 2911/1/15
f 2933/1/15 2911/1/15 2931/1/15
f 2931/1/15 2911/1/15 2913/1/15
f 2931/1/15 2913/1/15 2929/1/15
f 2929/1/15 2913/1/15 2915/1/15
f 2929/1/15 2915/1/15 2927/1/15
f 2927/1/15 2915/1/15 2917/1/15
f 2927/1/15 2917/1/15 2925/1/15
f 2925/1/15 2917/1/15 2919/1/15
f 2925/1/15 2919/1/15 2923/1/15
f 2923/1/15 2919/1/15 2921/1/15
f 2885/1/13 2887/1/13 2491/1/13
f 2491/1/13 2887/1/13 3025/1/13
f 2491/1/13 3025/1/13 2492/1/13
f 2492/1/13 3025/1/13 3023/1/13
f 2492/1/13 3023/1/13 2493/1/13
f 2493/1/13 3023/1/13 3021/1/13
f 2493/1/13 3021/1/13 2494/1/13
f 2494/1/13 3021/1/13 3018/1/13
f 2494/1/13 3018/1/13 2495/1/13
f 2495/1/13 3018/1/13 3016/1/13
f 2495/1/13 3016/1/13 2496/1/13
f 2496/1/13 3016/1/13 3014/1/13
f 2496/1/13 3014/1/13 2498/1/13
f 2498/1/13 3014/1/13 3012/1/13
f 2498/1/13 3012/1/13 2500/1/13
f 2500/1/13 3012/1/13 3010/1/13
f 2500/1/13 3010/1/13 3008/1/13
f 2500/1/13 3008/1/13 2502/1/13
f 2502/1/13 3008/1/13 3006/1/13
f 2502/1/13 3006/1/13 2504/1/13
f 2504/1/13 3006/1/13 3004/1/13
f 2504/1/13 3004/1/13 2506/1/13
f 2506/1/13 3004/1/13 3002/1/13
f 2506/1/13 3002/1/13 2508/1/13
f 2508/1/13 3002/1/13 3000/1/13
f 2508/1/13 3000/1/13 2510/1/13
f 2510/1/13 3000/1/13 2998/1/13
f 2510/1/13 2998/1/13 2512/1/13
f 2512/1/13 2998/1/13 2996/1/13
f 2512/1/13 2996/1/13 2994/1/13
f 2512/1/13 2994/1/13 2514/1/13
f 2514/1/13 2994/1/13 2992/1/13
f 2514/1/13 2992/1/13 2516/1/13
f 2516/1/13 2992/1/13 2990/1/13
f 2516/1/13 2990/1/13 2518/1/13
f 2518/1/13 2990/1/13 2988/1/13
f 2518/1/13 2988/1/13 2520/1/13
f 2520/1/13 2988/1/13 2986/1/13
f 2520/1/13 2986/1/13 2522/1/13
f 2522/1/13 2986/1/13 2984/1/13
f 2522/1/13 2984/1/13 2524/1/13
f 2524/1/13 2984/1/13 2982/1/13
f 2524/1/13 2982/1/13 2526/1/13
f 2526/1/13 2982/1/13 2980/1/13
f 2526/1/13 2980/1/13 2978/1/13
f 2526/1/13 2978/1/13 2528/1/13
f 2528/1/13 2978/1/13 2976/1/13
f 2528/1/13 2976/1/13 2530/1/13
f 2530/1/13 2976/1/13 2974/1/13
f 2530/1/13 2974/1/13 2532/1/13
f 2532/1/13 2974/1/13 2972/1/13
f 2532/1/13 2972/1/13 2534/1/13
f 2534/1/13 2972/1/13 2970/1/13
f 2534/1/13 2970/1/13 2536/1/13
f 2536/1/13 2970/1/13 2968/1/13
f 2536/1/13 2968/1/13 2538/1/13
f 2538/1/13 2968/1/13 2966/1/13
f 2538/1/13 2966/1/13 2964/1/13
f 2538/1/13 2964/1/13 2636/1/13
f 2636/1/13 2964/1/13 2962/1/13
f 2636/1/13 2962/1/13 2635/1/13
f 2635/1/13 2962/1/13 2960/1/13
f 2635/1/13 2960/1/13 2634/1/13
f 2634/1/13 2960/1/13 2957/1/13
f 2634/1/13 2957/1/13 2633/1/13
f 2633/1/13 2957/1/13 2955/1/13
f 2633/1/13 2955/1/13 2632/1/13
f 2632/1/13 2955/1/13 2953/1/13
f 2632/1/13 2953/1/13 2631/1/13
f 2631/1/13 2953/1/13 2951/1/13
f 2631/1/13 2951/1/13 2630/1/13
f 2630/1/13 2951/1/13 2948/1/13
f 2630/1/13 2948/1/13 2946/1/13
f 2630/1/13 2946/1/13 2628/1/13
f 2628/1/13 2946/1/13 2944/1/13
f 2628/1/13 2944/1/13 2629/1/13
f 2629/1/13 2944/1/13 2942/1/13
f 2629/1/13 2942/1/13 2637/1/13
f 2637/1/13 2942/1/13 2940/1/13
f 2637/1/13 2940/1/13 2638/1/13
f 2638/1/13 2940/1/13 2938/1/13
f 2638/1/13 2938/1/13 2639/1/13
f 2639/1/13 2938/1/13 2936/1/13
f 2639/1/13 2936/1/13 2640/1/13
f 2640/1/13 2936/1/13 2934/1/13
f 2640/1/13 2934/1/13 2932/1/13
f 2640/1/13 2932/1/13 2641/1/13
f 2641/1/13 2932/1/13 2930/1/13
f 2641/1/13 2930/1/13 2642/1/13
f 2642/1/13 2930/1/13 2928/1/13
f 2642/1/13 2928/1/13 2643/1/13
f 2643/1/13 2928/1/13 2926/1/13
f 2643/1/13 2926/1/13 2644/1/13
f 2644/1/13 2926/1/13 2924/1/13
f 2644/1/13 2924/1/13 2645/1/13
f 2645/1/13 2924/1/13 2922/1/13
f 2645/1/13 2922/1/13 2646/1/13
f 2646/1/13 2922/1/13 2920/1/13
f 2646/1/13 2920/1/13 2647/1/13
f 2647/1/13 2920/1/13 2918/1/13
f 2647/1/13 2918/1/13 2916/1/13
f 2647/1/13 2916/1/13 2648/1/13
f 2648/1/13 2916/1/13 2914/1/13
f 2648/1/13 2914/1/13 2649/1/13
f 2649/1/13 2914/1/13 2912/1/13
f 2649/1/13 2912/1/13 2650/1/13
f 2650/1/13 2912/1/13 2910/1/13
f 2650/1/13 2910/1/13 2651/1/13
f 2651/1/13 2910/1/13 2908/1/13
f 2651/1/13 2908/1/13 2652/1/13
f 2652/1/13 2908/1/13 2906/1/13
f 2652/1/13 2906/1/13 2653/1/13
f 2653/1/13 2906/1/13 2904/1/13
f 2653/1/13 2904/1/13 2902/1/13
f 2653/1/13 2902/1/13 2654/1/13
f 2654/1/13 2902/1/13 2900/1/13
f 2654/1/13 2900/1/13 2540/1/13
f 2540/1/13 2900/1/13 2898/1/13
f 2540/1/13 2898/1/13 2539/1/13
f 2539/1/13 2898/1/13 2895/1/13
f 2539/1/13 2895/1/13 2488/1/13
f 2488/1/13 2895/1/13 2893/1/13
f 2488/1/13 2893/1/13 2489/1/13
f 2489/1/13 2893/1/13 2891/1/13
f 2489/1/13 2891/1/13 2490/1/13
f 2490/1/13 2891/1/13 2885/1/13
f 2490/1/13 2885/1/13 2491/1/13
f 3019/1/15 3026/1/15 3017/1/15
f 3017/1/15 3026/1/15 2967/1/15
f 3017/1/15 2967/1/15 3015/1/15
f 3015/1/15 2967/1/15 2969/1/15
f 3015/1/15 2969/1/15 3013/1/15
f 3013/1/15 2969/1/15 2971/1/15
f 3013/1/15 2971/1/15 3011/1/15
f 3011/1/15 2971/1/15 2973/1/15
f 3011/1/15 2973/1/15 3009/1/15
f 3009/1/15 2973/1/15 2975/1/15
f 3009/1/15 2975/1/15 3007/1/15
f 3007/1/15 2975/1/15 2977/1/15
f 3007/1/15 2977/1/15 3005/1/15
f 3005/1/15 2977/1/15 2979/1/15
f 3005/1/15 2979/1/15 3003/1/15
f 3003/1/15 2979/1/15 2981/1/15
f 3003/1/15 2981/1/15 3001/1/15
f 3001/1/15 2981/1/15 2983/1/15
f 3001/1/15 2983/1/15 2999/1/15
f 2999/1/15 2983/1/15 2985/1/15
f 2999/1/15 2985/1/15 2997/1/15
f 2997/1/15 2985/1/15 2987/1/15
f 2997/1/15 2987/1/15 2995/1/15
f 2995/1/15 2987/1/15 2989/1/15
f 2995/1/15 2989/1/15 2993/1/15
f 2993/1/15 2989/1/15 2991/1/15
f 2965/1/909 3026/1/909 3027/1/909
f 3027/1/909 3026/1/909 3028/1/909
f 3028/1/909 3026/1/909 3019/1/909
f 3028/1/909 3019/1/909 3029/1/909
f 3029/1/909 3019/1/909 3030/1/909
f 3029/1/909 3030/1/909 3031/1/909
f 3020/1/909 3032/1/909 3019/1/909
f 3019/1/909 3032/1/909 3033/1/909
f 3019/1/909 3033/1/909 3034/1/909
f 3034/1/909 3035/1/909 3019/1/909
f 3019/1/909 3035/1/909 3036/1/909
f 3019/1/909 3036/1/909 3037/1/909
f 3037/1/909 3038/1/909 3019/1/909
f 3019/1/909 3038/1/909 3039/1/909
f 3019/1/909 3039/1/909 2296/1/909
f 2296/1/909 3039/1/909 3040/1/909
f 2296/1/909 3040/1/909 3041/1/909
f 3041/1/909 3042/1/909 2296/1/909
f 2296/1/909 3042/1/909 3043/1/909
f 2296/1/909 3043/1/909 3044/1/909
f 3044/1/909 3045/1/909 2296/1/909
f 2296/1/909 3045/1/909 2295/1/909
f 2323/1/909 3046/1/909 2296/1/909
f 2296/1/909 3046/1/909 3047/1/909
f 2296/1/909 3047/1/909 3048/1/909
f 3048/1/909 3047/1/909 3049/1/909
f 3049/1/909 3047/1/909 3050/1/909
f 3050/1/909 3047/1/909 3051/1/909
f 3051/1/909 3047/1/909 3052/1/909
f 3052/1/909 3047/1/909 3053/1/909
f 3053/1/909 3047/1/909 3054/1/909
f 3054/1/909 3047/1/909 3055/1/909
f 3055/1/909 3047/1/909 3056/1/909
f 3056/1/909 3047/1/909 3057/1/909
f 2324/1/909 3058/1/909 2323/1/909
f 2323/1/909 3058/1/909 3046/1/909
f 3048/1/909 3059/1/909 2296/1/909
f 2296/1/909 3059/1/909 3060/1/909
f 2296/1/909 3060/1/909 3061/1/909
f 3061/1/909 3062/1/909 2296/1/909
f 2296/1/909 3062/1/909 3063/1/909
f 2296/1/909 3063/1/909 3064/1/909
f 2296/1/909 3064/1/909 3019/1/909
f 3019/1/909 3064/1/909 3065/1/909
f 3019/1/909 3065/1/909 3066/1/909
f 3066/1/909 3067/1/909 3019/1/909
f 3019/1/909 3067/1/909 3068/1/909
f 3019/1/909 3068/1/909 3069/1/909
f 3069/1/909 3030/1/909 3019/1/909
f 3031/1/909 3070/1/909 3029/1/909
f 3029/1/909 3070/1/909 3071/1/909
f 3029/1/909 3071/1/909 3072/1/909
f 3072/1/909 3073/1/909 3029/1/909
f 3029/1/909 3073/1/909 3074/1/909
f 3029/1/909 3074/1/909 3075/1/909
f 3075/1/909 3076/1/909 3029/1/909
f 3029/1/909 3076/1/909 3077/1/909
f 1710/1/1506 3040/1/1506 1708/1/1506
f 1708/1/1507 3040/1/1507 3039/1/1507
f 1708/1/1508 3039/1/1508 1707/1/1508
f 1707/1/1509 3039/1/1509 3038/1/1509
f 1707/1/1509 3038/1/1509 1705/1/1509
f 1705/1/1510 3038/1/1510 1703/1/1510
f 1703/1/1511 3038/1/1511 3037/1/1511
f 1703/1/1512 3037/1/1512 3078/1/1512
f 3078/1/1513 3037/1/1513 3079/1/1513
f 3079/1/1513 3037/1/1513 3036/1/1513
f 3079/1/1514 3036/1/1514 3080/1/1514
f 3080/1/1514 3036/1/1514 3035/1/1514
f 3080/1/1515 3035/1/1515 3081/1/1515
f 3081/1/1515 3035/1/1515 3034/1/1515
f 3081/1/1516 3034/1/1516 3082/1/1516
f 3082/1/1516 3034/1/1516 3033/1/1516
f 3082/1/1517 3033/1/1517 3083/1/1517
f 3083/1/1517 3033/1/1517 3032/1/1517
f 3083/1/1518 3032/1/1518 2888/1/1518
f 2888/1/1519 3032/1/1519 2889/1/1519
f 2889/1/1520 3032/1/1520 3024/1/1520
f 3024/1/1521 3032/1/1521 3022/1/1521
f 3022/1/1522 3032/1/1522 3020/1/1522
f 1713/1/1523 3084/1/1523 1710/1/1523
f 1710/1/1524 3084/1/1524 3085/1/1524
f 1710/1/1506 3085/1/1506 3040/1/1506
f 3040/1/1525 3085/1/1525 3041/1/1525
f 3041/1/1525 3085/1/1525 3086/1/1525
f 3041/1/1526 3086/1/1526 3042/1/1526
f 3042/1/1526 3086/1/1526 3087/1/1526
f 3042/1/1527 3087/1/1527 3043/1/1527
f 3043/1/1527 3087/1/1527 3088/1/1527
f 3043/1/1528 3088/1/1528 3044/1/1528
f 3044/1/1528 3088/1/1528 3089/1/1528
f 3044/1/1529 3089/1/1529 3045/1/1529
f 3045/1/1529 3089/1/1529 3090/1/1529
f 3045/1/1530 3090/1/1530 2364/1/1530
f 2364/1/1531 3090/1/1531 2363/1/1531
f 2363/1/1532 3090/1/1532 2362/1/1532
f 2362/1/1533 3090/1/1533 2361/1/1533
f 2361/1/1534 3090/1/1534 2360/1/1534
f 3084/1/1535 1713/1/1535 3091/1/1535
f 3091/1/1535 1713/1/1535 1714/1/1535
f 3091/1/1536 1714/1/1536 1712/1/1536
f 3091/1/1537 1712/1/1537 3078/1/1537
f 3078/1/1512 1712/1/1512 1703/1/1512
f 2888/1/1538 2886/1/1538 3083/1/1538
f 3083/1/1539 2886/1/1539 2890/1/1539
f 3083/1/1540 2890/1/1540 2892/1/1540
f 2892/1/1541 2894/1/1541 3083/1/1541
f 2364/1/1542 2365/1/1542 3045/1/1542
f 3045/1/1543 2365/1/1543 2366/1/1543
f 3045/1/1544 2366/1/1544 2294/1/1544
f 2294/1/1545 2295/1/1545 3045/1/1545
f 2359/1/15 2367/1/15 2358/1/15
f 2358/1/15 2367/1/15 2333/1/15
f 2358/1/15 2333/1/15 2357/1/15
f 2357/1/15 2333/1/15 2334/1/15
f 2357/1/15 2334/1/15 2356/1/15
f 2356/1/15 2334/1/15 2335/1/15
f 2356/1/15 2335/1/15 2355/1/15
f 2355/1/15 2335/1/15 2336/1/15
f 2355/1/15 2336/1/15 2354/1/15
f 2354/1/15 2336/1/15 2337/1/15
f 2354/1/15 2337/1/15 2353/1/15
f 2353/1/15 2337/1/15 2338/1/15
f 2353/1/15 2338/1/15 2352/1/15
f 2352/1/15 2338/1/15 2339/1/15
f 2352/1/15 2339/1/15 2351/1/15
f 2351/1/15 2339/1/15 2340/1/15
f 2351/1/15 2340/1/15 2350/1/15
f 2350/1/15 2340/1/15 2341/1/15
f 2350/1/15 2341/1/15 2349/1/15
f 2349/1/15 2341/1/15 2342/1/15
f 2349/1/15 2342/1/15 2348/1/15
f 2348/1/15 2342/1/15 2343/1/15
f 2348/1/15 2343/1/15 2347/1/15
f 2347/1/15 2343/1/15 2344/1/15
f 2347/1/15 2344/1/15 2346/1/15
f 2346/1/15 2344/1/15 2345/1/15
f 2323/1/15 2296/1/15 2322/1/15
f 2322/1/15 2296/1/15 2297/1/15
f 2322/1/15 2297/1/15 2321/1/15
f 2321/1/15 2297/1/15 2298/1/15
f 2321/1/15 2298/1/15 2320/1/15
f 2320/1/15 2298/1/15 2299/1/15
f 2320/1/15 2299/1/15 2319/1/15
f 2319/1/15 2299/1/15 2300/1/15
f 2319/1/15 2300/1/15 2318/1/15
f 2318/1/15 2300/1/15 2301/1/15
f 2318/1/15 2301/1/15 2317/1/15
f 2317/1/15 2301/1/15 2302/1/15
f 2317/1/15 2302/1/15 2316/1/15
f 2316/1/15 2302/1/15 2303/1/15
f 2316/1/15 2303/1/15 2315/1/15
f 2315/1/15 2303/1/15 2304/1/15
f 2315/1/15 2304/1/15 2314/1/15
f 2314/1/15 2304/1/15 2305/1/15
f 2314/1/15 2305/1/15 2313/1/15
f 2313/1/15 2305/1/15 2306/1/15
f 2313/1/15 2306/1/15 2312/1/15
f 2312/1/15 2306/1/15 2307/1/15
f 2312/1/15 2307/1/15 2311/1/15
f 2311/1/15 2307/1/15 2308/1/15
f 2311/1/15 2308/1/15 2310/1/15
f 2310/1/15 2308/1/15 2309/1/15
f 2324/1/1546 2325/1/1546 3058/1/1546
f 3058/1/1547 2325/1/1547 2326/1/1547
f 3058/1/1548 2326/1/1548 2327/1/1548
f 2327/1/1549 2328/1/1549 3058/1/1549
f 3058/1/1550 2328/1/1550 3092/1/1550
f 3058/1/1551 3092/1/1551 3046/1/1551
f 3046/1/1551 3092/1/1551 3093/1/1551
f 3046/1/1552 3093/1/1552 3047/1/1552
f 3047/1/1552 3093/1/1552 3094/1/1552
f 2328/1/1553 2329/1/1553 3092/1/1553
f 3092/1/1554 2329/1/1554 2330/1/1554
f 3092/1/1555 2330/1/1555 2331/1/1555
f 2331/1/1556 2332/1/1556 3092/1/1556
f 3095/1/1557 3096/1/1557 3097/1/1557
f 3097/1/1558 3096/1/1558 3098/1/1558
f 3097/1/1558 3098/1/1558 3057/1/1558
f 3057/1/1559 3098/1/1559 3099/1/1559
f 3057/1/1560 3099/1/1560 3056/1/1560
f 3056/1/1561 3099/1/1561 3100/1/1561
f 3056/1/1562 3100/1/1562 3055/1/1562
f 3055/1/1563 3100/1/1563 3101/1/1563
f 3055/1/1564 3101/1/1564 3054/1/1564
f 3054/1/1565 3101/1/1565 3102/1/1565
f 3054/1/1566 3102/1/1566 3053/1/1566
f 3053/1/1567 3102/1/1567 3103/1/1567
f 3053/1/1568 3103/1/1568 3052/1/1568
f 3052/1/1569 3103/1/1569 3104/1/1569
f 3052/1/1570 3104/1/1570 3051/1/1570
f 3051/1/1571 3104/1/1571 3105/1/1571
f 3051/1/1572 3105/1/1572 3050/1/1572
f 3050/1/1573 3105/1/1573 3106/1/1573
f 3050/1/1574 3106/1/1574 3049/1/1574
f 3049/1/1575 3106/1/1575 3107/1/1575
f 3049/1/1576 3107/1/1576 3048/1/1576
f 3048/1/1577 3107/1/1577 3108/1/1577
f 3048/1/1578 3108/1/1578 3059/1/1578
f 3059/1/1579 3108/1/1579 3109/1/1579
f 3059/1/1580 3109/1/1580 3060/1/1580
f 3060/1/1581 3109/1/1581 3110/1/1581
f 3060/1/1582 3110/1/1582 3061/1/1582
f 3061/1/1583 3110/1/1583 3111/1/1583
f 3061/1/1584 3111/1/1584 3062/1/1584
f 3062/1/1585 3111/1/1585 3112/1/1585
f 3062/1/1586 3112/1/1586 3063/1/1586
f 3063/1/1587 3112/1/1587 3113/1/1587
f 3063/1/1588 3113/1/1588 3064/1/1588
f 3064/1/1589 3113/1/1589 3114/1/1589
f 3064/1/1590 3114/1/1590 3065/1/1590
f 3065/1/1591 3114/1/1591 3115/1/1591
f 3065/1/1592 3115/1/1592 3066/1/1592
f 3066/1/1593 3115/1/1593 3116/1/1593
f 3066/1/1594 3116/1/1594 3067/1/1594
f 3067/1/1595 3116/1/1595 3117/1/1595
f 3067/1/1596 3117/1/1596 3068/1/1596
f 3068/1/1597 3117/1/1597 3118/1/1597
f 3068/1/1598 3118/1/1598 3069/1/1598
f 3069/1/1599 3118/1/1599 3119/1/1599
f 3069/1/1600 3119/1/1600 3030/1/1600
f 3030/1/1601 3119/1/1601 3120/1/1601
f 3030/1/1602 3120/1/1602 3031/1/1602
f 3031/1/1603 3120/1/1603 3121/1/1603
f 3031/1/1604 3121/1/1604 3070/1/1604
f 3070/1/1605 3121/1/1605 3122/1/1605
f 3070/1/1606 3122/1/1606 3071/1/1606
f 3071/1/1607 3122/1/1607 3123/1/1607
f 3071/1/1608 3123/1/1608 3072/1/1608
f 3072/1/1609 3123/1/1609 3124/1/1609
f 3072/1/1610 3124/1/1610 3073/1/1610
f 3073/1/1611 3124/1/1611 3125/1/1611
f 3073/1/1612 3125/1/1612 3074/1/1612
f 3074/1/1613 3125/1/1613 3126/1/1613
f 3074/1/1614 3126/1/1614 3075/1/1614
f 3075/1/1615 3126/1/1615 3127/1/1615
f 3075/1/1616 3127/1/1616 3076/1/1616
f 3076/1/1617 3127/1/1617 3128/1/1617
f 3076/1/1618 3128/1/1618 3077/1/1618
f 3077/1/1619 3128/1/1619 3129/1/1619
f 3077/1/1620 3129/1/1620 3130/1/1620
f 3077/1/1620 3130/1/1620 3131/1/1620
f 3131/1/1621 3130/1/1621 3132/1/1621
f 3131/1/1622 3132/1/1622 3133/1/1622
f 3133/1/1623 3132/1/1623 3134/1/1623
f 3133/1/1624 3134/1/1624 3135/1/1624
f 3135/1/1625 3134/1/1625 3136/1/1625
f 3135/1/1626 3136/1/1626 3137/1/1626
f 3137/1/1627 3136/1/1627 3138/1/1627
f 3137/1/1628 3138/1/1628 3139/1/1628
f 3139/1/1629 3138/1/1629 3140/1/1629
f 3139/1/1630 3140/1/1630 3141/1/1630
f 3141/1/1631 3140/1/1631 3142/1/1631
f 3141/1/1632 3142/1/1632 3143/1/1632
f 3143/1/1633 3142/1/1633 3144/1/1633
f 3143/1/1634 3144/1/1634 3145/1/1634
f 3145/1/1635 3144/1/1635 3146/1/1635
f 3145/1/1636 3146/1/1636 3147/1/1636
f 3147/1/1637 3146/1/1637 3148/1/1637
f 3147/1/1638 3148/1/1638 3149/1/1638
f 3149/1/1639 3148/1/1639 3150/1/1639
f 3149/1/1640 3150/1/1640 3151/1/1640
f 3151/1/1641 3150/1/1641 3152/1/1641
f 3151/1/1642 3152/1/1642 3153/1/1642
f 3153/1/1643 3152/1/1643 3154/1/1643
f 3153/1/1644 3154/1/1644 3155/1/1644
f 3155/1/1645 3154/1/1645 3156/1/1645
f 3155/1/1646 3156/1/1646 3157/1/1646
f 3157/1/1647 3156/1/1647 3158/1/1647
f 3157/1/1648 3158/1/1648 3159/1/1648
f 3159/1/1649 3158/1/1649 3160/1/1649
f 3159/1/1650 3160/1/1650 3161/1/1650
f 3161/1/1651 3160/1/1651 3162/1/1651
f 3161/1/1652 3162/1/1652 3163/1/1652
f 3163/1/1653 3162/1/1653 3164/1/1653
f 3163/1/1654 3164/1/1654 3165/1/1654
f 3165/1/1655 3164/1/1655 3166/1/1655
f 3165/1/1656 3166/1/1656 3167/1/1656
f 3167/1/1657 3166/1/1657 3168/1/1657
f 3167/1/1658 3168/1/1658 3169/1/1658
f 3169/1/1659 3168/1/1659 3170/1/1659
f 3169/1/1660 3170/1/1660 3171/1/1660
f 3171/1/1661 3170/1/1661 3172/1/1661
f 3171/1/1662 3172/1/1662 3173/1/1662
f 3173/1/1663 3172/1/1663 3174/1/1663
f 3173/1/1664 3174/1/1664 3175/1/1664
f 3175/1/1665 3174/1/1665 3176/1/1665
f 3175/1/1666 3176/1/1666 3177/1/1666
f 3177/1/1667 3176/1/1667 3178/1/1667
f 3177/1/1668 3178/1/1668 3179/1/1668
f 3179/1/1669 3178/1/1669 3180/1/1669
f 3179/1/1670 3180/1/1670 3181/1/1670
f 3181/1/1671 3180/1/1671 3182/1/1671
f 3181/1/1672 3182/1/1672 3183/1/1672
f 3183/1/1673 3182/1/1673 3184/1/1673
f 3183/1/1674 3184/1/1674 3185/1/1674
f 3185/1/1675 3184/1/1675 3186/1/1675
f 3185/1/1676 3186/1/1676 3187/1/1676
f 3187/1/1677 3186/1/1677 3188/1/1677
f 3187/1/1678 3188/1/1678 3189/1/1678
f 3189/1/1679 3188/1/1679 3095/1/1679
f 3189/1/1680 3095/1/1680 3097/1/1680
f 3190/1/910 3191/1/910 3130/1/910
f 3130/1/910 3191/1/910 3192/1/910
f 3130/1/910 3192/1/910 3193/1/910
f 3193/1/910 3194/1/910 3130/1/910
f 3130/1/910 3194/1/910 3195/1/910
f 3130/1/910 3195/1/910 3132/1/910
f 3132/1/910 3195/1/910 3196/1/910
f 3132/1/910 3196/1/910 3197/1/910
f 3132/1/910 3197/1/910 3134/1/910
f 3134/1/910 3197/1/910 3198/1/910
f 3134/1/910 3198/1/910 3136/1/910
f 3136/1/910 3198/1/910 3199/1/910
f 3136/1/910 3199/1/910 3138/1/910
f 3138/1/910 3199/1/910 3200/1/910
f 3138/1/910 3200/1/910 3140/1/910
f 3140/1/910 3200/1/910 3201/1/910
f 3140/1/910 3201/1/910 3142/1/910
f 3142/1/910 3201/1/910 3202/1/910
f 3142/1/910 3202/1/910 3144/1/910
f 3144/1/910 3202/1/910 3203/1/910
f 3144/1/910 3203/1/910 3146/1/910
f 3146/1/910 3203/1/910 3204/1/910
f 3146/1/910 3204/1/910 3148/1/910
f 3148/1/910 3204/1/910 3205/1/910
f 3148/1/910 3205/1/910 3150/1/910
f 3150/1/910 3205/1/910 3152/1/910
f 3152/1/910 3205/1/910 3206/1/910
f 3152/1/910 3206/1/910 3154/1/910
f 3154/1/910 3206/1/910 3156/1/910
f 3156/1/910 3206/1/910 3158/1/910
f 3158/1/910 3206/1/910 3160/1/910
f 3160/1/910 3206/1/910 3207/1/910
f 3160/1/910 3207/1/910 3162/1/910
f 3162/1/910 3207/1/910 3164/1/910
f 3164/1/910 3207/1/910 3166/1/910
f 3166/1/910 3207/1/910 3168/1/910
f 3168/1/910 3207/1/910 3170/1/910
f 3170/1/910 3207/1/910 3208/1/910
f 3170/1/910 3208/1/910 3172/1/910
f 3172/1/910 3208/1/910 3174/1/910
f 3174/1/910 3208/1/910 3209/1/910
f 3174/1/910 3209/1/910 3176/1/910
f 3176/1/910 3209/1/910 3210/1/910
f 3176/1/910 3210/1/910 3178/1/910
f 3178/1/910 3210/1/910 3211/1/910
f 3178/1/910 3211/1/910 3180/1/910
f 3180/1/910 3211/1/910 3212/1/910
f 3180/1/910 3212/1/910 3182/1/910
f 3182/1/910 3212/1/910 3213/1/910
f 3182/1/910 3213/1/910 3184/1/910
f 3184/1/910 3213/1/910 3214/1/910
f 3184/1/910 3214/1/910 3186/1/910
f 3186/1/910 3214/1/910 3215/1/910
f 3186/1/910 3215/1/910 3188/1/910
f 3188/1/910 3215/1/910 3216/1/910
f 3188/1/910 3216/1/910 3095/1/910
f 3095/1/910 3216/1/910 3217/1/910
f 3095/1/910 3217/1/910 3218/1/910
f 3095/1/910 3218/1/910 3096/1/910
f 3096/1/910 3218/1/910 3219/1/910
f 3096/1/910 3219/1/910 3220/1/910
f 3220/1/910 3221/1/910 3096/1/910
f 3096/1/910 3221/1/910 3222/1/910
f 3096/1/910 3222/1/910 3223/1/910
f 3224/1/1681 3098/1/1681 3223/1/1681
f 3223/1/1681 3098/1/1681 3096/1/1681
f 3129/1/1682 3225/1/1682 3130/1/1682
f 3130/1/1682 3225/1/1682 3190/1/1682
f 3224/1/909 3257/1/909 3098/1/909
f 3098/1/909 3257/1/909 3256/1/909
f 3098/1/909 3256/1/909 3255/1/909
f 3255/1/909 3254/1/909 3098/1/909
f 3098/1/909 3254/1/909 3253/1/909
f 3098/1/909 3253/1/909 3099/1/909
f 3099/1/909 3253/1/909 3252/1/909
f 3099/1/909 3252/1/909 3251/1/909
f 3099/1/909 3251/1/909 3100/1/909
f 3100/1/909 3251/1/909 3250/1/909
f 3100/1/909 3250/1/909 3101/1/909
f 3101/1/909 3250/1/909 3249/1/909
f 3101/1/909 3249/1/909 3102/1/909
f 3102/1/909 3249/1/909 3248/1/909
f 3102/1/909 3248/1/909 3103/1/909
f 3103/1/909 3248/1/909 3247/1/909
f 3103/1/909 3247/1/909 3104/1/909
f 3104/1/909 3247/1/909 3246/1/909
f 3104/1/909 3246/1/909 3105/1/909
f 3105/1/909 3246/1/909 3245/1/909
f 3105/1/909 3245/1/909 3106/1/909
f 3106/1/909 3245/1/909 3244/1/909
f 3106/1/909 3244/1/909 3107/1/909
f 3107/1/909 3244/1/909 3243/1/909
f 3107/1/909 3243/1/909 3108/1/909
f 3108/1/909 3243/1/909 3109/1/909
f 3109/1/909 3243/1/909 3242/1/909
f 3109/1/909 3242/1/909 3110/1/909
f 3110/1/909 3242/1/909 3111/1/909
f 3111/1/909 3242/1/909 3112/1/909
f 3112/1/909 3242/1/909 3113/1/909
f 3113/1/909 3242/1/909 3241/1/909
f 3113/1/909 3241/1/909 3114/1/909
f 3114/1/909 3241/1/909 3115/1/909
f 3115/1/909 3241/1/909 3116/1/909
f 3116/1/909 3241/1/909 3117/1/909
f 3117/1/909 3241/1/909 3118/1/909
f 3118/1/909 3241/1/909 3240/1/909
f 3118/1/909 3240/1/909 3119/1/909
f 3119/1/909 3240/1/909 3120/1/909
f 3120/1/909 3240/1/909 3239/1/909
f 3120/1/909 3239/1/909 3121/1/909
f 3121/1/909 3239/1/909 3238/1/909
f 3121/1/909 3238/1/909 3122/1/909
f 3122/1/909 3238/1/909 3237/1/909
f 3122/1/909 3237/1/909 3123/1/909
f 3123/1/909 3237/1/909 3236/1/909
f 3123/1/909 3236/1/909 3124/1/909
f 3124/1/909 3236/1/909 3235/1/909
f 3124/1/909 3235/1/909 3125/1/909
f 3125/1/909 3235/1/909 3234/1/909
f 3125/1/909 3234/1/909 3126/1/909
f 3126/1/909 3234/1/909 3233/1/909
f 3126/1/909 3233/1/909 3127/1/909
f 3127/1/909 3233/1/909 3232/1/909
f 3127/1/909 3232/1/909 3128/1/909
f 3128/1/909 3232/1/909 3231/1/909
f 3128/1/909 3231/1/909 3230/1/909
f 3128/1/909 3230/1/909 3129/1/909
f 3129/1/909 3230/1/909 3229/1/909
f 3129/1/909 3229/1/909 3228/1/909
f 3228/1/909 3227/1/909 3129/1/909
f 3129/1/909 3227/1/909 3226/1/909
f 3129/1/909 3226/1/909 3225/1/909
f 2950/1/910 3258/1/910 2949/1/910
f 2949/1/910 3258/1/910 3259/1/910
f 2949/1/910 3259/1/910 2896/1/910
f 2896/1/910 3259/1/910 3260/1/910
f 2896/1/910 3260/1/910 3149/1/910
f 3149/1/910 3260/1/910 3147/1/910
f 3147/1/910 3260/1/910 3145/1/910
f 3145/1/910 3260/1/910 3143/1/910
f 3143/1/910 3260/1/910 3141/1/910
f 3141/1/910 3260/1/910 3139/1/910
f 3139/1/910 3260/1/910 3137/1/910
f 3137/1/910 3260/1/910 3135/1/910
f 3135/1/910 3260/1/910 3133/1/910
f 3133/1/910 3260/1/910 3131/1/910
f 3149/1/910 3151/1/910 2896/1/910
f 2896/1/910 3151/1/910 3153/1/910
f 2896/1/910 3153/1/910 3155/1/910
f 3155/1/910 3157/1/910 2896/1/910
f 2896/1/910 3157/1/910 3159/1/910
f 2896/1/910 3159/1/910 3161/1/910
f 2896/1/910 3161/1/910 2359/1/910
f 2359/1/910 3161/1/910 3163/1/910
f 2359/1/910 3163/1/910 3165/1/910
f 3165/1/910 3167/1/910 2359/1/910
f 2359/1/910 3167/1/910 3169/1/910
f 2359/1/910 3169/1/910 3171/1/910
f 3171/1/910 3173/1/910 2359/1/910
f 2359/1/910 3173/1/910 3094/1/910
f 2359/1/910 3094/1/910 3093/1/910
f 3173/1/910 3175/1/910 3094/1/910
f 3094/1/910 3175/1/910 3177/1/910
f 3094/1/910 3177/1/910 3179/1/910
f 3179/1/910 3181/1/910 3094/1/910
f 3094/1/910 3181/1/910 3183/1/910
f 3094/1/910 3183/1/910 3185/1/910
f 3185/1/910 3187/1/910 3094/1/910
f 3094/1/910 3187/1/910 3189/1/910
f 3094/1/910 3189/1/910 3097/1/910
f 2359/1/910 3093/1/910 2367/1/910
f 2367/1/910 3093/1/910 3092/1/910
f 2367/1/910 3092/1/910 2332/1/910
f 2360/1/910 3090/1/910 2359/1/910
f 2359/1/910 3090/1/910 3089/1/910
f 2359/1/910 3089/1/910 3088/1/910
f 3088/1/910 3087/1/910 2359/1/910
f 2359/1/910 3087/1/910 3086/1/910
f 2359/1/910 3086/1/910 3085/1/910
f 3085/1/910 3084/1/910 2359/1/910
f 2359/1/910 3084/1/910 3091/1/910
f 2359/1/910 3091/1/910 2896/1/910
f 2896/1/910 3091/1/910 3078/1/910
f 2896/1/910 3078/1/910 3079/1/910
f 3079/1/910 3080/1/910 2896/1/910
f 2896/1/910 3080/1/910 3081/1/910
f 2896/1/910 3081/1/910 3082/1/910
f 3082/1/910 3083/1/910 2896/1/910
f 2896/1/910 3083/1/910 2894/1/910
f 3029/1/1682 3077/1/1682 3260/1/1682
f 3260/1/1682 3077/1/1682 3131/1/1682
f 3057/1/1681 3047/1/1681 3097/1/1681
f 3097/1/1681 3047/1/1681 3094/1/1681
f 2950/1/1715 2952/1/1715 3258/1/1715
f 3258/1/1716 2952/1/1716 2954/1/1716
f 3258/1/1717 2954/1/1717 2956/1/1717
f 2956/1/1718 2958/1/1718 3258/1/1718
f 3258/1/1719 2958/1/1719 3027/1/1719
f 3258/1/1720 3027/1/1720 3259/1/1720
f 3259/1/1720 3027/1/1720 3028/1/1720
f 3259/1/1721 3028/1/1721 3260/1/1721
f 3260/1/1721 3028/1/1721 3029/1/1721
f 2958/1/1722 2959/1/1722 3027/1/1722
f 3027/1/1723 2959/1/1723 2961/1/1723
f 3027/1/1724 2961/1/1724 2963/1/1724
f 2963/1/1725 2965/1/1725 3027/1/1725
f 2416/1/909 2417/1/909 2537/1/909
f 2537/1/909 2417/1/909 3261/1/909
f 1958/1/909 2391/1/909 1800/1/909
f 1800/1/909 2391/1/909 1801/1/909
f 2422/1/13 2593/1/13 2427/1/13
f 2427/1/13 2593/1/13 2595/1/13
f 2427/1/13 2595/1/13 2597/1/13
f 2537/1/13 3261/1/13 2597/1/13
f 2597/1/13 3261/1/13 2427/1/13
f 3261/1/13 3262/1/13 2427/1/13
f 2427/1/13 3262/1/13 2480/1/13
f 2480/1/13 3262/1/13 2583/1/13
f 2480/1/13 2583/1/13 2585/1/13
f 3262/1/13 2581/1/13 2583/1/13
f 2585/1/13 2587/1/13 2480/1/13
f 2480/1/13 2587/1/13 2456/1/13
f 2581/1/910 3262/1/910 2419/1/910
f 2419/1/910 3262/1/910 2418/1/910
f 1795/1/910 1793/1/910 1905/1/910
f 1905/1/910 1793/1/910 2390/1/910
f 1864/1/910 2368/1/910 1922/1/910
f 1922/1/910 2368/1/910 2381/1/910
f 2391/1/14 2390/1/14 1801/1/14
f 1801/1/14 2390/1/14 1793/1/14
f 1940/1/909 2380/1/909 1806/1/909
f 1806/1/909 2380/1/909 2377/1/909
f 3262/1/16 3261/1/16 2418/1/16
f 2418/1/16 3261/1/16 2417/1/16
f 3263/1/15 3264/1/15 2656/1/15
f 2656/1/15 3264/1/15 3265/1/15
f 2656/1/15 3265/1/15 2658/1/15
f 2658/1/15 3265/1/15 3266/1/15
f 2658/1/15 3266/1/15 2660/1/15
f 2660/1/15 3266/1/15 3267/1/15
f 2660/1/15 3267/1/15 2662/1/15
f 2662/1/15 3267/1/15 3268/1/15
f 2662/1/15 3268/1/15 2664/1/15
f 2664/1/15 3268/1/15 3269/1/15
f 2664/1/15 3269/1/15 2666/1/15
f 2666/1/15 3269/1/15 3270/1/15
f 2666/1/15 3270/1/15 2668/1/15
f 2668/1/15 3270/1/15 3271/1/15
f 2668/1/15 3271/1/15 2670/1/15
f 2670/1/15 3271/1/15 3272/1/15
f 2670/1/15 3272/1/15 3273/1/15
f 2670/1/15 3273/1/15 2672/1/15
f 2672/1/15 3273/1/15 3274/1/15
f 2672/1/15 3274/1/15 2674/1/15
f 2674/1/15 3274/1/15 3275/1/15
f 2674/1/15 3275/1/15 2676/1/15
f 2676/1/15 3275/1/15 3276/1/15
f 2676/1/15 3276/1/15 2678/1/15
f 2678/1/15 3276/1/15 3277/1/15
f 2678/1/15 3277/1/15 2680/1/15
f 2680/1/15 3277/1/15 3278/1/15
f 2680/1/15 3278/1/15 2682/1/15
f 2682/1/15 3278/1/15 3279/1/15
f 2682/1/15 3279/1/15 3280/1/15
f 2682/1/15 3280/1/15 2684/1/15
f 2684/1/15 3280/1/15 3281/1/15
f 2684/1/15 3281/1/15 2686/1/15
f 2686/1/15 3281/1/15 3282/1/15
f 2686/1/15 3282/1/15 2688/1/15
f 2688/1/15 3282/1/15 3283/1/15
f 2688/1/15 3283/1/15 2690/1/15
f 2690/1/15 3283/1/15 3284/1/15
f 2690/1/15 3284/1/15 2692/1/15
f 2692/1/15 3284/1/15 3285/1/15
f 2692/1/15 3285/1/15 2694/1/15
f 2694/1/15 3285/1/15 3286/1/15
f 2694/1/15 3286/1/15 2696/1/15
f 2696/1/15 3286/1/15 3287/1/15
f 2696/1/15 3287/1/15 3288/1/15
f 2696/1/15 3288/1/15 2698/1/15
f 2698/1/15 3288/1/15 3289/1/15
f 2698/1/15 3289/1/15 2700/1/15
f 2700/1/15 3289/1/15 3290/1/15
f 2700/1/15 3290/1/15 2702/1/15
f 2702/1/15 3290/1/15 3291/1/15
f 2702/1/15 3291/1/15 2704/1/15
f 2704/1/15 3291/1/15 3292/1/15
f 2704/1/15 3292/1/15 2706/1/15
f 2706/1/15 3292/1/15 3293/1/15
f 2706/1/15 3293/1/15 2708/1/15
f 2708/1/15 3293/1/15 3294/1/15
f 2708/1/15 3294/1/15 3295/1/15
f 2708/1/15 3295/1/15 2710/1/15
f 2710/1/15 3295/1/15 3296/1/15
f 2710/1/15 3296/1/15 2712/1/15
f 2712/1/15 3296/1/15 3297/1/15
f 2712/1/15 3297/1/15 2714/1/15
f 2714/1/15 3297/1/15 3298/1/15
f 2714/1/15 3298/1/15 2716/1/15
f 2716/1/15 3298/1/15 3299/1/15
f 2716/1/15 3299/1/15 2718/1/15
f 2718/1/15 3299/1/15 3300/1/15
f 2718/1/15 3300/1/15 2720/1/15
f 2720/1/15 3300/1/15 3301/1/15
f 2720/1/15 3301/1/15 2722/1/15
f 2722/1/15 3301/1/15 3302/1/15
f 2722/1/15 3302/1/15 3303/1/15
f 2722/1/15 3303/1/15 2724/1/15
f 2724/1/15 3303/1/15 3304/1/15
f 2724/1/15 3304/1/15 2726/1/15
f 2726/1/15 3304/1/15 3305/1/15
f 2726/1/15 3305/1/15 2728/1/15
f 2728/1/15 3305/1/15 3306/1/15
f 2728/1/15 3306/1/15 2730/1/15
f 2730/1/15 3306/1/15 3307/1/15
f 2730/1/15 3307/1/15 2732/1/15
f 2732/1/15 3307/1/15 3308/1/15
f 2732/1/15 3308/1/15 2734/1/15
f 2734/1/15 3308/1/15 3309/1/15
f 2734/1/15 3309/1/15 3310/1/15
f 2734/1/15 3310/1/15 2736/1/15
f 2736/1/15 3310/1/15 3311/1/15
f 2736/1/15 3311/1/15 2738/1/15
f 2738/1/15 3311/1/15 3312/1/15
f 2738/1/15 3312/1/15 2740/1/15
f 2740/1/15 3312/1/15 3313/1/15
f 2740/1/15 3313/1/15 2742/1/15
f 2742/1/15 3313/1/15 3314/1/15
f 2742/1/15 3314/1/15 2744/1/15
f 2744/1/15 3314/1/15 3315/1/15
f 2744/1/15 3315/1/15 2746/1/15
f 2746/1/15 3315/1/15 3316/1/15
f 2746/1/15 3316/1/15 2748/1/15
f 2748/1/15 3316/1/15 3317/1/15
f 2748/1/15 3317/1/15 3318/1/15
f 2748/1/15 3318/1/15 2750/1/15
f 2750/1/15 3318/1/15 3319/1/15
f 2750/1/15 3319/1/15 2752/1/15
f 2752/1/15 3319/1/15 3320/1/15
f 2752/1/15 3320/1/15 2754/1/15
f 2754/1/15 3320/1/15 3321/1/15
f 2754/1/15 3321/1/15 2756/1/15
f 2756/1/15 3321/1/15 3322/1/15
f 2756/1/15 3322/1/15 2758/1/15
f 2758/1/15 3322/1/15 3323/1/15
f 2758/1/15 3323/1/15 2760/1/15
f 2760/1/15 3323/1/15 3324/1/15
f 2760/1/15 3324/1/15 3325/1/15
f 2760/1/15 3325/1/15 2762/1/15
f 2762/1/15 3325/1/15 3326/1/15
f 2762/1/15 3326/1/15 2764/1/15
f 2764/1/15 3326/1/15 3327/1/15
f 2764/1/15 3327/1/15 2766/1/15
f 2766/1/15 3327/1/15 3328/1/15
f 2766/1/15 3328/1/15 2768/1/15
f 2768/1/15 3328/1/15 3329/1/15
f 2768/1/15 3329/1/15 2770/1/15
f 2770/1/15 3329/1/15 3330/1/15
f 2770/1/15 3330/1/15 2655/1/15
f 2655/1/15 3330/1/15 3263/1/15
f 2655/1/15 3263/1/15 2656/1/15
f 3263/1/1726 3331/1/1726 3264/1/1726
f 3264/1/1726 3331/1/1726 3332/1/1726
f 3264/1/1727 3332/1/1727 3265/1/1727
f 3265/1/1727 3332/1/1727 3333/1/1727
f 3265/1/1728 3333/1/1728 3266/1/1728
f 3266/1/1728 3333/1/1728 3334/1/1728
f 3266/1/1729 3334/1/1729 3267/1/1729
f 3267/1/1729 3334/1/1729 3335/1/1729
f 3267/1/1730 3335/1/1730 3268/1/1730
f 3268/1/1730 3335/1/1730 3336/1/1730
f 3268/1/1731 3336/1/1731 3269/1/1731
f 3269/1/1731 3336/1/1731 3337/1/1731
f 3269/1/1732 3337/1/1732 3270/1/1732
f 3270/1/1732 3337/1/1732 3338/1/1732
f 3270/1/1733 3338/1/1733 3271/1/1733
f 3271/1/1733 3338/1/1733 3339/1/1733
f 3271/1/1734 3339/1/1734 3272/1/1734
f 3272/1/1734 3339/1/1734 3340/1/1734
f 3272/1/1735 3340/1/1735 3273/1/1735
f 3273/1/1735 3340/1/1735 3341/1/1735
f 3273/1/1736 3341/1/1736 3274/1/1736
f 3274/1/1736 3341/1/1736 3342/1/1736
f 3274/1/1737 3342/1/1737 3275/1/1737
f 3275/1/1737 3342/1/1737 3343/1/1737
f 3275/1/1738 3343/1/1738 3276/1/1738
f 3276/1/1738 3343/1/1738 3344/1/1738
f 3276/1/1739 3344/1/1739 3277/1/1739
f 3277/1/1739 3344/1/1739 3345/1/1739
f 3277/1/1740 3345/1/1740 3278/1/1740
f 3278/1/1740 3345/1/1740 3346/1/1740
f 3278/1/1741 3346/1/1741 3279/1/1741
f 3279/1/1741 3346/1/1741 3347/1/1741
f 3279/1/1742 3347/1/1742 3280/1/1742
f 3280/1/1742 3347/1/1742 3348/1/1742
f 3280/1/1743 3348/1/1743 3281/1/1743
f 3281/1/1743 3348/1/1743 3349/1/1743
f 3281/1/1744 3349/1/1744 3282/1/1744
f 3282/1/1744 3349/1/1744 3350/1/1744
f 3282/1/1745 3350/1/1745 3283/1/1745
f 3283/1/1745 3350/1/1745 3351/1/1745
f 3283/1/1746 3351/1/1746 3284/1/1746
f 3284/1/1746 3351/1/1746 3352/1/1746
f 3284/1/1747 3352/1/1747 3285/1/1747
f 3285/1/1747 3352/1/1747 3353/1/1747
f 3285/1/1748 3353/1/1748 3286/1/1748
f 3286/1/1748 3353/1/1748 3354/1/1748
f 3286/1/1749 3354/1/1749 3287/1/1749
f 3287/1/1749 3354/1/1749 3355/1/1749
f 3287/1/1750 3355/1/1750 3288/1/1750
f 3288/1/1750 3355/1/1750 3356/1/1750
f 3288/1/1751 3356/1/1751 3289/1/1751
f 3289/1/1751 3356/1/1751 3357/1/1751
f 3289/1/1752 3357/1/1752 3290/1/1752
f 3290/1/1752 3357/1/1752 3358/1/1752
f 3290/1/1753 3358/1/1753 3291/1/1753
f 3291/1/1753 3358/1/1753 3359/1/1753
f 3291/1/1754 3359/1/1754 3292/1/1754
f 3292/1/1754 3359/1/1754 3360/1/1754
f 3292/1/1755 3360/1/1755 3293/1/1755
f 3293/1/1755 3360/1/1755 3361/1/1755
f 3293/1/1756 3361/1/1756 3294/1/1756
f 3294/1/1756 3361/1/1756 3362/1/1756
f 3294/1/1757 3362/1/1757 3295/1/1757
f 3295/1/1757 3362/1/1757 3363/1/1757
f 3295/1/1758 3363/1/1758 3296/1/1758
f 3296/1/1758 3363/1/1758 3364/1/1758
f 3296/1/1759 3364/1/1759 3297/1/1759
f 3297/1/1759 3364/1/1759 3365/1/1759
f 3297/1/1760 3365/1/1760 3298/1/1760
f 3298/1/1760 3365/1/1760 3366/1/1760
f 3298/1/1761 3366/1/1761 3299/1/1761
f 3299/1/1761 3366/1/1761 3367/1/1761
f 3299/1/1762 3367/1/1762 3300/1/1762
f 3300/1/1762 3367/1/1762 3368/1/1762
f 3300/1/1763 3368/1/1763 3301/1/1763
f 3301/1/1763 3368/1/1763 3369/1/1763
f 3301/1/1764 3369/1/1764 3302/1/1764
f 3302/1/1764 3369/1/1764 3370/1/1764
f 3302/1/1765 3370/1/1765 3303/1/1765
f 3303/1/1765 3370/1/1765 3371/1/1765
f 3303/1/1766 3371/1/1766 3304/1/1766
f 3304/1/1766 3371/1/1766 3372/1/1766
f 3304/1/1767 3372/1/1767 3305/1/1767
f 3305/1/1767 3372/1/1767 3373/1/1767
f 3305/1/1768 3373/1/1768 3306/1/1768
f 3306/1/1768 3373/1/1768 3374/1/1768
f 3306/1/1769 3374/1/1769 3307/1/1769
f 3307/1/1769 3374/1/1769 3375/1/1769
f 3307/1/1770 3375/1/1770 3308/1/1770
f 3308/1/1770 3375/1/1770 3376/1/1770
f 3308/1/1771 3376/1/1771 3309/1/1771
f 3309/1/1771 3376/1/1771 3377/1/1771
f 3309/1/1772 3377/1/1772 3310/1/1772
f 3310/1/1772 3377/1/1772 3378/1/1772
f 3310/1/1773 3378/1/1773 3311/1/1773
f 3311/1/1773 3378/1/1773 3379/1/1773
f 3311/1/1774 3379/1/1774 3312/1/1774
f 3312/1/1774 3379/1/1774 3380/1/1774
f 3312/1/1775 3380/1/1775 3313/1/1775
f 3313/1/1775 3380/1/1775 3381/1/1775
f 3313/1/1776 3381/1/1776 3314/1/1776
f 3314/1/1776 3381/1/1776 3382/1/1776
f 3314/1/1777 3382/1/1777 3315/1/1777
f 3315/1/1777 3382/1/1777 3383/1/1777
f 3315/1/1778 3383/1/1778 3316/1/1778
f 3316/1/1778 3383/1/1778 3384/1/1778
f 3316/1/1779 3384/1/1779 3317/1/1779
f 3317/1/1779 3384/1/1779 3385/1/1779
f 3317/1/1780 3385/1/1780 3318/1/1780
f 3318/1/1780 3385/1/1780 3386/1/1780
f 3318/1/1781 3386/1/1781 3319/1/1781
f 3319/1/1781 3386/1/1781 3387/1/1781
f 3319/1/1782 3387/1/1782 3320/1/1782
f 3320/1/1782 3387/1/1782 3388/1/1782
f 3320/1/1783 3388/1/1783 3321/1/1783
f 3321/1/1783 3388/1/1783 3389/1/1783
f 3321/1/1784 3389/1/1784 3322/1/1784
f 3322/1/1784 3389/1/1784 3390/1/1784
f 3322/1/1785 3390/1/1785 3323/1/1785
f 3323/1/1785 3390/1/1785 3391/1/1785
f 3323/1/1786 3391/1/1786 3324/1/1786
f 3324/1/1786 3391/1/1786 3392/1/1786
f 3324/1/1787 3392/1/1787 3325/1/1787
f 3325/1/1787 3392/1/1787 3393/1/1787
f 3325/1/1788 3393/1/1788 3326/1/1788
f 3326/1/1788 3393/1/1788 3394/1/1788
f 3326/1/1789 3394/1/1789 3327/1/1789
f 3327/1/1789 3394/1/1789 3395/1/1789
f 3327/1/1790 3395/1/1790 3328/1/1790
f 3328/1/1790 3395/1/1790 3396/1/1790
f 3328/1/1791 3396/1/1791 3329/1/1791
f 3329/1/1791 3396/1/1791 3397/1/1791
f 3329/1/1792 3397/1/1792 3330/1/1792
f 3330/1/1792 3397/1/1792 3398/1/1792
f 3330/1/1793 3398/1/1793 3263/1/1793
f 3263/1/1793 3398/1/1793 3331/1/1793
f 3331/1/13 3367/1/13 3332/1/13
f 3332/1/13 3367/1/13 3366/1/13
f 3332/1/13 3366/1/13 3333/1/13
f 3333/1/13 3366/1/13 3365/1/13
f 3333/1/13 3365/1/13 3334/1/13
f 3334/1/13 3365/1/13 3364/1/13
f 3334/1/13 3364/1/13 3335/1/13
f 3335/1/13 3364/1/13 3363/1/13
f 3335/1/13 3363/1/13 3336/1/13
f 3336/1/13 3363/1/13 3362/1/13
f 3336/1/13 3362/1/13 3337/1/13
f 3337/1/13 3362/1/13 3361/1/13
f 3337/1/13 3361/1/13 3338/1/13
f 3338/1/13 3361/1/13 3360/1/13
f 3338/1/13 3360/1/13 3339/1/13
f 3339/1/13 3360/1/13 3359/1/13
f 3339/1/13 3359/1/13 3340/1/13
f 3340/1/13 3359/1/13 3358/1/13
f 3340/1/13 3358/1/13 3341/1/13
f 3341/1/13 3358/1/13 3357/1/13
f 3341/1/13 3357/1/13 3342/1/13
f 3342/1/13 3357/1/13 3356/1/13
f 3342/1/13 3356/1/13 3343/1/13
f 3343/1/13 3356/1/13 3355/1/13
f 3343/1/13 3355/1/13 3344/1/13
f 3344/1/13 3355/1/13 3354/1/13
f 3344/1/13 3354/1/13 3345/1/13
f 3345/1/13 3354/1/13 3353/1/13
f 3345/1/13 3353/1/13 3346/1/13
f 3346/1/13 3353/1/13 3352/1/13
f 3346/1/13 3352/1/13 3347/1/13
f 3347/1/13 3352/1/13 3351/1/13
f 3347/1/13 3351/1/13 3348/1/13
f 3348/1/13 3351/1/13 3350/1/13
f 3348/1/13 3350/1/13 3349/1/13
f 3367/1/13 3331/1/13 3368/1/13
f 3368/1/13 3331/1/13 3398/1/13
f 3368/1/13 3398/1/13 3369/1/13
f 3369/1/13 3398/1/13 3397/1/13
f 3369/1/13 3397/1/13 3370/1/13
f 3370/1/13 3397/1/13 3396/1/13
f 3370/1/13 3396/1/13 3371/1/13
f 3371/1/13 3396/1/13 3395/1/13
f 3371/1/13 3395/1/13 3372/1/13
f 3372/1/13 3395/1/13 3394/1/13
f 3372/1/13 3394/1/13 3373/1/13
f 3373/1/13 3394/1/13 3393/1/13
f 3373/1/13 3393/1/13 3374/1/13
f 3374/1/13 3393/1/13 3392/1/13
f 3374/1/13 3392/1/13 3375/1/13
f 3375/1/13 3392/1/13 3391/1/13
f 3375/1/13 3391/1/13 3376/1/13
f 3376/1/13 3391/1/13 3390/1/13
f 3376/1/13 3390/1/13 3377/1/13
f 3377/1/13 3390/1/13 3389/1/13
f 3377/1/13 3389/1/13 3378/1/13
f 3378/1/13 3389/1/13 3388/1/13
f 3378/1/13 3388/1/13 3379/1/13
f 3379/1/13 3388/1/13 3387/1/13
f 3379/1/13 3387/1/13 3380/1/13
f 3380/1/13 3387/1/13 3386/1/13
f 3380/1/13 3386/1/13 3381/1/13
f 3381/1/13 3386/1/13 3385/1/13
f 3381/1/13 3385/1/13 3382/1/13
f 3382/1/13 3385/1/13 3384/1/13
f 3382/1/13 3384/1/13 3383/1/13
f 3399/1/15 3400/1/15 1979/1/15
f 1979/1/15 3400/1/15 3401/1/15
f 1979/1/15 3401/1/15 1981/1/15
f 1981/1/15 3401/1/15 3402/1/15
f 1981/1/15 3402/1/15 1983/1/15
f 1983/1/15 3402/1/15 3403/1/15
f 1983/1/15 3403/1/15 1985/1/15
f 1985/1/15 3403/1/15 3404/1/15
f 1985/1/15 3404/1/15 1987/1/15
f 1987/1/15 3404/1/15 3405/1/15
f 1987/1/15 3405/1/15 1989/1/15
f 1989/1/15 3405/1/15 3406/1/15
f 1989/1/15 3406/1/15 1991/1/15
f 1991/1/15 3406/1/15 3407/1/15
f 1991/1/15 3407/1/15 1993/1/15
f 1993/1/15 3407/1/15 3408/1/15
f 1993/1/15 3408/1/15 3409/1/15
f 1993/1/15 3409/1/15 1995/1/15
f 1995/1/15 3409/1/15 3410/1/15
f 1995/1/15 3410/1/15 1997/1/15
f 1997/1/15 3410/1/15 3411/1/15
f 1997/1/15 3411/1/15 1999/1/15
f 1999/1/15 3411/1/15 3412/1/15
f 1999/1/15 3412/1/15 2001/1/15
f 2001/1/15 3412/1/15 3413/1/15
f 2001/1/15 3413/1/15 2003/1/15
f 2003/1/15 3413/1/15 3414/1/15
f 2003/1/15 3414/1/15 2005/1/15
f 2005/1/15 3414/1/15 3415/1/15
f 2005/1/15 3415/1/15 3416/1/15
f 2005/1/15 3416/1/15 2007/1/15
f 2007/1/15 3416/1/15 3417/1/15
f 2007/1/15 3417/1/15 2009/1/15
f 2009/1/15 3417/1/15 3418/1/15
f 2009/1/15 3418/1/15 2011/1/15
f 2011/1/15 3418/1/15 3419/1/15
f 2011/1/15 3419/1/15 2013/1/15
f 2013/1/15 3419/1/15 3420/1/15
f 2013/1/15 3420/1/15 2015/1/15
f 2015/1/15 3420/1/15 3421/1/15
f 2015/1/15 3421/1/15 2017/1/15
f 2017/1/15 3421/1/15 3422/1/15
f 2017/1/15 3422/1/15 2019/1/15
f 2019/1/15 3422/1/15 3423/1/15
f 2019/1/15 3423/1/15 3424/1/15
f 2019/1/15 3424/1/15 2021/1/15
f 2021/1/15 3424/1/15 3425/1/15
f 2021/1/15 3425/1/15 2023/1/15
f 2023/1/15 3425/1/15 3426/1/15
f 2023/1/15 3426/1/15 2025/1/15
f 2025/1/15 3426/1/15 3427/1/15
f 2025/1/15 3427/1/15 2027/1/15
f 2027/1/15 3427/1/15 3428/1/15
f 2027/1/15 3428/1/15 2029/1/15
f 2029/1/15 3428/1/15 3429/1/15
f 2029/1/15 3429/1/15 2031/1/15
f 2031/1/15 3429/1/15 3430/1/15
f 2031/1/15 3430/1/15 3431/1/15
f 2031/1/15 3431/1/15 2033/1/15
f 2033/1/15 3431/1/15 3432/1/15
f 2033/1/15 3432/1/15 2035/1/15
f 2035/1/15 3432/1/15 3433/1/15
f 2035/1/15 3433/1/15 2037/1/15
f 2037/1/15 3433/1/15 3434/1/15
f 2037/1/15 3434/1/15 2039/1/15
f 2039/1/15 3434/1/15 3435/1/15
f 2039/1/15 3435/1/15 2041/1/15
f 2041/1/15 3435/1/15 3436/1/15
f 2041/1/15 3436/1/15 2043/1/15
f 2043/1/15 3436/1/15 3437/1/15
f 2043/1/15 3437/1/15 2045/1/15
f 2045/1/15 3437/1/15 3438/1/15
f 2045/1/15 3438/1/15 3439/1/15
f 2045/1/15 3439/1/15 2047/1/15
f 2047/1/15 3439/1/15 3440/1/15
f 2047/1/15 3440/1/15 2049/1/15
f 2049/1/15 3440/1/15 3441/1/15
f 2049/1/15 3441/1/15 2051/1/15
f 2051/1/15 3441/1/15 3442/1/15
f 2051/1/15 3442/1/15 2053/1/15
f 2053/1/15 3442/1/15 3443/1/15
f 2053/1/15 3443/1/15 2055/1/15
f 2055/1/15 3443/1/15 3444/1/15
f 2055/1/15 3444/1/15 2057/1/15
f 2057/1/15 3444/1/15 3445/1/15
f 2057/1/15 3445/1/15 3446/1/15
f 2057/1/15 3446/1/15 2059/1/15
f 2059/1/15 3446/1/15 3447/1/15
f 2059/1/15 3447/1/15 2061/1/15
f 2061/1/15 3447/1/15 3448/1/15
f 2061/1/15 3448/1/15 2063/1/15
f 2063/1/15 3448/1/15 3449/1/15
f 2063/1/15 3449/1/15 2065/1/15
f 2065/1/15 3449/1/15 3450/1/15
f 2065/1/15 3450/1/15 2067/1/15
f 2067/1/15 3450/1/15 3451/1/15
f 2067/1/15 3451/1/15 2069/1/15
f 2069/1/15 3451/1/15 3452/1/15
f 2069/1/15 3452/1/15 2071/1/15
f 2071/1/15 3452/1/15 3453/1/15
f 2071/1/15 3453/1/15 3454/1/15
f 2071/1/15 3454/1/15 2073/1/15
f 2073/1/15 3454/1/15 3455/1/15
f 2073/1/15 3455/1/15 2075/1/15
f 2075/1/15 3455/1/15 3456/1/15
f 2075/1/15 3456/1/15 2077/1/15
f 2077/1/15 3456/1/15 3457/1/15
f 2077/1/15 3457/1/15 2079/1/15
f 2079/1/15 3457/1/15 3458/1/15
f 2079/1/15 3458/1/15 2081/1/15
f 2081/1/15 3458/1/15 3459/1/15
f 2081/1/15 3459/1/15 2083/1/15
f 2083/1/15 3459/1/15 3460/1/15
f 2083/1/15 3460/1/15 3461/1/15
f 2083/1/15 3461/1/15 2085/1/15
f 2085/1/15 3461/1/15 3462/1/15
f 2085/1/15 3462/1/15 2087/1/15
f 2087/1/15 3462/1/15 3463/1/15
f 2087/1/15 3463/1/15 2089/1/15
f 2089/1/15 3463/1/15 3464/1/15
f 2089/1/15 3464/1/15 2091/1/15
f 2091/1/15 3464/1/15 3465/1/15
f 2091/1/15 3465/1/15 2093/1/15
f 2093/1/15 3465/1/15 3466/1/15
f 2093/1/15 3466/1/15 1978/1/15
f 1978/1/15 3466/1/15 3399/1/15
f 1978/1/15 3399/1/15 1979/1/15
f 3399/1/1726 3467/1/1726 3400/1/1726
f 3400/1/1726 3467/1/1726 3468/1/1726
f 3400/1/1727 3468/1/1727 3401/1/1727
f 3401/1/1727 3468/1/1727 3469/1/1727
f 3401/1/1728 3469/1/1728 3402/1/1728
f 3402/1/1728 3469/1/1728 3470/1/1728
f 3402/1/1729 3470/1/1729 3403/1/1729
f 3403/1/1729 3470/1/1729 3471/1/1729
f 3403/1/1730 3471/1/1730 3404/1/1730
f 3404/1/1730 3471/1/1730 3472/1/1730
f 3404/1/1731 3472/1/1731 3405/1/1731
f 3405/1/1731 3472/1/1731 3473/1/1731
f 3405/1/1732 3473/1/1732 3406/1/1732
f 3406/1/1732 3473/1/1732 3474/1/1732
f 3406/1/1733 3474/1/1733 3407/1/1733
f 3407/1/1733 3474/1/1733 3475/1/1733
f 3407/1/1794 3475/1/1794 3408/1/1794
f 3408/1/1794 3475/1/1794 3476/1/1794
f 3408/1/1735 3476/1/1735 3409/1/1735
f 3409/1/1735 3476/1/1735 3477/1/1735
f 3409/1/1736 3477/1/1736 3410/1/1736
f 3410/1/1736 3477/1/1736 3478/1/1736
f 3410/1/1737 3478/1/1737 3411/1/1737
f 3411/1/1737 3478/1/1737 3479/1/1737
f 3411/1/1738 3479/1/1738 3412/1/1738
f 3412/1/1738 3479/1/1738 3480/1/1738
f 3412/1/1739 3480/1/1739 3413/1/1739
f 3413/1/1739 3480/1/1739 3481/1/1739
f 3413/1/1740 3481/1/1740 3414/1/1740
f 3414/1/1740 3481/1/1740 3482/1/1740
f 3414/1/1741 3482/1/1741 3415/1/1741
f 3415/1/1795 3482/1/1795 3483/1/1795
f 3415/1/1742 3483/1/1742 3416/1/1742
f 3416/1/1742 3483/1/1742 3484/1/1742
f 3416/1/1743 3484/1/1743 3417/1/1743
f 3417/1/1743 3484/1/1743 3485/1/1743
f 3417/1/1744 3485/1/1744 3418/1/1744
f 3418/1/1744 3485/1/1744 3486/1/1744
f 3418/1/1745 3486/1/1745 3419/1/1745
f 3419/1/1745 3486/1/1745 3487/1/1745
f 3419/1/1796 3487/1/1796 3420/1/1796
f 3420/1/1746 3487/1/1746 3488/1/1746
f 3420/1/1747 3488/1/1747 3421/1/1747
f 3421/1/1747 3488/1/1747 3489/1/1747
f 3421/1/1748 3489/1/1748 3422/1/1748
f 3422/1/1748 3489/1/1748 3490/1/1748
f 3422/1/1749 3490/1/1749 3423/1/1749
f 3423/1/1749 3490/1/1749 3491/1/1749
f 3423/1/1750 3491/1/1750 3424/1/1750
f 3424/1/1750 3491/1/1750 3492/1/1750
f 3424/1/1751 3492/1/1751 3425/1/1751
f 3425/1/1751 3492/1/1751 3493/1/1751
f 3425/1/1752 3493/1/1752 3426/1/1752
f 3426/1/1752 3493/1/1752 3494/1/1752
f 3426/1/1797 3494/1/1797 3427/1/1797
f 3427/1/1797 3494/1/1797 3495/1/1797
f 3427/1/1754 3495/1/1754 3428/1/1754
f 3428/1/1754 3495/1/1754 3496/1/1754
f 3428/1/1755 3496/1/1755 3429/1/1755
f 3429/1/1755 3496/1/1755 3497/1/1755
f 3429/1/1756 3497/1/1756 3430/1/1756
f 3430/1/1756 3497/1/1756 3498/1/1756
f 3430/1/1757 3498/1/1757 3431/1/1757
f 3431/1/1757 3498/1/1757 3499/1/1757
f 3431/1/1758 3499/1/1758 3432/1/1758
f 3432/1/1758 3499/1/1758 3500/1/1758
f 3432/1/1759 3500/1/1759 3433/1/1759
f 3433/1/1759 3500/1/1759 3501/1/1759
f 3433/1/1760 3501/1/1760 3434/1/1760
f 3434/1/1760 3501/1/1760 3502/1/1760
f 3434/1/1761 3502/1/1761 3435/1/1761
f 3435/1/1761 3502/1/1761 3503/1/1761
f 3435/1/1762 3503/1/1762 3436/1/1762
f 3436/1/1762 3503/1/1762 3504/1/1762
f 3436/1/1763 3504/1/1763 3437/1/1763
f 3437/1/1763 3504/1/1763 3505/1/1763
f 3437/1/1764 3505/1/1764 3438/1/1764
f 3438/1/1764 3505/1/1764 3506/1/1764
f 3438/1/1765 3506/1/1765 3439/1/1765
f 3439/1/1765 3506/1/1765 3507/1/1765
f 3439/1/1766 3507/1/1766 3440/1/1766
f 3440/1/1766 3507/1/1766 3508/1/1766
f 3440/1/1767 3508/1/1767 3441/1/1767
f 3441/1/1767 3508/1/1767 3509/1/1767
f 3441/1/1798 3509/1/1798 3442/1/1798
f 3442/1/1798 3509/1/1798 3510/1/1798
f 3442/1/1769 3510/1/1769 3443/1/1769
f 3443/1/1769 3510/1/1769 3511/1/1769
f 3443/1/1770 3511/1/1770 3444/1/1770
f 3444/1/1770 3511/1/1770 3512/1/1770
f 3444/1/1771 3512/1/1771 3445/1/1771
f 3445/1/1771 3512/1/1771 3513/1/1771
f 3445/1/1772 3513/1/1772 3446/1/1772
f 3446/1/1772 3513/1/1772 3514/1/1772
f 3446/1/1773 3514/1/1773 3447/1/1773
f 3447/1/1773 3514/1/1773 3515/1/1773
f 3447/1/1774 3515/1/1774 3448/1/1774
f 3448/1/1774 3515/1/1774 3516/1/1774
f 3448/1/1775 3516/1/1775 3449/1/1775
f 3449/1/1799 3516/1/1799 3517/1/1799
f 3449/1/1776 3517/1/1776 3450/1/1776
f 3450/1/1776 3517/1/1776 3518/1/1776
f 3450/1/1777 3518/1/1777 3451/1/1777
f 3451/1/1777 3518/1/1777 3519/1/1777
f 3451/1/1778 3519/1/1778 3452/1/1778
f 3452/1/1778 3519/1/1778 3520/1/1778
f 3452/1/1779 3520/1/1779 3453/1/1779
f 3453/1/1779 3520/1/1779 3521/1/1779
f 3453/1/1800 3521/1/1800 3454/1/1800
f 3454/1/1780 3521/1/1780 3522/1/1780
f 3454/1/1781 3522/1/1781 3455/1/1781
f 3455/1/1781 3522/1/1781 3523/1/1781
f 3455/1/1782 3523/1/1782 3456/1/1782
f 3456/1/1782 3523/1/1782 3524/1/1782
f 3456/1/1783 3524/1/1783 3457/1/1783
f 3457/1/1783 3524/1/1783 3525/1/1783
f 3457/1/1784 3525/1/1784 3458/1/1784
f 3458/1/1784 3525/1/1784 3526/1/1784
f 3458/1/1785 3526/1/1785 3459/1/1785
f 3459/1/1785 3526/1/1785 3527/1/1785
f 3459/1/1786 3527/1/1786 3460/1/1786
f 3460/1/1786 3527/1/1786 3528/1/1786
f 3460/1/1801 3528/1/1801 3461/1/1801
f 3461/1/1801 3528/1/1801 3529/1/1801
f 3461/1/1788 3529/1/1788 3462/1/1788
f 3462/1/1788 3529/1/1788 3530/1/1788
f 3462/1/1789 3530/1/1789 3463/1/1789
f 3463/1/1789 3530/1/1789 3531/1/1789
f 3463/1/1790 3531/1/1790 3464/1/1790
f 3464/1/1790 3531/1/1790 3532/1/1790
f 3464/1/1791 3532/1/1791 3465/1/1791
f 3465/1/1791 3532/1/1791 3533/1/1791
f 3465/1/1792 3533/1/1792 3466/1/1792
f 3466/1/1792 3533/1/1792 3534/1/1792
f 3466/1/1793 3534/1/1793 3399/1/1793
f 3399/1/1793 3534/1/1793 3467/1/1793
f 3467/1/13 3503/1/13 3468/1/13
f 3468/1/13 3503/1/13 3502/1/13
f 3468/1/13 3502/1/13 3469/1/13
f 3469/1/13 3502/1/13 3501/1/13
f 3469/1/13 3501/1/13 3470/1/13
f 3470/1/13 3501/1/13 3500/1/13
f 3470/1/13 3500/1/13 3471/1/13
f 3471/1/13 3500/1/13 3499/1/13
f 3471/1/13 3499/1/13 3472/1/13
f 3472/1/13 3499/1/13 3498/1/13
f 3472/1/13 3498/1/13 3473/1/13
f 3473/1/13 3498/1/13 3497/1/13
f 3473/1/13 3497/1/13 3474/1/13
f 3474/1/13 3497/1/13 3496/1/13
f 3474/1/13 3496/1/13 3475/1/13
f 3475/1/13 3496/1/13 3495/1/13
f 3475/1/13 3495/1/13 3476/1/13
f 3476/1/13 3495/1/13 3494/1/13
f 3476/1/13 3494/1/13 3477/1/13
f 3477/1/13 3494/1/13 3493/1/13
f 3477/1/13 3493/1/13 3478/1/13
f 3478/1/13 3493/1/13 3492/1/13
f 3478/1/13 3492/1/13 3479/1/13
f 3479/1/13 3492/1/13 3491/1/13
f 3479/1/13 3491/1/13 3480/1/13
f 3480/1/13 3491/1/13 3490/1/13
f 3480/1/13 3490/1/13 3481/1/13
f 3481/1/13 3490/1/13 3489/1/13
f 3481/1/13 3489/1/13 3482/1/13
f 3482/1/13 3489/1/13 3488/1/13
f 3482/1/13 3488/1/13 3483/1/13
f 3483/1/13 3488/1/13 3487/1/13
f 3483/1/13 3487/1/13 3484/1/13
f 3484/1/13 3487/1/13 3486/1/13
f 3484/1/13 3486/1/13 3485/1/13
f 3503/1/13 3467/1/13 3504/1/13
f 3504/1/13 3467/1/13 3534/1/13
f 3504/1/13 3534/1/13 3505/1/13
f 3505/1/13 3534/1/13 3533/1/13
f 3505/1/13 3533/1/13 3506/1/13
f 3506/1/13 3533/1/13 3532/1/13
f 3506/1/13 3532/1/13 3507/1/13
f 3507/1/13 3532/1/13 3531/1/13
f 3507/1/13 3531/1/13 3508/1/13
f 3508/1/13 3531/1/13 3530/1/13
f 3508/1/13 3530/1/13 3509/1/13
f 3509/1/13 3530/1/13 3529/1/13
f 3509/1/13 3529/1/13 3510/1/13
f 3510/1/13 3529/1/13 3528/1/13
f 3510/1/13 3528/1/13 3511/1/13
f 3511/1/13 3528/1/13 3527/1/13
f 3511/1/13 3527/1/13 3512/1/13
f 3512/1/13 3527/1/13 3526/1/13
f 3512/1/13 3526/1/13 3513/1/13
f 3513/1/13 3526/1/13 3525/1/13
f 3513/1/13 3525/1/13 3514/1/13
f 3514/1/13 3525/1/13 3524/1/13
f 3514/1/13 3524/1/13 3515/1/13
f 3515/1/13 3524/1/13 3523/1/13
f 3515/1/13 3523/1/13 3516/1/13
f 3516/1/13 3523/1/13 3522/1/13
f 3516/1/13 3522/1/13 3517/1/13
f 3517/1/13 3522/1/13 3521/1/13
f 3517/1/13 3521/1/13 3518/1/13
f 3518/1/13 3521/1/13 3520/1/13
f 3518/1/13 3520/1/13 3519/1/13
f 3535/1/1 3536/1/1 3537/1/1
f 3537/1/1 3536/1/1 3538/1/1
f 3537/1/2 3538/1/2 3539/1/2
f 3539/1/2 3538/1/2 3540/1/2
f 3539/1/3 3540/1/3 3541/1/3
f 3541/1/3 3540/1/3 3542/1/3
f 3541/1/1802 3542/1/1802 3543/1/1802
f 3543/1/1802 3542/1/1802 3544/1/1802
f 3543/1/5 3544/1/5 3545/1/5
f 3545/1/5 3544/1/5 3546/1/5
f 3545/1/6 3546/1/6 3547/1/6
f 3547/1/6 3546/1/6 3548/1/6
f 3547/1/7 3548/1/7 3549/1/7
f 3549/1/7 3548/1/7 3550/1/7
f 3549/1/8 3550/1/8 3551/1/8
f 3551/1/8 3550/1/8 3552/1/8
f 3551/1/1803 3552/1/1803 3553/1/1803
f 3553/1/1803 3552/1/1803 3554/1/1803
f 3553/1/10 3554/1/10 3555/1/10
f 3555/1/10 3554/1/10 3556/1/10
f 3555/1/11 3556/1/11 3557/1/11
f 3557/1/11 3556/1/11 3558/1/11
f 3557/1/12 3558/1/12 3559/1/12
f 3559/1/12 3558/1/12 3560/1/12
f 3561/1/13 3535/1/13 3562/1/13
f 3562/1/13 3535/1/13 3537/1/13
f 3562/1/13 3537/1/13 3563/1/13
f 3563/1/13 3537/1/13 3539/1/13
f 3563/1/13 3539/1/13 3564/1/13
f 3564/1/13 3539/1/13 3541/1/13
f 3564/1/13 3541/1/13 3565/1/13
f 3565/1/13 3541/1/13 3543/1/13
f 3565/1/13 3543/1/13 3566/1/13
f 3566/1/13 3543/1/13 3545/1/13
f 3566/1/13 3545/1/13 3567/1/13
f 3567/1/13 3545/1/13 3547/1/13
f 3567/1/13 3547/1/13 3568/1/13
f 3568/1/13 3547/1/13 3549/1/13
f 3568/1/13 3549/1/13 3569/1/13
f 3569/1/13 3549/1/13 3551/1/13
f 3569/1/13 3551/1/13 3570/1/13
f 3570/1/13 3551/1/13 3553/1/13
f 3570/1/13 3553/1/13 3571/1/13
f 3571/1/13 3553/1/13 3555/1/13
f 3571/1/13 3555/1/13 3572/1/13
f 3572/1/13 3555/1/13 3557/1/13
f 3572/1/13 3557/1/13 3573/1/13
f 3573/1/13 3557/1/13 3559/1/13
f 3559/1/14 3560/1/14 3573/1/14
f 3573/1/14 3560/1/14 3574/1/14
f 3574/1/15 3560/1/15 3575/1/15
f 3575/1/15 3560/1/15 3558/1/15
f 3575/1/15 3558/1/15 3576/1/15
f 3576/1/15 3558/1/15 3556/1/15
f 3576/1/15 3556/1/15 3577/1/15
f 3577/1/15 3556/1/15 3554/1/15
f 3577/1/15 3554/1/15 3578/1/15
f 3578/1/15 3554/1/15 3552/1/15
f 3578/1/15 3552/1/15 3579/1/15
f 3579/1/15 3552/1/15 3550/1/15
f 3579/1/15 3550/1/15 3580/1/15
f 3580/1/15 3550/1/15 3548/1/15
f 3580/1/15 3548/1/15 3581/1/15
f 3581/1/15 3548/1/15 3546/1/15
f 3581/1/15 3546/1/15 3582/1/15
f 3582/1/15 3546/1/15 3544/1/15
f 3582/1/15 3544/1/15 3583/1/15
f 3583/1/15 3544/1/15 3542/1/15
f 3583/1/15 3542/1/15 3584/1/15
f 3584/1/15 3542/1/15 3540/1/15
f 3584/1/15 3540/1/15 3585/1/15
f 3585/1/15 3540/1/15 3538/1/15
f 3585/1/15 3538/1/15 3586/1/15
f 3586/1/15 3538/1/15 3536/1/15
f 3536/1/16 3535/1/16 3586/1/16
f 3586/1/16 3535/1/16 3561/1/16
f 3587/1/13 3588/1/13 3589/1/13
f 3589/1/13 3588/1/13 3590/1/13
f 3589/1/13 3590/1/13 3591/1/13
f 3591/1/13 3590/1/13 3592/1/13
f 3591/1/13 3592/1/13 3593/1/13
f 3593/1/13 3592/1/13 3587/1/13
f 3587/1/13 3592/1/13 3594/1/13
f 3587/1/13 3594/1/13 3588/1/13
f 3595/1/17 3596/1/17 3587/1/17
f 3587/1/17 3596/1/17 3593/1/17
f 3596/1/18 3597/1/18 3593/1/18
f 3593/1/18 3597/1/18 3591/1/18
f 3597/1/19 3598/1/19 3591/1/19
f 3591/1/19 3598/1/19 3589/1/19
f 3598/1/20 3595/1/20 3589/1/20
f 3589/1/20 3595/1/20 3587/1/20
f 3599/1/13 3600/1/13 3601/1/13
f 3601/1/13 3600/1/13 3602/1/13
f 3601/1/13 3602/1/13 3603/1/13
f 3603/1/13 3604/1/13 3601/1/13
f 3601/1/13 3604/1/13 3605/1/13
f 3601/1/13 3605/1/13 3606/1/13
f 3606/1/13 3607/1/13 3601/1/13
f 3601/1/13 3607/1/13 3608/1/13
f 3601/1/13 3608/1/13 3609/1/13
f 3609/1/13 3610/1/13 3601/1/13
f 3601/1/13 3610/1/13 3611/1/13
f 3601/1/13 3611/1/13 3612/1/13
f 3612/1/13 3613/1/13 3601/1/13
f 3601/1/13 3613/1/13 3614/1/13
f 3601/1/13 3614/1/13 3615/1/13
f 3615/1/13 3616/1/13 3601/1/13
f 3601/1/13 3616/1/13 3617/1/13
f 3601/1/13 3617/1/13 3618/1/13
f 3618/1/13 3619/1/13 3601/1/13
f 3601/1/13 3619/1/13 3620/1/13
f 3601/1/13 3620/1/13 3621/1/13
f 3621/1/13 3622/1/13 3601/1/13
f 3601/1/13 3622/1/13 3623/1/13
f 3601/1/13 3623/1/13 3624/1/13
f 3624/1/13 3625/1/13 3626/1/13
f 3626/1/13 3625/1/13 3627/1/13
f 3626/1/13 3627/1/13 3628/1/13
f 3628/1/13 3629/1/13 3626/1/13
f 3626/1/13 3629/1/13 3630/1/13
f 3626/1/13 3630/1/13 3631/1/13
f 3631/1/13 3632/1/13 3626/1/13
f 3626/1/13 3632/1/13 3633/1/13
f 3626/1/13 3633/1/13 3634/1/13
f 3634/1/13 3635/1/13 3626/1/13
f 3626/1/13 3635/1/13 3636/1/13
f 3626/1/13 3636/1/13 3637/1/13
f 3637/1/13 3638/1/13 3626/1/13
f 3626/1/13 3638/1/13 3639/1/13
f 3626/1/13 3639/1/13 3640/1/13
f 3640/1/13 3641/1/13 3626/1/13
f 3626/1/13 3641/1/13 3642/1/13
f 3626/1/13 3642/1/13 3643/1/13
f 3643/1/13 3644/1/13 3626/1/13
f 3626/1/13 3644/1/13 3645/1/13
f 3626/1/13 3645/1/13 3646/1/13
f 3646/1/13 3647/1/13 3626/1/13
f 3626/1/13 3647/1/13 3648/1/13
f 3626/1/13 3648/1/13 3649/1/13
f 3649/1/13 3650/1/13 3651/1/13
f 3651/1/13 3650/1/13 3652/1/13
f 3651/1/13 3652/1/13 3653/1/13
f 3653/1/13 3654/1/13 3651/1/13
f 3651/1/13 3654/1/13 3655/1/13
f 3651/1/13 3655/1/13 3656/1/13
f 3656/1/13 3657/1/13 3651/1/13
f 3651/1/13 3657/1/13 3658/1/13
f 3651/1/13 3658/1/13 3659/1/13
f 3659/1/13 3660/1/13 3651/1/13
f 3651/1/13 3660/1/13 3661/1/13
f 3651/1/13 3661/1/13 3662/1/13
f 3662/1/13 3663/1/13 3651/1/13
f 3651/1/13 3663/1/13 3664/1/13
f 3651/1/13 3664/1/13 3665/1/13
f 3665/1/13 3666/1/13 3651/1/13
f 3651/1/13 3666/1/13 3667/1/13
f 3651/1/13 3667/1/13 3668/1/13
f 3668/1/13 3669/1/13 3651/1/13
f 3651/1/13 3669/1/13 3670/1/13
f 3651/1/13 3670/1/13 3671/1/13
f 3671/1/13 3672/1/13 3651/1/13
f 3651/1/13 3672/1/13 3673/1/13
f 3651/1/13 3673/1/13 3674/1/13
f 3674/1/13 3675/1/13 3676/1/13
f 3676/1/13 3675/1/13 3677/1/13
f 3676/1/13 3677/1/13 3678/1/13
f 3678/1/13 3679/1/13 3676/1/13
f 3676/1/13 3679/1/13 3680/1/13
f 3676/1/13 3680/1/13 3681/1/13
f 3681/1/13 3682/1/13 3676/1/13
f 3676/1/13 3682/1/13 3683/1/13
f 3676/1/13 3683/1/13 3684/1/13
f 3684/1/13 3685/1/13 3676/1/13
f 3676/1/13 3685/1/13 3686/1/13
f 3676/1/13 3686/1/13 3687/1/13
f 3687/1/13 3688/1/13 3676/1/13
f 3676/1/13 3688/1/13 3689/1/13
f 3676/1/13 3689/1/13 3690/1/13
f 3690/1/13 3691/1/13 3676/1/13
f 3676/1/13 3691/1/13 3692/1/13
f 3676/1/13 3692/1/13 3693/1/13
f 3693/1/13 3694/1/13 3676/1/13
f 3676/1/13 3694/1/13 3695/1/13
f 3676/1/13 3695/1/13 3696/1/13
f 3696/1/13 3697/1/13 3676/1/13
f 3676/1/13 3697/1/13 3698/1/13
f 3676/1/13 3698/1/13 3599/1/13
f 3651/1/17 3594/1/17 3649/1/17
f 3649/1/17 3594/1/17 3592/1/17
f 3649/1/17 3592/1/17 3626/1/17
f 3626/1/18 3592/1/18 3624/1/18
f 3624/1/18 3592/1/18 3590/1/18
f 3624/1/18 3590/1/18 3601/1/18
f 3601/1/19 3590/1/19 3599/1/19
f 3599/1/19 3590/1/19 3588/1/19
f 3599/1/19 3588/1/19 3676/1/19
f 3676/1/20 3588/1/20 3674/1/20
f 3674/1/20 3588/1/20 3594/1/20
f 3674/1/20 3594/1/20 3651/1/20
f 3699/1/21 3700/1/21 3701/1/21
f 3701/1/21 3700/1/21 3702/1/21
f 3701/1/22 3702/1/22 3703/1/22
f 3703/1/22 3702/1/22 3704/1/22
f 3703/1/23 3704/1/23 3705/1/23
f 3705/1/23 3704/1/23 3706/1/23
f 3705/1/24 3706/1/24 3707/1/24
f 3707/1/24 3706/1/24 3708/1/24
f 3707/1/25 3708/1/25 3709/1/25
f 3709/1/25 3708/1/25 3710/1/25
f 3709/1/26 3710/1/26 3711/1/26
f 3711/1/26 3710/1/26 3712/1/26
f 3711/1/27 3712/1/27 3713/1/27
f 3713/1/27 3712/1/27 3714/1/27
f 3713/1/28 3714/1/28 3715/1/28
f 3715/1/28 3714/1/28 3716/1/28
f 3715/1/29 3716/1/29 3717/1/29
f 3717/1/29 3716/1/29 3718/1/29
f 3717/1/30 3718/1/30 3719/1/30
f 3719/1/30 3718/1/30 3720/1/30
f 3719/1/31 3720/1/31 3721/1/31
f 3721/1/31 3720/1/31 3722/1/31
f 3721/1/32 3722/1/32 3723/1/32
f 3723/1/32 3722/1/32 3724/1/32
f 3723/1/1804 3724/1/1804 3725/1/1804
f 3725/1/33 3724/1/33 3726/1/33
f 3725/1/34 3726/1/34 3727/1/34
f 3727/1/34 3726/1/34 3728/1/34
f 3727/1/35 3728/1/35 3729/1/35
f 3729/1/35 3728/1/35 3730/1/35
f 3729/1/37 3730/1/37 3731/1/37
f 3731/1/37 3730/1/37 3732/1/37
f 3731/1/38 3732/1/38 3733/1/38
f 3733/1/38 3732/1/38 3734/1/38
f 3733/1/39 3734/1/39 3735/1/39
f 3735/1/39 3734/1/39 3736/1/39
f 3735/1/40 3736/1/40 3737/1/40
f 3737/1/1805 3736/1/1805 3738/1/1805
f 3737/1/41 3738/1/41 3739/1/41
f 3739/1/41 3738/1/41 3740/1/41
f 3739/1/42 3740/1/42 3741/1/42
f 3741/1/42 3740/1/42 3742/1/42
f 3741/1/43 3742/1/43 3743/1/43
f 3743/1/43 3742/1/43 3744/1/43
f 3743/1/44 3744/1/44 3745/1/44
f 3745/1/44 3744/1/44 3746/1/44
f 3745/1/45 3746/1/45 3747/1/45
f 3747/1/45 3746/1/45 3748/1/45
f 3747/1/46 3748/1/46 3749/1/46
f 3749/1/46 3748/1/46 3750/1/46
f 3749/1/47 3750/1/47 3751/1/47
f 3751/1/47 3750/1/47 3752/1/47
f 3751/1/48 3752/1/48 3753/1/48
f 3753/1/48 3752/1/48 3754/1/48
f 3753/1/49 3754/1/49 3755/1/49
f 3755/1/49 3754/1/49 3756/1/49
f 3755/1/50 3756/1/50 3757/1/50
f 3757/1/50 3756/1/50 3758/1/50
f 3757/1/51 3758/1/51 3759/1/51
f 3759/1/51 3758/1/51 3760/1/51
f 3759/1/52 3760/1/52 3761/1/52
f 3761/1/52 3760/1/52 3762/1/52
f 3761/1/53 3762/1/53 3763/1/53
f 3763/1/53 3762/1/53 3764/1/53
f 3763/1/54 3764/1/54 3765/1/54
f 3765/1/54 3764/1/54 3766/1/54
f 3765/1/55 3766/1/55 3767/1/55
f 3767/1/55 3766/1/55 3768/1/55
f 3767/1/56 3768/1/56 3769/1/56
f 3769/1/56 3768/1/56 3770/1/56
f 3769/1/57 3770/1/57 3771/1/57
f 3771/1/57 3770/1/57 3772/1/57
f 3771/1/59 3772/1/59 3773/1/59
f 3773/1/59 3772/1/59 3774/1/59
f 3773/1/60 3774/1/60 3775/1/60
f 3775/1/60 3774/1/60 3776/1/60
f 3775/1/61 3776/1/61 3777/1/61
f 3777/1/61 3776/1/61 3778/1/61
f 3777/1/62 3778/1/62 3779/1/62
f 3779/1/62 3778/1/62 3780/1/62
f 3779/1/1806 3780/1/1806 3781/1/1806
f 3781/1/63 3780/1/63 3782/1/63
f 3781/1/64 3782/1/64 3783/1/64
f 3783/1/64 3782/1/64 3784/1/64
f 3783/1/65 3784/1/65 3785/1/65
f 3785/1/65 3784/1/65 3786/1/65
f 3785/1/1807 3786/1/1807 3787/1/1807
f 3787/1/66 3786/1/66 3788/1/66
f 3787/1/67 3788/1/67 3789/1/67
f 3789/1/67 3788/1/67 3790/1/67
f 3789/1/68 3790/1/68 3791/1/68
f 3791/1/68 3790/1/68 3792/1/68
f 3791/1/69 3792/1/69 3793/1/69
f 3793/1/69 3792/1/69 3794/1/69
f 3793/1/70 3794/1/70 3795/1/70
f 3795/1/70 3794/1/70 3796/1/70
f 3795/1/71 3796/1/71 3797/1/71
f 3797/1/71 3796/1/71 3798/1/71
f 3797/1/1808 3798/1/1808 3799/1/1808
f 3799/1/1808 3798/1/1808 3800/1/1808
f 3799/1/73 3800/1/73 3801/1/73
f 3801/1/73 3800/1/73 3802/1/73
f 3801/1/74 3802/1/74 3803/1/74
f 3803/1/74 3802/1/74 3804/1/74
f 3803/1/75 3804/1/75 3805/1/75
f 3805/1/75 3804/1/75 3806/1/75
f 3805/1/76 3806/1/76 3807/1/76
f 3807/1/76 3806/1/76 3808/1/76
f 3807/1/77 3808/1/77 3809/1/77
f 3809/1/77 3808/1/77 3810/1/77
f 3809/1/78 3810/1/78 3811/1/78
f 3811/1/78 3810/1/78 3812/1/78
f 3811/1/16 3812/1/16 3813/1/16
f 3813/1/16 3812/1/16 3814/1/16
f 3813/1/79 3814/1/79 3815/1/79
f 3815/1/79 3814/1/79 3816/1/79
f 3815/1/80 3816/1/80 3817/1/80
f 3817/1/80 3816/1/80 3818/1/80
f 3817/1/81 3818/1/81 3819/1/81
f 3819/1/81 3818/1/81 3820/1/81
f 3819/1/82 3820/1/82 3821/1/82
f 3821/1/82 3820/1/82 3822/1/82
f 3821/1/83 3822/1/83 3823/1/83
f 3823/1/83 3822/1/83 3824/1/83
f 3823/1/84 3824/1/84 3825/1/84
f 3825/1/84 3824/1/84 3826/1/84
f 3825/1/1809 3826/1/1809 3827/1/1809
f 3827/1/1809 3826/1/1809 3828/1/1809
f 3827/1/86 3828/1/86 3829/1/86
f 3829/1/86 3828/1/86 3830/1/86
f 3829/1/87 3830/1/87 3831/1/87
f 3831/1/87 3830/1/87 3832/1/87
f 3831/1/88 3832/1/88 3833/1/88
f 3833/1/88 3832/1/88 3834/1/88
f 3833/1/89 3834/1/89 3835/1/89
f 3835/1/89 3834/1/89 3836/1/89
f 3835/1/90 3836/1/90 3837/1/90
f 3837/1/90 3836/1/90 3838/1/90
f 3837/1/91 3838/1/91 3839/1/91
f 3839/1/1810 3838/1/1810 3840/1/1810
f 3839/1/92 3840/1/92 3841/1/92
f 3841/1/92 3840/1/92 3842/1/92
f 3841/1/93 3842/1/93 3843/1/93
f 3843/1/93 3842/1/93 3844/1/93
f 3843/1/94 3844/1/94 3845/1/94
f 3845/1/1811 3844/1/1811 3846/1/1811
f 3845/1/95 3846/1/95 3847/1/95
f 3847/1/95 3846/1/95 3848/1/95
f 3847/1/96 3848/1/96 3849/1/96
f 3849/1/96 3848/1/96 3850/1/96
f 3849/1/97 3850/1/97 3851/1/97
f 3851/1/97 3850/1/97 3852/1/97
f 3851/1/98 3852/1/98 3853/1/98
f 3853/1/98 3852/1/98 3854/1/98
f 3853/1/100 3854/1/100 3855/1/100
f 3855/1/100 3854/1/100 3856/1/100
f 3855/1/101 3856/1/101 3857/1/101
f 3857/1/101 3856/1/101 3858/1/101
f 3857/1/102 3858/1/102 3859/1/102
f 3859/1/102 3858/1/102 3860/1/102
f 3859/1/103 3860/1/103 3861/1/103
f 3861/1/103 3860/1/103 3862/1/103
f 3861/1/104 3862/1/104 3863/1/104
f 3863/1/104 3862/1/104 3864/1/104
f 3863/1/105 3864/1/105 3865/1/105
f 3865/1/105 3864/1/105 3866/1/105
f 3865/1/106 3866/1/106 3867/1/106
f 3867/1/106 3866/1/106 3868/1/106
f 3867/1/107 3868/1/107 3869/1/107
f 3869/1/107 3868/1/107 3870/1/107
f 3869/1/108 3870/1/108 3871/1/108
f 3871/1/108 3870/1/108 3872/1/108
f 3871/1/109 3872/1/109 3873/1/109
f 3873/1/109 3872/1/109 3874/1/109
f 3873/1/110 3874/1/110 3875/1/110
f 3875/1/110 3874/1/110 3876/1/110
f 3875/1/111 3876/1/111 3877/1/111
f 3877/1/111 3876/1/111 3878/1/111
f 3877/1/112 3878/1/112 3879/1/112
f 3879/1/112 3878/1/112 3880/1/112
f 3879/1/113 3880/1/113 3881/1/113
f 3881/1/113 3880/1/113 3882/1/113
f 3881/1/114 3882/1/114 3883/1/114
f 3883/1/114 3882/1/114 3884/1/114
f 3883/1/115 3884/1/115 3885/1/115
f 3885/1/115 3884/1/115 3886/1/115
f 3885/1/116 3886/1/116 3887/1/116
f 3887/1/116 3886/1/116 3888/1/116
f 3887/1/1812 3888/1/1812 3889/1/1812
f 3889/1/117 3888/1/117 3890/1/117
f 3889/1/118 3890/1/118 3891/1/118
f 3891/1/118 3890/1/118 3892/1/118
f 3891/1/119 3892/1/119 3893/1/119
f 3893/1/119 3892/1/119 3894/1/119
f 3893/1/120 3894/1/120 3895/1/120
f 3895/1/120 3894/1/120 3896/1/120
f 3895/1/122 3896/1/122 3897/1/122
f 3897/1/122 3896/1/122 3898/1/122
f 3897/1/123 3898/1/123 3899/1/123
f 3899/1/123 3898/1/123 3900/1/123
f 3899/1/124 3900/1/124 3901/1/124
f 3901/1/1813 3900/1/1813 3902/1/1813
f 3901/1/125 3902/1/125 3903/1/125
f 3903/1/125 3902/1/125 3904/1/125
f 3903/1/126 3904/1/126 3905/1/126
f 3905/1/126 3904/1/126 3906/1/126
f 3905/1/127 3906/1/127 3907/1/127
f 3907/1/127 3906/1/127 3908/1/127
f 3907/1/128 3908/1/128 3909/1/128
f 3909/1/128 3908/1/128 3910/1/128
f 3909/1/129 3910/1/129 3911/1/129
f 3911/1/129 3910/1/129 3912/1/129
f 3911/1/130 3912/1/130 3913/1/130
f 3913/1/130 3912/1/130 3914/1/130
f 3913/1/131 3914/1/131 3915/1/131
f 3915/1/131 3914/1/131 3916/1/131
f 3915/1/132 3916/1/132 3917/1/132
f 3917/1/132 3916/1/132 3918/1/132
f 3917/1/133 3918/1/133 3919/1/133
f 3919/1/133 3918/1/133 3920/1/133
f 3919/1/134 3920/1/134 3699/1/134
f 3699/1/134 3920/1/134 3700/1/134
f 3921/1/15 3699/1/15 3922/1/15
f 3922/1/15 3699/1/15 3701/1/15
f 3922/1/15 3701/1/15 3703/1/15
f 3699/1/15 3921/1/15 3919/1/15
f 3919/1/15 3921/1/15 3923/1/15
f 3919/1/15 3923/1/15 3917/1/15
f 3917/1/15 3923/1/15 3924/1/15
f 3917/1/15 3924/1/15 3915/1/15
f 3915/1/15 3924/1/15 3925/1/15
f 3915/1/15 3925/1/15 3913/1/15
f 3913/1/15 3925/1/15 3926/1/15
f 3913/1/15 3926/1/15 3911/1/15
f 3911/1/15 3926/1/15 3927/1/15
f 3911/1/15 3927/1/15 3909/1/15
f 3909/1/15 3927/1/15 3907/1/15
f 3907/1/15 3927/1/15 3928/1/15
f 3907/1/15 3928/1/15 3905/1/15
f 3905/1/15 3928/1/15 3929/1/15
f 3905/1/15 3929/1/15 3903/1/15
f 3903/1/15 3929/1/15 3930/1/15
f 3903/1/15 3930/1/15 3901/1/15
f 3901/1/15 3930/1/15 3931/1/15
f 3901/1/15 3931/1/15 3899/1/15
f 3899/1/15 3931/1/15 3932/1/15
f 3899/1/15 3932/1/15 3897/1/15
f 3897/1/15 3932/1/15 3933/1/15
f 3897/1/15 3933/1/15 3895/1/15
f 3895/1/15 3933/1/15 3893/1/15
f 3893/1/15 3933/1/15 3934/1/15
f 3893/1/15 3934/1/15 3891/1/15
f 3891/1/15 3934/1/15 3935/1/15
f 3891/1/15 3935/1/15 3889/1/15
f 3889/1/15 3935/1/15 3936/1/15
f 3889/1/15 3936/1/15 3887/1/15
f 3887/1/15 3936/1/15 3937/1/15
f 3887/1/15 3937/1/15 3885/1/15
f 3885/1/15 3937/1/15 3938/1/15
f 3885/1/15 3938/1/15 3883/1/15
f 3883/1/15 3938/1/15 3939/1/15
f 3883/1/15 3939/1/15 3881/1/15
f 3881/1/15 3939/1/15 3879/1/15
f 3879/1/15 3939/1/15 3940/1/15
f 3879/1/15 3940/1/15 3877/1/15
f 3877/1/15 3940/1/15 3941/1/15
f 3877/1/15 3941/1/15 3875/1/15
f 3875/1/15 3941/1/15 3942/1/15
f 3875/1/15 3942/1/15 3873/1/15
f 3873/1/15 3942/1/15 3943/1/15
f 3873/1/15 3943/1/15 3871/1/15
f 3871/1/15 3943/1/15 3944/1/15
f 3871/1/15 3944/1/15 3869/1/15
f 3869/1/15 3944/1/15 3945/1/15
f 3869/1/15 3945/1/15 3867/1/15
f 3867/1/15 3945/1/15 3865/1/15
f 3865/1/15 3945/1/15 3946/1/15
f 3865/1/15 3946/1/15 3863/1/15
f 3863/1/15 3946/1/15 3947/1/15
f 3863/1/15 3947/1/15 3861/1/15
f 3861/1/15 3947/1/15 3948/1/15
f 3861/1/15 3948/1/15 3859/1/15
f 3859/1/15 3948/1/15 3949/1/15
f 3859/1/15 3949/1/15 3857/1/15
f 3857/1/15 3949/1/15 3950/1/15
f 3857/1/15 3950/1/15 3855/1/15
f 3855/1/15 3950/1/15 3951/1/15
f 3855/1/15 3951/1/15 3853/1/15
f 3853/1/15 3951/1/15 3851/1/15
f 3851/1/15 3951/1/15 3952/1/15
f 3851/1/15 3952/1/15 3849/1/15
f 3849/1/15 3952/1/15 3953/1/15
f 3849/1/15 3953/1/15 3847/1/15
f 3847/1/15 3953/1/15 3954/1/15
f 3847/1/15 3954/1/15 3845/1/15
f 3845/1/15 3954/1/15 3955/1/15
f 3845/1/15 3955/1/15 3843/1/15
f 3843/1/15 3955/1/15 3956/1/15
f 3843/1/15 3956/1/15 3841/1/15
f 3841/1/15 3956/1/15 3957/1/15
f 3841/1/15 3957/1/15 3839/1/15
f 3839/1/15 3957/1/15 3837/1/15
f 3837/1/15 3957/1/15 3958/1/15
f 3837/1/15 3958/1/15 3835/1/15
f 3835/1/15 3958/1/15 3959/1/15
f 3835/1/15 3959/1/15 3833/1/15
f 3833/1/15 3959/1/15 3960/1/15
f 3833/1/15 3960/1/15 3831/1/15
f 3831/1/15 3960/1/15 3961/1/15
f 3831/1/15 3961/1/15 3829/1/15
f 3829/1/15 3961/1/15 3962/1/15
f 3829/1/15 3962/1/15 3827/1/15
f 3827/1/15 3962/1/15 3963/1/15
f 3827/1/15 3963/1/15 3825/1/15
f 3825/1/15 3963/1/15 3823/1/15
f 3823/1/15 3963/1/15 3964/1/15
f 3823/1/15 3964/1/15 3821/1/15
f 3821/1/15 3964/1/15 3965/1/15
f 3821/1/15 3965/1/15 3819/1/15
f 3819/1/15 3965/1/15 3966/1/15
f 3819/1/15 3966/1/15 3817/1/15
f 3817/1/15 3966/1/15 3967/1/15
f 3817/1/15 3967/1/15 3815/1/15
f 3815/1/15 3967/1/15 3968/1/15
f 3815/1/15 3968/1/15 3813/1/15
f 3813/1/15 3968/1/15 3811/1/15
f 3811/1/15 3968/1/15 3969/1/15
f 3811/1/15 3969/1/15 3809/1/15
f 3809/1/15 3969/1/15 3970/1/15
f 3809/1/15 3970/1/15 3807/1/15
f 3807/1/15 3970/1/15 3971/1/15
f 3807/1/15 3971/1/15 3805/1/15
f 3805/1/15 3971/1/15 3972/1/15
f 3805/1/15 3972/1/15 3803/1/15
f 3803/1/15 3972/1/15 3973/1/15
f 3803/1/15 3973/1/15 3801/1/15
f 3801/1/15 3973/1/15 3974/1/15
f 3801/1/15 3974/1/15 3799/1/15
f 3799/1/15 3974/1/15 3797/1/15
f 3797/1/15 3974/1/15 3975/1/15
f 3797/1/15 3975/1/15 3795/1/15
f 3795/1/15 3975/1/15 3976/1/15
f 3795/1/15 3976/1/15 3793/1/15
f 3793/1/15 3976/1/15 3977/1/15
f 3793/1/15 3977/1/15 3791/1/15
f 3791/1/15 3977/1/15 3978/1/15
f 3791/1/15 3978/1/15 3789/1/15
f 3789/1/15 3978/1/15 3979/1/15
f 3789/1/15 3979/1/15 3787/1/15
f 3787/1/15 3979/1/15 3980/1/15
f 3787/1/15 3980/1/15 3785/1/15
f 3785/1/15 3980/1/15 3783/1/15
f 3783/1/15 3980/1/15 3981/1/15
f 3783/1/15 3981/1/15 3781/1/15
f 3781/1/15 3981/1/15 3982/1/15
f 3781/1/15 3982/1/15 3779/1/15
f 3779/1/15 3982/1/15 3983/1/15
f 3779/1/15 3983/1/15 3777/1/15
f 3777/1/15 3983/1/15 3984/1/15
f 3777/1/15 3984/1/15 3775/1/15
f 3775/1/15 3984/1/15 3985/1/15
f 3775/1/15 3985/1/15 3773/1/15
f 3773/1/15 3985/1/15 3986/1/15
f 3773/1/15 3986/1/15 3771/1/15
f 3771/1/15 3986/1/15 3769/1/15
f 3769/1/15 3986/1/15 3987/1/15
f 3769/1/15 3987/1/15 3767/1/15
f 3767/1/15 3987/1/15 3988/1/15
f 3767/1/15 3988/1/15 3765/1/15
f 3765/1/15 3988/1/15 3989/1/15
f 3765/1/15 3989/1/15 3763/1/15
f 3763/1/15 3989/1/15 3990/1/15
f 3763/1/15 3990/1/15 3761/1/15
f 3761/1/15 3990/1/15 3991/1/15
f 3761/1/15 3991/1/15 3759/1/15
f 3759/1/15 3991/1/15 3992/1/15
f 3759/1/15 3992/1/15 3757/1/15
f 3757/1/15 3992/1/15 3755/1/15
f 3755/1/15 3992/1/15 3993/1/15
f 3755/1/15 3993/1/15 3753/1/15
f 3753/1/15 3993/1/15 3994/1/15
f 3753/1/15 3994/1/15 3751/1/15
f 3751/1/15 3994/1/15 3995/1/15
f 3751/1/15 3995/1/15 3749/1/15
f 3749/1/15 3995/1/15 3996/1/15
f 3749/1/15 3996/1/15 3747/1/15
f 3747/1/15 3996/1/15 3997/1/15
f 3747/1/15 3997/1/15 3745/1/15
f 3745/1/15 3997/1/15 3998/1/15
f 3745/1/15 3998/1/15 3743/1/15
f 3743/1/15 3998/1/15 3741/1/15
f 3741/1/15 3998/1/15 3999/1/15
f 3741/1/15 3999/1/15 3739/1/15
f 3739/1/15 3999/1/15 4000/1/15
f 3739/1/15 4000/1/15 3737/1/15
f 3737/1/15 4000/1/15 4001/1/15
f 3737/1/15 4001/1/15 3735/1/15
f 3735/1/15 4001/1/15 4002/1/15
f 3735/1/15 4002/1/15 3733/1/15
f 3733/1/15 4002/1/15 4003/1/15
f 3733/1/15 4003/1/15 3731/1/15
f 3731/1/15 4003/1/15 4004/1/15
f 3731/1/15 4004/1/15 3729/1/15
f 3729/1/15 4004/1/15 3727/1/15
f 3727/1/15 4004/1/15 4005/1/15
f 3727/1/15 4005/1/15 3725/1/15
f 3725/1/15 4005/1/15 4006/1/15
f 3725/1/15 4006/1/15 3723/1/15
f 3723/1/15 4006/1/15 4007/1/15
f 3723/1/15 4007/1/15 3721/1/15
f 3721/1/15 4007/1/15 4008/1/15
f 3721/1/15 4008/1/15 3719/1/15
f 3719/1/15 4008/1/15 4009/1/15
f 3719/1/15 4009/1/15 3717/1/15
f 3717/1/15 4009/1/15 4010/1/15
f 3717/1/15 4010/1/15 3715/1/15
f 3715/1/15 4010/1/15 3713/1/15
f 3713/1/15 4010/1/15 4011/1/15
f 3713/1/15 4011/1/15 3711/1/15
f 3711/1/15 4011/1/15 4012/1/15
f 3711/1/15 4012/1/15 3709/1/15
f 3709/1/15 4012/1/15 4013/1/15
f 3709/1/15 4013/1/15 3707/1/15
f 3707/1/15 4013/1/15 4014/1/15
f 3707/1/15 4014/1/15 3705/1/15
f 3705/1/15 4014/1/15 4015/1/15
f 3705/1/15 4015/1/15 3703/1/15
f 3703/1/15 4015/1/15 3922/1/15
f 3574/1/135 4016/1/135 3573/1/135
f 3573/1/136 4016/1/136 4017/1/136
f 3573/1/137 4017/1/137 3572/1/137
f 3572/1/138 4017/1/138 4018/1/138
f 3572/1/2 4018/1/2 3571/1/2
f 3571/1/3 4018/1/3 3570/1/3
f 3570/1/139 4018/1/139 4019/1/139
f 3570/1/140 4019/1/140 3569/1/140
f 3569/1/141 4019/1/141 4020/1/141
f 3569/1/142 4020/1/142 3568/1/142
f 3568/1/143 4020/1/143 4021/1/143
f 3568/1/144 4021/1/144 3567/1/144
f 3567/1/145 4021/1/145 4022/1/145
f 3567/1/146 4022/1/146 3566/1/146
f 3566/1/147 4022/1/147 4023/1/147
f 3566/1/148 4023/1/148 3565/1/148
f 3565/1/149 4023/1/149 4024/1/149
f 3565/1/150 4024/1/150 3564/1/150
f 3564/1/151 4024/1/151 4025/1/151
f 3564/1/152 4025/1/152 3563/1/152
f 3563/1/153 4025/1/153 4026/1/153
f 3563/1/154 4026/1/154 3562/1/154
f 3562/1/155 4026/1/155 4027/1/155
f 3562/1/156 4027/1/156 3561/1/156
f 3561/1/1814 4027/1/1814 4028/1/1814
f 3561/1/158 4028/1/158 4029/1/158
f 4029/1/159 4028/1/159 4030/1/159
f 4029/1/159 4030/1/159 4031/1/159
f 4031/1/160 4030/1/160 4032/1/160
f 4031/1/161 4032/1/161 3633/1/161
f 3633/1/162 4032/1/162 3634/1/162
f 3634/1/163 4032/1/163 4033/1/163
f 3634/1/164 4033/1/164 3635/1/164
f 3635/1/165 4033/1/165 4034/1/165
f 3635/1/166 4034/1/166 3636/1/166
f 3636/1/167 4034/1/167 4035/1/167
f 3636/1/168 4035/1/168 3637/1/168
f 3637/1/169 4035/1/169 4036/1/169
f 3637/1/170 4036/1/170 3638/1/170
f 3638/1/171 4036/1/171 4037/1/171
f 3638/1/172 4037/1/172 3639/1/172
f 3639/1/173 4037/1/173 4038/1/173
f 3639/1/174 4038/1/174 3640/1/174
f 3640/1/175 4038/1/175 4039/1/175
f 3640/1/176 4039/1/176 3641/1/176
f 3641/1/1815 4039/1/1815 4040/1/1815
f 3641/1/178 4040/1/178 3642/1/178
f 3642/1/179 4040/1/179 4041/1/179
f 3642/1/180 4041/1/180 3643/1/180
f 3643/1/181 4041/1/181 4042/1/181
f 3643/1/1816 4042/1/1816 3644/1/1816
f 3644/1/183 4042/1/183 4043/1/183
f 3644/1/184 4043/1/184 3645/1/184
f 3645/1/185 4043/1/185 4044/1/185
f 3645/1/186 4044/1/186 3646/1/186
f 3646/1/187 4044/1/187 4045/1/187
f 3646/1/188 4045/1/188 3647/1/188
f 3647/1/189 4045/1/189 4046/1/189
f 3647/1/190 4046/1/190 3648/1/190
f 3648/1/191 4046/1/191 4047/1/191
f 3648/1/192 4047/1/192 3649/1/192
f 3649/1/193 4047/1/193 4048/1/193
f 3649/1/194 4048/1/194 3650/1/194
f 3650/1/195 4048/1/195 4049/1/195
f 3650/1/196 4049/1/196 3652/1/196
f 3652/1/197 4049/1/197 4050/1/197
f 3652/1/198 4050/1/198 3653/1/198
f 3653/1/199 4050/1/199 4051/1/199
f 3653/1/200 4051/1/200 3654/1/200
f 3654/1/201 4051/1/201 4052/1/201
f 3654/1/202 4052/1/202 3655/1/202
f 3655/1/203 4052/1/203 4053/1/203
f 3655/1/1817 4053/1/1817 3656/1/1817
f 3656/1/205 4053/1/205 4054/1/205
f 3656/1/206 4054/1/206 3657/1/206
f 3657/1/207 4054/1/207 4055/1/207
f 3657/1/208 4055/1/208 3658/1/208
f 3658/1/1818 4055/1/1818 4056/1/1818
f 3658/1/210 4056/1/210 3659/1/210
f 3659/1/211 4056/1/211 4057/1/211
f 3659/1/212 4057/1/212 3660/1/212
f 3660/1/213 4057/1/213 4058/1/213
f 3660/1/214 4058/1/214 3661/1/214
f 3661/1/215 4058/1/215 4059/1/215
f 3661/1/216 4059/1/216 3662/1/216
f 3662/1/217 4059/1/217 4060/1/217
f 3662/1/218 4060/1/218 3663/1/218
f 3663/1/219 4060/1/219 4061/1/219
f 3663/1/220 4061/1/220 3664/1/220
f 3664/1/221 4061/1/221 4062/1/221
f 3664/1/1819 4062/1/1819 3665/1/1819
f 3665/1/223 4062/1/223 4063/1/223
f 3665/1/224 4063/1/224 3666/1/224
f 3666/1/225 4063/1/225 4064/1/225
f 3666/1/226 4064/1/226 3667/1/226
f 3667/1/227 4064/1/227 4065/1/227
f 3667/1/228 4065/1/228 3668/1/228
f 3668/1/229 4065/1/229 4066/1/229
f 3668/1/230 4066/1/230 3669/1/230
f 3669/1/231 4066/1/231 4067/1/231
f 3669/1/232 4067/1/232 3670/1/232
f 3670/1/233 4067/1/233 4068/1/233
f 3670/1/234 4068/1/234 3671/1/234
f 3671/1/235 4068/1/235 4069/1/235
f 3671/1/236 4069/1/236 3672/1/236
f 3672/1/237 4069/1/237 4070/1/237
f 3672/1/238 4070/1/238 3673/1/238
f 3673/1/239 4070/1/239 4071/1/239
f 3673/1/240 4071/1/240 3674/1/240
f 3674/1/241 4071/1/241 4072/1/241
f 3674/1/242 4072/1/242 3675/1/242
f 3675/1/243 4072/1/243 4073/1/243
f 3675/1/244 4073/1/244 3677/1/244
f 3677/1/245 4073/1/245 4074/1/245
f 3677/1/246 4074/1/246 3678/1/246
f 3678/1/247 4074/1/247 4075/1/247
f 3678/1/248 4075/1/248 3679/1/248
f 3679/1/249 4075/1/249 4076/1/249
f 3679/1/250 4076/1/250 3680/1/250
f 3680/1/251 4076/1/251 4077/1/251
f 3680/1/252 4077/1/252 3681/1/252
f 3681/1/253 4077/1/253 4078/1/253
f 3681/1/254 4078/1/254 3682/1/254
f 3682/1/1820 4078/1/1820 4079/1/1820
f 3682/1/256 4079/1/256 3683/1/256
f 3683/1/257 4079/1/257 4080/1/257
f 3683/1/258 4080/1/258 3684/1/258
f 3684/1/259 4080/1/259 4081/1/259
f 3684/1/1821 4081/1/1821 3685/1/1821
f 3685/1/261 4081/1/261 4082/1/261
f 3685/1/262 4082/1/262 3686/1/262
f 3686/1/263 4082/1/263 4083/1/263
f 3686/1/264 4083/1/264 3687/1/264
f 3687/1/1822 4083/1/1822 4084/1/1822
f 3687/1/266 4084/1/266 3688/1/266
f 3688/1/267 4084/1/267 4085/1/267
f 3688/1/268 4085/1/268 3689/1/268
f 3689/1/269 4085/1/269 4086/1/269
f 3689/1/270 4086/1/270 3690/1/270
f 3690/1/271 4086/1/271 4087/1/271
f 3690/1/272 4087/1/272 3691/1/272
f 3691/1/1823 4087/1/1823 4088/1/1823
f 3691/1/274 4088/1/274 3692/1/274
f 3692/1/275 4088/1/275 4089/1/275
f 3692/1/276 4089/1/276 3693/1/276
f 3693/1/277 4089/1/277 4090/1/277
f 3693/1/278 4090/1/278 3694/1/278
f 3694/1/279 4090/1/279 4091/1/279
f 3694/1/280 4091/1/280 3695/1/280
f 3695/1/281 4091/1/281 4092/1/281
f 3695/1/282 4092/1/282 3696/1/282
f 3696/1/283 4092/1/283 4093/1/283
f 3696/1/284 4093/1/284 3697/1/284
f 3697/1/285 4093/1/285 4094/1/285
f 3697/1/286 4094/1/286 3698/1/286
f 3698/1/287 4094/1/287 4095/1/287
f 3698/1/288 4095/1/288 3599/1/288
f 3599/1/289 4095/1/289 3600/1/289
f 3600/1/290 4095/1/290 4096/1/290
f 3600/1/291 4096/1/291 3602/1/291
f 3602/1/292 4096/1/292 4097/1/292
f 3602/1/293 4097/1/293 3603/1/293
f 3603/1/294 4097/1/294 4098/1/294
f 3603/1/295 4098/1/295 3604/1/295
f 3604/1/296 4098/1/296 4099/1/296
f 3604/1/297 4099/1/297 3605/1/297
f 3605/1/298 4099/1/298 4100/1/298
f 3605/1/299 4100/1/299 3606/1/299
f 3606/1/300 4100/1/300 4101/1/300
f 3606/1/301 4101/1/301 3607/1/301
f 3607/1/302 4101/1/302 4102/1/302
f 3607/1/303 4102/1/303 3608/1/303
f 3608/1/1824 4102/1/1824 4103/1/1824
f 3608/1/305 4103/1/305 3609/1/305
f 3609/1/306 4103/1/306 4104/1/306
f 3609/1/307 4104/1/307 3610/1/307
f 3610/1/308 4104/1/308 4105/1/308
f 3610/1/309 4105/1/309 3611/1/309
f 3611/1/1825 4105/1/1825 4106/1/1825
f 3611/1/311 4106/1/311 3612/1/311
f 3612/1/1826 4106/1/1826 4107/1/1826
f 3612/1/313 4107/1/313 3613/1/313
f 3613/1/314 4107/1/314 4108/1/314
f 3613/1/315 4108/1/315 3614/1/315
f 3614/1/316 4108/1/316 4109/1/316
f 3614/1/1827 4109/1/1827 3615/1/1827
f 3615/1/318 4109/1/318 4110/1/318
f 3615/1/319 4110/1/319 3616/1/319
f 3616/1/320 4110/1/320 4111/1/320
f 3616/1/321 4111/1/321 3617/1/321
f 3617/1/322 4111/1/322 4112/1/322
f 3617/1/323 4112/1/323 3618/1/323
f 3618/1/324 4112/1/324 4113/1/324
f 3618/1/325 4113/1/325 4114/1/325
f 4114/1/1828 4113/1/1828 4115/1/1828
f 4114/1/1828 4115/1/1828 4016/1/1828
f 4016/1/327 4115/1/327 4116/1/327
f 4016/1/327 4116/1/327 4117/1/327
f 4117/1/1829 4116/1/1829 4118/1/1829
f 4117/1/1829 4118/1/1829 4000/1/1829
f 4000/1/329 4118/1/329 4001/1/329
f 4001/1/329 4118/1/329 4119/1/329
f 4001/1/330 4119/1/330 4002/1/330
f 4002/1/330 4119/1/330 4120/1/330
f 4002/1/331 4120/1/331 4003/1/331
f 4003/1/331 4120/1/331 4121/1/331
f 4003/1/332 4121/1/332 4004/1/332
f 4004/1/332 4121/1/332 4122/1/332
f 4004/1/333 4122/1/333 4005/1/333
f 4005/1/333 4122/1/333 4123/1/333
f 4005/1/336 4123/1/336 4006/1/336
f 4006/1/335 4123/1/335 4124/1/335
f 4006/1/337 4124/1/337 4007/1/337
f 4007/1/337 4124/1/337 4125/1/337
f 4007/1/338 4125/1/338 4008/1/338
f 4008/1/338 4125/1/338 4126/1/338
f 4008/1/339 4126/1/339 4009/1/339
f 4009/1/339 4126/1/339 4127/1/339
f 4009/1/341 4127/1/341 4010/1/341
f 4010/1/341 4127/1/341 4128/1/341
f 4010/1/342 4128/1/342 4011/1/342
f 4011/1/342 4128/1/342 4129/1/342
f 4011/1/343 4129/1/343 4012/1/343
f 4012/1/343 4129/1/343 4130/1/343
f 4012/1/345 4130/1/345 4013/1/345
f 4013/1/345 4130/1/345 4131/1/345
f 4013/1/294 4131/1/294 4014/1/294
f 4014/1/294 4131/1/294 4132/1/294
f 4014/1/346 4132/1/346 4015/1/346
f 4015/1/292 4132/1/292 4133/1/292
f 4015/1/290 4133/1/290 3922/1/290
f 3922/1/347 4133/1/347 4134/1/347
f 3922/1/348 4134/1/348 3921/1/348
f 3921/1/287 4134/1/287 4135/1/287
f 3921/1/285 4135/1/285 3923/1/285
f 3923/1/349 4135/1/349 4136/1/349
f 3923/1/283 4136/1/283 3924/1/283
f 3924/1/283 4136/1/283 4137/1/283
f 3924/1/350 4137/1/350 3925/1/350
f 3925/1/350 4137/1/350 4138/1/350
f 3925/1/352 4138/1/352 3926/1/352
f 3926/1/352 4138/1/352 4139/1/352
f 3926/1/353 4139/1/353 3927/1/353
f 3927/1/353 4139/1/353 4140/1/353
f 3927/1/354 4140/1/354 3928/1/354
f 3928/1/354 4140/1/354 4141/1/354
f 3928/1/356 4141/1/356 3929/1/356
f 3929/1/356 4141/1/356 4142/1/356
f 3929/1/357 4142/1/357 3930/1/357
f 3930/1/357 4142/1/357 4143/1/357
f 3930/1/358 4143/1/358 3931/1/358
f 3931/1/358 4143/1/358 4144/1/358
f 3931/1/359 4144/1/359 3932/1/359
f 3932/1/359 4144/1/359 4145/1/359
f 3932/1/361 4145/1/361 3933/1/361
f 3933/1/361 4145/1/361 4146/1/361
f 3933/1/362 4146/1/362 3934/1/362
f 3934/1/362 4146/1/362 4147/1/362
f 3934/1/363 4147/1/363 3935/1/363
f 3935/1/363 4147/1/363 4148/1/363
f 3935/1/364 4148/1/364 3936/1/364
f 3936/1/364 4148/1/364 4149/1/364
f 3936/1/365 4149/1/365 3937/1/365
f 3937/1/365 4149/1/365 4150/1/365
f 3937/1/366 4150/1/366 3938/1/366
f 3938/1/366 4150/1/366 4151/1/366
f 3938/1/367 4151/1/367 3939/1/367
f 3939/1/367 4151/1/367 4152/1/367
f 3939/1/368 4152/1/368 3940/1/368
f 3940/1/368 4152/1/368 4153/1/368
f 3940/1/369 4153/1/369 3941/1/369
f 3941/1/369 4153/1/369 4154/1/369
f 3941/1/370 4154/1/370 3942/1/370
f 3942/1/370 4154/1/370 4155/1/370
f 3942/1/371 4155/1/371 3943/1/371
f 3943/1/371 4155/1/371 4156/1/371
f 3943/1/372 4156/1/372 3944/1/372
f 3944/1/372 4156/1/372 4157/1/372
f 3944/1/373 4157/1/373 3945/1/373
f 3945/1/373 4157/1/373 4158/1/373
f 3945/1/374 4158/1/374 3946/1/374
f 3946/1/374 4158/1/374 4159/1/374
f 3946/1/375 4159/1/375 3947/1/375
f 3947/1/375 4159/1/375 4160/1/375
f 3947/1/376 4160/1/376 3948/1/376
f 3948/1/376 4160/1/376 4161/1/376
f 3948/1/377 4161/1/377 3949/1/377
f 3949/1/377 4161/1/377 4162/1/377
f 3949/1/378 4162/1/378 3950/1/378
f 3950/1/378 4162/1/378 4163/1/378
f 3950/1/1830 4163/1/1830 3951/1/1830
f 3951/1/379 4163/1/379 4164/1/379
f 3951/1/380 4164/1/380 3952/1/380
f 3952/1/380 4164/1/380 4165/1/380
f 3952/1/381 4165/1/381 3953/1/381
f 3953/1/381 4165/1/381 4166/1/381
f 3953/1/382 4166/1/382 3954/1/382
f 3954/1/382 4166/1/382 4167/1/382
f 3954/1/383 4167/1/383 3955/1/383
f 3955/1/383 4167/1/383 4168/1/383
f 3955/1/384 4168/1/384 3956/1/384
f 3956/1/384 4168/1/384 4169/1/384
f 3956/1/1831 4169/1/1831 3957/1/1831
f 3957/1/385 4169/1/385 4170/1/385
f 3957/1/386 4170/1/386 3958/1/386
f 3958/1/386 4170/1/386 4171/1/386
f 3958/1/387 4171/1/387 3959/1/387
f 3959/1/387 4171/1/387 4172/1/387
f 3959/1/388 4172/1/388 3960/1/388
f 3960/1/388 4172/1/388 4173/1/388
f 3960/1/1832 4173/1/1832 3961/1/1832
f 3961/1/389 4173/1/389 4174/1/389
f 3961/1/390 4174/1/390 3962/1/390
f 3962/1/390 4174/1/390 4175/1/390
f 3962/1/391 4175/1/391 3963/1/391
f 3963/1/391 4175/1/391 4176/1/391
f 3963/1/392 4176/1/392 3964/1/392
f 3964/1/392 4176/1/392 4177/1/392
f 3964/1/393 4177/1/393 3965/1/393
f 3965/1/393 4177/1/393 4178/1/393
f 3965/1/394 4178/1/394 3966/1/394
f 3966/1/394 4178/1/394 4179/1/394
f 3966/1/395 4179/1/395 3967/1/395
f 3967/1/395 4179/1/395 4180/1/395
f 3967/1/396 4180/1/396 3968/1/396
f 3968/1/396 4180/1/396 4181/1/396
f 3968/1/16 4181/1/16 3969/1/16
f 3969/1/16 4181/1/16 4182/1/16
f 3969/1/397 4182/1/397 3970/1/397
f 3970/1/397 4182/1/397 4183/1/397
f 3970/1/398 4183/1/398 3971/1/398
f 3971/1/398 4183/1/398 4184/1/398
f 3971/1/399 4184/1/399 3972/1/399
f 3972/1/399 4184/1/399 4185/1/399
f 3972/1/400 4185/1/400 3973/1/400
f 3973/1/400 4185/1/400 4186/1/400
f 3973/1/401 4186/1/401 3974/1/401
f 3974/1/401 4186/1/401 4187/1/401
f 3974/1/402 4187/1/402 3975/1/402
f 3975/1/402 4187/1/402 4188/1/402
f 3975/1/403 4188/1/403 3976/1/403
f 3976/1/403 4188/1/403 4189/1/403
f 3976/1/404 4189/1/404 3977/1/404
f 3977/1/1833 4189/1/1833 4190/1/1833
f 3977/1/405 4190/1/405 3978/1/405
f 3978/1/405 4190/1/405 4191/1/405
f 3978/1/406 4191/1/406 3979/1/406
f 3979/1/406 4191/1/406 4192/1/406
f 3979/1/407 4192/1/407 3980/1/407
f 3980/1/407 4192/1/407 4193/1/407
f 3980/1/408 4193/1/408 3981/1/408
f 3981/1/1834 4193/1/1834 4194/1/1834
f 3981/1/409 4194/1/409 3982/1/409
f 3982/1/409 4194/1/409 4195/1/409
f 3982/1/410 4195/1/410 3983/1/410
f 3983/1/410 4195/1/410 4196/1/410
f 3983/1/411 4196/1/411 3984/1/411
f 3984/1/411 4196/1/411 4197/1/411
f 3984/1/160 4197/1/160 3985/1/160
f 3985/1/160 4197/1/160 4198/1/160
f 3985/1/159 4198/1/159 3986/1/159
f 3986/1/159 4198/1/159 4199/1/159
f 3986/1/412 4199/1/412 3987/1/412
f 3987/1/1835 4199/1/1835 4200/1/1835
f 3987/1/413 4200/1/413 3988/1/413
f 3988/1/413 4200/1/413 4201/1/413
f 3988/1/414 4201/1/414 3989/1/414
f 3989/1/414 4201/1/414 4202/1/414
f 3989/1/415 4202/1/415 3990/1/415
f 3990/1/415 4202/1/415 4203/1/415
f 3990/1/416 4203/1/416 3991/1/416
f 3991/1/416 4203/1/416 4204/1/416
f 3991/1/417 4204/1/417 3992/1/417
f 3992/1/417 4204/1/417 4205/1/417
f 3992/1/418 4205/1/418 3993/1/418
f 3993/1/418 4205/1/418 4206/1/418
f 3993/1/419 4206/1/419 3994/1/419
f 3994/1/419 4206/1/419 4207/1/419
f 3994/1/420 4207/1/420 3995/1/420
f 3995/1/421 4207/1/421 4208/1/421
f 3995/1/422 4208/1/422 3996/1/422
f 3996/1/422 4208/1/422 4209/1/422
f 3996/1/423 4209/1/423 3997/1/423
f 3997/1/424 4209/1/424 4210/1/424
f 3997/1/425 4210/1/425 3998/1/425
f 3998/1/425 4210/1/425 4211/1/425
f 3998/1/327 4211/1/327 3999/1/327
f 3999/1/327 4211/1/327 4117/1/327
f 3999/1/1829 4117/1/1829 4000/1/1829
f 3575/1/426 4212/1/426 3574/1/426
f 3574/1/427 4212/1/427 4114/1/427
f 3574/1/1836 4114/1/1836 4016/1/1836
f 4212/1/429 3575/1/429 4213/1/429
f 4213/1/2 3575/1/2 3576/1/2
f 4213/1/3 3576/1/3 3577/1/3
f 4213/1/430 3577/1/430 4214/1/430
f 4214/1/431 3577/1/431 3578/1/431
f 4214/1/432 3578/1/432 4215/1/432
f 4215/1/433 3578/1/433 3579/1/433
f 4215/1/434 3579/1/434 4216/1/434
f 4216/1/435 3579/1/435 3580/1/435
f 4216/1/436 3580/1/436 4217/1/436
f 4217/1/437 3580/1/437 3581/1/437
f 4217/1/438 3581/1/438 4218/1/438
f 4218/1/439 3581/1/439 3582/1/439
f 4218/1/440 3582/1/440 4219/1/440
f 4219/1/441 3582/1/441 3583/1/441
f 4219/1/442 3583/1/442 4220/1/442
f 4220/1/443 3583/1/443 3584/1/443
f 4220/1/444 3584/1/444 4221/1/444
f 4221/1/445 3584/1/445 3585/1/445
f 4221/1/446 3585/1/446 4222/1/446
f 4222/1/447 3585/1/447 3586/1/447
f 4222/1/448 3586/1/448 4223/1/448
f 4223/1/158 3586/1/158 4029/1/158
f 4223/1/159 4029/1/159 4031/1/159
f 3586/1/158 3561/1/158 4029/1/158
f 3623/1/449 4216/1/449 3624/1/449
f 3624/1/145 4216/1/145 4217/1/145
f 3624/1/450 4217/1/450 3625/1/450
f 3625/1/147 4217/1/147 4218/1/147
f 3625/1/451 4218/1/451 3627/1/451
f 3627/1/452 4218/1/452 4219/1/452
f 3627/1/453 4219/1/453 3628/1/453
f 3628/1/454 4219/1/454 4220/1/454
f 3628/1/455 4220/1/455 3629/1/455
f 3629/1/456 4220/1/456 4221/1/456
f 3629/1/457 4221/1/457 3630/1/457
f 3630/1/458 4221/1/458 4222/1/458
f 3630/1/459 4222/1/459 3631/1/459
f 3631/1/460 4222/1/460 4223/1/460
f 3631/1/461 4223/1/461 3632/1/461
f 3632/1/462 4223/1/462 4031/1/462
f 3632/1/463 4031/1/463 3633/1/463
f 4216/1/464 3623/1/464 4215/1/464
f 4215/1/465 3623/1/465 3622/1/465
f 4215/1/1837 3622/1/1837 4214/1/1837
f 4214/1/467 3622/1/467 3621/1/467
f 4214/1/468 3621/1/468 4213/1/468
f 4213/1/469 3621/1/469 3620/1/469
f 4213/1/470 3620/1/470 4212/1/470
f 4212/1/471 3620/1/471 3619/1/471
f 4212/1/472 3619/1/472 4114/1/472
f 4114/1/473 3619/1/473 3618/1/473
f 4134/1/348 4224/1/348 4135/1/348
f 4135/1/287 4224/1/287 4225/1/287
f 4135/1/285 4225/1/285 4136/1/285
f 4136/1/349 4225/1/349 4226/1/349
f 4136/1/283 4226/1/283 4137/1/283
f 4137/1/283 4226/1/283 4227/1/283
f 4137/1/350 4227/1/350 4138/1/350
f 4138/1/350 4227/1/350 4228/1/350
f 4138/1/352 4228/1/352 4139/1/352
f 4139/1/352 4228/1/352 4229/1/352
f 4139/1/353 4229/1/353 4140/1/353
f 4140/1/353 4229/1/353 4230/1/353
f 4140/1/354 4230/1/354 4141/1/354
f 4141/1/354 4230/1/354 4231/1/354
f 4141/1/356 4231/1/356 4142/1/356
f 4142/1/356 4231/1/356 4232/1/356
f 4142/1/357 4232/1/357 4143/1/357
f 4143/1/357 4232/1/357 4233/1/357
f 4143/1/358 4233/1/358 4144/1/358
f 4144/1/358 4233/1/358 4234/1/358
f 4144/1/359 4234/1/359 4145/1/359
f 4145/1/359 4234/1/359 4235/1/359
f 4145/1/361 4235/1/361 4146/1/361
f 4146/1/361 4235/1/361 4236/1/361
f 4146/1/362 4236/1/362 4147/1/362
f 4147/1/362 4236/1/362 4237/1/362
f 4147/1/363 4237/1/363 4148/1/363
f 4148/1/363 4237/1/363 4238/1/363
f 4148/1/364 4238/1/364 4149/1/364
f 4149/1/364 4238/1/364 4239/1/364
f 4149/1/365 4239/1/365 4150/1/365
f 4150/1/365 4239/1/365 4240/1/365
f 4150/1/366 4240/1/366 4151/1/366
f 4151/1/366 4240/1/366 4241/1/366
f 4151/1/367 4241/1/367 4152/1/367
f 4152/1/367 4241/1/367 4242/1/367
f 4152/1/368 4242/1/368 4153/1/368
f 4153/1/368 4242/1/368 4243/1/368
f 4153/1/369 4243/1/369 4154/1/369
f 4154/1/369 4243/1/369 4244/1/369
f 4154/1/370 4244/1/370 4155/1/370
f 4155/1/370 4244/1/370 4245/1/370
f 4155/1/371 4245/1/371 4156/1/371
f 4156/1/371 4245/1/371 4246/1/371
f 4156/1/372 4246/1/372 4157/1/372
f 4157/1/372 4246/1/372 4247/1/372
f 4157/1/373 4247/1/373 4158/1/373
f 4158/1/373 4247/1/373 4248/1/373
f 4158/1/374 4248/1/374 4159/1/374
f 4159/1/374 4248/1/374 4249/1/374
f 4159/1/375 4249/1/375 4160/1/375
f 4160/1/375 4249/1/375 4250/1/375
f 4160/1/376 4250/1/376 4161/1/376
f 4161/1/376 4250/1/376 4251/1/376
f 4161/1/377 4251/1/377 4162/1/377
f 4162/1/377 4251/1/377 4252/1/377
f 4162/1/378 4252/1/378 4163/1/378
f 4163/1/378 4252/1/378 4253/1/378
f 4163/1/1830 4253/1/1830 4164/1/1830
f 4164/1/379 4253/1/379 4254/1/379
f 4164/1/380 4254/1/380 4165/1/380
f 4165/1/380 4254/1/380 4255/1/380
f 4165/1/381 4255/1/381 4166/1/381
f 4166/1/381 4255/1/381 4256/1/381
f 4166/1/382 4256/1/382 4167/1/382
f 4167/1/382 4256/1/382 4257/1/382
f 4167/1/383 4257/1/383 4168/1/383
f 4168/1/383 4257/1/383 4258/1/383
f 4168/1/384 4258/1/384 4169/1/384
f 4169/1/384 4258/1/384 4259/1/384
f 4169/1/1831 4259/1/1831 4170/1/1831
f 4170/1/385 4259/1/385 4260/1/385
f 4170/1/386 4260/1/386 4171/1/386
f 4171/1/386 4260/1/386 4261/1/386
f 4171/1/387 4261/1/387 4172/1/387
f 4172/1/387 4261/1/387 4262/1/387
f 4172/1/388 4262/1/388 4173/1/388
f 4173/1/388 4262/1/388 4263/1/388
f 4173/1/1832 4263/1/1832 4174/1/1832
f 4174/1/389 4263/1/389 4264/1/389
f 4174/1/390 4264/1/390 4175/1/390
f 4175/1/390 4264/1/390 4265/1/390
f 4175/1/391 4265/1/391 4176/1/391
f 4176/1/391 4265/1/391 4266/1/391
f 4176/1/392 4266/1/392 4177/1/392
f 4177/1/392 4266/1/392 4267/1/392
f 4177/1/393 4267/1/393 4178/1/393
f 4178/1/393 4267/1/393 4268/1/393
f 4178/1/394 4268/1/394 4179/1/394
f 4179/1/394 4268/1/394 4269/1/394
f 4179/1/395 4269/1/395 4180/1/395
f 4180/1/395 4269/1/395 4270/1/395
f 4180/1/396 4270/1/396 4181/1/396
f 4181/1/396 4270/1/396 4271/1/396
f 4181/1/16 4271/1/16 4182/1/16
f 4182/1/16 4271/1/16 4272/1/16
f 4182/1/397 4272/1/397 4183/1/397
f 4183/1/397 4272/1/397 4273/1/397
f 4183/1/398 4273/1/398 4184/1/398
f 4184/1/398 4273/1/398 4274/1/398
f 4184/1/399 4274/1/399 4185/1/399
f 4185/1/399 4274/1/399 4275/1/399
f 4185/1/400 4275/1/400 4186/1/400
f 4186/1/400 4275/1/400 4276/1/400
f 4186/1/401 4276/1/401 4187/1/401
f 4187/1/401 4276/1/401 4277/1/401
f 4187/1/402 4277/1/402 4188/1/402
f 4188/1/402 4277/1/402 4278/1/402
f 4188/1/403 4278/1/403 4189/1/403
f 4189/1/403 4278/1/403 4279/1/403
f 4189/1/404 4279/1/404 4190/1/404
f 4190/1/1833 4279/1/1833 4280/1/1833
f 4190/1/405 4280/1/405 4191/1/405
f 4191/1/405 4280/1/405 4281/1/405
f 4191/1/406 4281/1/406 4192/1/406
f 4192/1/406 4281/1/406 4282/1/406
f 4192/1/407 4282/1/407 4193/1/407
f 4193/1/407 4282/1/407 4283/1/407
f 4193/1/408 4283/1/408 4194/1/408
f 4194/1/1834 4283/1/1834 4284/1/1834
f 4194/1/409 4284/1/409 4195/1/409
f 4195/1/409 4284/1/409 4285/1/409
f 4195/1/410 4285/1/410 4196/1/410
f 4196/1/410 4285/1/410 4286/1/410
f 4196/1/411 4286/1/411 4197/1/411
f 4197/1/411 4286/1/411 4287/1/411
f 4197/1/160 4287/1/160 4198/1/160
f 4198/1/160 4287/1/160 4288/1/160
f 4198/1/159 4288/1/159 4199/1/159
f 4199/1/159 4288/1/159 4028/1/159
f 4199/1/412 4028/1/412 4200/1/412
f 4200/1/1835 4028/1/1835 4027/1/1835
f 4200/1/413 4027/1/413 4201/1/413
f 4201/1/413 4027/1/413 4026/1/413
f 4201/1/414 4026/1/414 4202/1/414
f 4202/1/414 4026/1/414 4025/1/414
f 4202/1/415 4025/1/415 4203/1/415
f 4203/1/415 4025/1/415 4024/1/415
f 4203/1/416 4024/1/416 4204/1/416
f 4204/1/416 4024/1/416 4023/1/416
f 4204/1/417 4023/1/417 4205/1/417
f 4205/1/417 4023/1/417 4022/1/417
f 4205/1/418 4022/1/418 4206/1/418
f 4206/1/418 4022/1/418 4021/1/418
f 4206/1/419 4021/1/419 4207/1/419
f 4207/1/419 4021/1/419 4020/1/419
f 4207/1/420 4020/1/420 4208/1/420
f 4208/1/421 4020/1/421 4019/1/421
f 4208/1/422 4019/1/422 4209/1/422
f 4209/1/422 4019/1/422 4018/1/422
f 4209/1/424 4018/1/424 4210/1/424
f 4210/1/424 4018/1/424 4017/1/424
f 4210/1/425 4017/1/425 4211/1/425
f 4211/1/425 4017/1/425 4016/1/425
f 4211/1/327 4016/1/327 4117/1/327
f 4224/1/348 4289/1/348 4225/1/348
f 4225/1/287 4289/1/287 4290/1/287
f 4225/1/285 4290/1/285 4226/1/285
f 4226/1/349 4290/1/349 4291/1/349
f 4226/1/283 4291/1/283 4227/1/283
f 4227/1/283 4291/1/283 4292/1/283
f 4227/1/350 4292/1/350 4228/1/350
f 4228/1/350 4292/1/350 4293/1/350
f 4228/1/352 4293/1/352 4229/1/352
f 4229/1/352 4293/1/352 4294/1/352
f 4229/1/353 4294/1/353 4230/1/353
f 4230/1/353 4294/1/353 4295/1/353
f 4230/1/354 4295/1/354 4231/1/354
f 4231/1/354 4295/1/354 4296/1/354
f 4231/1/356 4296/1/356 4232/1/356
f 4232/1/356 4296/1/356 4297/1/356
f 4232/1/357 4297/1/357 4233/1/357
f 4233/1/357 4297/1/357 4298/1/357
f 4233/1/358 4298/1/358 4234/1/358
f 4234/1/358 4298/1/358 4299/1/358
f 4234/1/359 4299/1/359 4235/1/359
f 4235/1/359 4299/1/359 4300/1/359
f 4235/1/361 4300/1/361 4236/1/361
f 4236/1/361 4300/1/361 4301/1/361
f 4236/1/362 4301/1/362 4237/1/362
f 4237/1/362 4301/1/362 4302/1/362
f 4237/1/363 4302/1/363 4238/1/363
f 4238/1/363 4302/1/363 4303/1/363
f 4238/1/364 4303/1/364 4239/1/364
f 4239/1/364 4303/1/364 4304/1/364
f 4239/1/365 4304/1/365 4240/1/365
f 4240/1/365 4304/1/365 4305/1/365
f 4240/1/366 4305/1/366 4241/1/366
f 4241/1/366 4305/1/366 4306/1/366
f 4241/1/367 4306/1/367 4242/1/367
f 4242/1/367 4306/1/367 4307/1/367
f 4242/1/368 4307/1/368 4243/1/368
f 4243/1/368 4307/1/368 4308/1/368
f 4243/1/369 4308/1/369 4244/1/369
f 4244/1/369 4308/1/369 4309/1/369
f 4244/1/370 4309/1/370 4245/1/370
f 4245/1/370 4309/1/370 4310/1/370
f 4245/1/371 4310/1/371 4246/1/371
f 4246/1/371 4310/1/371 4311/1/371
f 4246/1/372 4311/1/372 4247/1/372
f 4247/1/372 4311/1/372 4312/1/372
f 4247/1/373 4312/1/373 4248/1/373
f 4248/1/373 4312/1/373 4313/1/373
f 4248/1/374 4313/1/374 4249/1/374
f 4249/1/374 4313/1/374 4314/1/374
f 4249/1/375 4314/1/375 4250/1/375
f 4250/1/375 4314/1/375 4315/1/375
f 4250/1/376 4315/1/376 4251/1/376
f 4251/1/376 4315/1/376 4316/1/376
f 4251/1/377 4316/1/377 4252/1/377
f 4252/1/377 4316/1/377 4317/1/377
f 4252/1/378 4317/1/378 4253/1/378
f 4253/1/378 4317/1/378 4318/1/378
f 4253/1/1830 4318/1/1830 4254/1/1830
f 4254/1/379 4318/1/379 4319/1/379
f 4254/1/380 4319/1/380 4255/1/380
f 4255/1/380 4319/1/380 4320/1/380
f 4255/1/381 4320/1/381 4256/1/381
f 4256/1/381 4320/1/381 4321/1/381
f 4256/1/382 4321/1/382 4257/1/382
f 4257/1/382 4321/1/382 4322/1/382
f 4257/1/383 4322/1/383 4258/1/383
f 4258/1/383 4322/1/383 4323/1/383
f 4258/1/384 4323/1/384 4259/1/384
f 4259/1/384 4323/1/384 4324/1/384
f 4259/1/1831 4324/1/1831 4260/1/1831
f 4260/1/385 4324/1/385 4325/1/385
f 4260/1/386 4325/1/386 4261/1/386
f 4261/1/386 4325/1/386 4326/1/386
f 4261/1/387 4326/1/387 4262/1/387
f 4262/1/387 4326/1/387 4327/1/387
f 4262/1/388 4327/1/388 4263/1/388
f 4263/1/388 4327/1/388 4328/1/388
f 4263/1/1832 4328/1/1832 4264/1/1832
f 4264/1/389 4328/1/389 4329/1/389
f 4264/1/390 4329/1/390 4265/1/390
f 4265/1/390 4329/1/390 4330/1/390
f 4265/1/391 4330/1/391 4266/1/391
f 4266/1/391 4330/1/391 4331/1/391
f 4266/1/392 4331/1/392 4267/1/392
f 4267/1/392 4331/1/392 4332/1/392
f 4267/1/393 4332/1/393 4268/1/393
f 4268/1/393 4332/1/393 4333/1/393
f 4268/1/394 4333/1/394 4269/1/394
f 4269/1/394 4333/1/394 4334/1/394
f 4269/1/395 4334/1/395 4270/1/395
f 4270/1/395 4334/1/395 4335/1/395
f 4270/1/396 4335/1/396 4271/1/396
f 4271/1/396 4335/1/396 4336/1/396
f 4271/1/16 4336/1/16 4272/1/16
f 4272/1/16 4336/1/16 4337/1/16
f 4272/1/397 4337/1/397 4273/1/397
f 4273/1/397 4337/1/397 4338/1/397
f 4273/1/398 4338/1/398 4274/1/398
f 4274/1/398 4338/1/398 4339/1/398
f 4274/1/399 4339/1/399 4275/1/399
f 4275/1/399 4339/1/399 4340/1/399
f 4275/1/400 4340/1/400 4276/1/400
f 4276/1/400 4340/1/400 4341/1/400
f 4276/1/401 4341/1/401 4277/1/401
f 4277/1/401 4341/1/401 4342/1/401
f 4277/1/402 4342/1/402 4278/1/402
f 4278/1/402 4342/1/402 4343/1/402
f 4278/1/403 4343/1/403 4279/1/403
f 4279/1/403 4343/1/403 4344/1/403
f 4279/1/404 4344/1/404 4280/1/404
f 4280/1/1833 4344/1/1833 4345/1/1833
f 4280/1/405 4345/1/405 4281/1/405
f 4281/1/405 4345/1/405 4346/1/405
f 4281/1/406 4346/1/406 4282/1/406
f 4282/1/406 4346/1/406 4347/1/406
f 4282/1/407 4347/1/407 4283/1/407
f 4283/1/407 4347/1/407 4348/1/407
f 4283/1/408 4348/1/408 4284/1/408
f 4284/1/1834 4348/1/1834 4349/1/1834
f 4284/1/409 4349/1/409 4285/1/409
f 4285/1/409 4349/1/409 4350/1/409
f 4285/1/410 4350/1/410 4286/1/410
f 4286/1/410 4350/1/410 4351/1/410
f 4286/1/411 4351/1/411 4287/1/411
f 4287/1/411 4351/1/411 4352/1/411
f 4287/1/160 4352/1/160 4288/1/160
f 4288/1/160 4352/1/160 4030/1/160
f 4288/1/159 4030/1/159 4028/1/159
f 4224/1/347 4134/1/347 4353/1/347
f 4353/1/290 4134/1/290 4133/1/290
f 4353/1/292 4133/1/292 4354/1/292
f 4354/1/346 4133/1/346 4132/1/346
f 4354/1/294 4132/1/294 4355/1/294
f 4355/1/294 4132/1/294 4131/1/294
f 4355/1/345 4131/1/345 4356/1/345
f 4356/1/345 4131/1/345 4130/1/345
f 4356/1/343 4130/1/343 4357/1/343
f 4357/1/343 4130/1/343 4129/1/343
f 4357/1/342 4129/1/342 4358/1/342
f 4358/1/342 4129/1/342 4128/1/342
f 4358/1/341 4128/1/341 4359/1/341
f 4359/1/341 4128/1/341 4127/1/341
f 4359/1/339 4127/1/339 4360/1/339
f 4360/1/339 4127/1/339 4126/1/339
f 4360/1/338 4126/1/338 4361/1/338
f 4361/1/338 4126/1/338 4125/1/338
f 4361/1/337 4125/1/337 4362/1/337
f 4362/1/337 4125/1/337 4124/1/337
f 4362/1/335 4124/1/335 4363/1/335
f 4363/1/336 4124/1/336 4123/1/336
f 4363/1/333 4123/1/333 4364/1/333
f 4364/1/333 4123/1/333 4122/1/333
f 4364/1/332 4122/1/332 4365/1/332
f 4365/1/332 4122/1/332 4121/1/332
f 4365/1/331 4121/1/331 4366/1/331
f 4366/1/331 4121/1/331 4120/1/331
f 4366/1/330 4120/1/330 4367/1/330
f 4367/1/330 4120/1/330 4119/1/330
f 4367/1/329 4119/1/329 4368/1/329
f 4368/1/329 4119/1/329 4118/1/329
f 4368/1/1829 4118/1/1829 4116/1/1829
f 4289/1/348 4095/1/348 4290/1/348
f 4290/1/287 4095/1/287 4094/1/287
f 4290/1/285 4094/1/285 4291/1/285
f 4291/1/349 4094/1/349 4093/1/349
f 4291/1/283 4093/1/283 4292/1/283
f 4292/1/283 4093/1/283 4092/1/283
f 4292/1/350 4092/1/350 4293/1/350
f 4293/1/350 4092/1/350 4091/1/350
f 4293/1/352 4091/1/352 4294/1/352
f 4294/1/352 4091/1/352 4090/1/352
f 4294/1/353 4090/1/353 4295/1/353
f 4295/1/353 4090/1/353 4089/1/353
f 4295/1/354 4089/1/354 4296/1/354
f 4296/1/354 4089/1/354 4088/1/354
f 4296/1/356 4088/1/356 4297/1/356
f 4297/1/356 4088/1/356 4087/1/356
f 4297/1/357 4087/1/357 4298/1/357
f 4298/1/357 4087/1/357 4086/1/357
f 4298/1/358 4086/1/358 4299/1/358
f 4299/1/358 4086/1/358 4085/1/358
f 4299/1/359 4085/1/359 4300/1/359
f 4300/1/359 4085/1/359 4084/1/359
f 4300/1/361 4084/1/361 4301/1/361
f 4301/1/361 4084/1/361 4083/1/361
f 4301/1/362 4083/1/362 4302/1/362
f 4302/1/362 4083/1/362 4082/1/362
f 4302/1/363 4082/1/363 4303/1/363
f 4303/1/363 4082/1/363 4081/1/363
f 4303/1/364 4081/1/364 4304/1/364
f 4304/1/364 4081/1/364 4080/1/364
f 4304/1/365 4080/1/365 4305/1/365
f 4305/1/365 4080/1/365 4079/1/365
f 4305/1/366 4079/1/366 4306/1/366
f 4306/1/366 4079/1/366 4078/1/366
f 4306/1/367 4078/1/367 4307/1/367
f 4307/1/367 4078/1/367 4077/1/367
f 4307/1/368 4077/1/368 4308/1/368
f 4308/1/368 4077/1/368 4076/1/368
f 4308/1/369 4076/1/369 4309/1/369
f 4309/1/369 4076/1/369 4075/1/369
f 4309/1/370 4075/1/370 4310/1/370
f 4310/1/370 4075/1/370 4074/1/370
f 4310/1/371 4074/1/371 4311/1/371
f 4311/1/371 4074/1/371 4073/1/371
f 4311/1/372 4073/1/372 4312/1/372
f 4312/1/372 4073/1/372 4072/1/372
f 4312/1/373 4072/1/373 4313/1/373
f 4313/1/373 4072/1/373 4071/1/373
f 4313/1/374 4071/1/374 4314/1/374
f 4314/1/374 4071/1/374 4070/1/374
f 4314/1/375 4070/1/375 4315/1/375
f 4315/1/375 4070/1/375 4069/1/375
f 4315/1/376 4069/1/376 4316/1/376
f 4316/1/376 4069/1/376 4068/1/376
f 4316/1/377 4068/1/377 4317/1/377
f 4317/1/377 4068/1/377 4067/1/377
f 4317/1/378 4067/1/378 4318/1/378
f 4318/1/378 4067/1/378 4066/1/378
f 4318/1/1830 4066/1/1830 4319/1/1830
f 4319/1/379 4066/1/379 4065/1/379
f 4319/1/380 4065/1/380 4320/1/380
f 4320/1/380 4065/1/380 4064/1/380
f 4320/1/381 4064/1/381 4321/1/381
f 4321/1/381 4064/1/381 4063/1/381
f 4321/1/382 4063/1/382 4322/1/382
f 4322/1/382 4063/1/382 4062/1/382
f 4322/1/383 4062/1/383 4323/1/383
f 4323/1/383 4062/1/383 4061/1/383
f 4323/1/384 4061/1/384 4324/1/384
f 4324/1/384 4061/1/384 4060/1/384
f 4324/1/1831 4060/1/1831 4325/1/1831
f 4325/1/385 4060/1/385 4059/1/385
f 4325/1/386 4059/1/386 4326/1/386
f 4326/1/386 4059/1/386 4058/1/386
f 4326/1/387 4058/1/387 4327/1/387
f 4327/1/387 4058/1/387 4057/1/387
f 4327/1/388 4057/1/388 4328/1/388
f 4328/1/388 4057/1/388 4056/1/388
f 4328/1/1832 4056/1/1832 4329/1/1832
f 4329/1/389 4056/1/389 4055/1/389
f 4329/1/390 4055/1/390 4330/1/390
f 4330/1/390 4055/1/390 4054/1/390
f 4330/1/391 4054/1/391 4331/1/391
f 4331/1/391 4054/1/391 4053/1/391
f 4331/1/392 4053/1/392 4332/1/392
f 4332/1/392 4053/1/392 4052/1/392
f 4332/1/393 4052/1/393 4333/1/393
f 4333/1/393 4052/1/393 4051/1/393
f 4333/1/394 4051/1/394 4334/1/394
f 4334/1/394 4051/1/394 4050/1/394
f 4334/1/395 4050/1/395 4335/1/395
f 4335/1/395 4050/1/395 4049/1/395
f 4335/1/396 4049/1/396 4336/1/396
f 4336/1/396 4049/1/396 4048/1/396
f 4336/1/16 4048/1/16 4337/1/16
f 4337/1/16 4048/1/16 4047/1/16
f 4337/1/397 4047/1/397 4338/1/397
f 4338/1/397 4047/1/397 4046/1/397
f 4338/1/398 4046/1/398 4339/1/398
f 4339/1/398 4046/1/398 4045/1/398
f 4339/1/399 4045/1/399 4340/1/399
f 4340/1/399 4045/1/399 4044/1/399
f 4340/1/400 4044/1/400 4341/1/400
f 4341/1/400 4044/1/400 4043/1/400
f 4341/1/401 4043/1/401 4342/1/401
f 4342/1/401 4043/1/401 4042/1/401
f 4342/1/402 4042/1/402 4343/1/402
f 4343/1/402 4042/1/402 4041/1/402
f 4343/1/403 4041/1/403 4344/1/403
f 4344/1/403 4041/1/403 4040/1/403
f 4344/1/404 4040/1/404 4345/1/404
f 4345/1/1833 4040/1/1833 4039/1/1833
f 4345/1/405 4039/1/405 4346/1/405
f 4346/1/405 4039/1/405 4038/1/405
f 4346/1/406 4038/1/406 4347/1/406
f 4347/1/406 4038/1/406 4037/1/406
f 4347/1/407 4037/1/407 4348/1/407
f 4348/1/407 4037/1/407 4036/1/407
f 4348/1/408 4036/1/408 4349/1/408
f 4349/1/1834 4036/1/1834 4035/1/1834
f 4349/1/409 4035/1/409 4350/1/409
f 4350/1/409 4035/1/409 4034/1/409
f 4350/1/410 4034/1/410 4351/1/410
f 4351/1/410 4034/1/410 4033/1/410
f 4351/1/411 4033/1/411 4352/1/411
f 4352/1/411 4033/1/411 4032/1/411
f 4352/1/160 4032/1/160 4030/1/160
f 4289/1/347 4224/1/347 4369/1/347
f 4369/1/290 4224/1/290 4353/1/290
f 4369/1/292 4353/1/292 4370/1/292
f 4370/1/346 4353/1/346 4354/1/346
f 4370/1/294 4354/1/294 4371/1/294
f 4371/1/294 4354/1/294 4355/1/294
f 4371/1/345 4355/1/345 4372/1/345
f 4372/1/345 4355/1/345 4356/1/345
f 4372/1/343 4356/1/343 4373/1/343
f 4373/1/343 4356/1/343 4357/1/343
f 4373/1/342 4357/1/342 4374/1/342
f 4374/1/342 4357/1/342 4358/1/342
f 4374/1/341 4358/1/341 4375/1/341
f 4375/1/341 4358/1/341 4359/1/341
f 4375/1/339 4359/1/339 4376/1/339
f 4376/1/339 4359/1/339 4360/1/339
f 4376/1/338 4360/1/338 4377/1/338
f 4377/1/338 4360/1/338 4361/1/338
f 4377/1/337 4361/1/337 4378/1/337
f 4378/1/337 4361/1/337 4362/1/337
f 4378/1/335 4362/1/335 4379/1/335
f 4379/1/336 4362/1/336 4363/1/336
f 4379/1/333 4363/1/333 4380/1/333
f 4380/1/333 4363/1/333 4364/1/333
f 4380/1/332 4364/1/332 4381/1/332
f 4381/1/332 4364/1/332 4365/1/332
f 4381/1/331 4365/1/331 4382/1/331
f 4382/1/331 4365/1/331 4366/1/331
f 4382/1/330 4366/1/330 4383/1/330
f 4383/1/330 4366/1/330 4367/1/330
f 4383/1/329 4367/1/329 4384/1/329
f 4384/1/329 4367/1/329 4368/1/329
f 4384/1/1829 4368/1/1829 4385/1/1829
f 4385/1/1829 4368/1/1829 4116/1/1829
f 4385/1/327 4116/1/327 4115/1/327
f 4095/1/347 4289/1/347 4096/1/347
f 4096/1/290 4289/1/290 4369/1/290
f 4096/1/292 4369/1/292 4097/1/292
f 4097/1/346 4369/1/346 4370/1/346
f 4097/1/294 4370/1/294 4098/1/294
f 4098/1/294 4370/1/294 4371/1/294
f 4098/1/345 4371/1/345 4099/1/345
f 4099/1/345 4371/1/345 4372/1/345
f 4099/1/343 4372/1/343 4100/1/343
f 4100/1/343 4372/1/343 4373/1/343
f 4100/1/342 4373/1/342 4101/1/342
f 4101/1/342 4373/1/342 4374/1/342
f 4101/1/341 4374/1/341 4102/1/341
f 4102/1/341 4374/1/341 4375/1/341
f 4102/1/339 4375/1/339 4103/1/339
f 4103/1/339 4375/1/339 4376/1/339
f 4103/1/338 4376/1/338 4104/1/338
f 4104/1/338 4376/1/338 4377/1/338
f 4104/1/337 4377/1/337 4105/1/337
f 4105/1/337 4377/1/337 4378/1/337
f 4105/1/335 4378/1/335 4106/1/335
f 4106/1/336 4378/1/336 4379/1/336
f 4106/1/333 4379/1/333 4107/1/333
f 4107/1/333 4379/1/333 4380/1/333
f 4107/1/332 4380/1/332 4108/1/332
f 4108/1/332 4380/1/332 4381/1/332
f 4108/1/331 4381/1/331 4109/1/331
f 4109/1/331 4381/1/331 4382/1/331
f 4109/1/330 4382/1/330 4110/1/330
f 4110/1/330 4382/1/330 4383/1/330
f 4110/1/329 4383/1/329 4111/1/329
f 4111/1/329 4383/1/329 4384/1/329
f 4111/1/1829 4384/1/1829 4112/1/1829
f 4112/1/1829 4384/1/1829 4385/1/1829
f 4112/1/327 4385/1/327 4113/1/327
f 4113/1/327 4385/1/327 4115/1/327
f 3700/1/13 3814/1/13 3702/1/13
f 3702/1/13 3814/1/13 3812/1/13
f 3702/1/13 3812/1/13 3704/1/13
f 3704/1/13 3812/1/13 3810/1/13
f 3704/1/13 3810/1/13 3706/1/13
f 3706/1/13 3810/1/13 3808/1/13
f 3706/1/13 3808/1/13 3708/1/13
f 3708/1/13 3808/1/13 3806/1/13
f 3708/1/13 3806/1/13 3710/1/13
f 3710/1/13 3806/1/13 3804/1/13
f 3710/1/13 3804/1/13 3712/1/13
f 3712/1/13 3804/1/13 3802/1/13
f 3712/1/13 3802/1/13 3714/1/13
f 3714/1/13 3802/1/13 3800/1/13
f 3714/1/13 3800/1/13 3716/1/13
f 3716/1/13 3800/1/13 3798/1/13
f 3716/1/13 3798/1/13 3718/1/13
f 3718/1/13 3798/1/13 3796/1/13
f 3718/1/13 3796/1/13 3720/1/13
f 3720/1/13 3796/1/13 3794/1/13
f 3720/1/13 3794/1/13 3722/1/13
f 3722/1/13 3794/1/13 3792/1/13
f 3722/1/13 3792/1/13 3724/1/13
f 3724/1/13 3792/1/13 3790/1/13
f 3724/1/13 3790/1/13 3726/1/13
f 3726/1/13 3790/1/13 3788/1/13
f 3726/1/13 3788/1/13 3728/1/13
f 3728/1/13 3788/1/13 3786/1/13
f 3728/1/13 3786/1/13 3730/1/13
f 3730/1/13 3786/1/13 3784/1/13
f 3730/1/13 3784/1/13 3732/1/13
f 3732/1/13 3784/1/13 3782/1/13
f 3732/1/13 3782/1/13 3734/1/13
f 3734/1/13 3782/1/13 3780/1/13
f 3734/1/13 3780/1/13 3736/1/13
f 3736/1/13 3780/1/13 3778/1/13
f 3736/1/13 3778/1/13 3738/1/13
f 3738/1/13 3778/1/13 3776/1/13
f 3738/1/13 3776/1/13 3740/1/13
f 3740/1/13 3776/1/13 3774/1/13
f 3740/1/13 3774/1/13 3742/1/13
f 3742/1/13 3774/1/13 3772/1/13
f 3742/1/13 3772/1/13 3744/1/13
f 3744/1/13 3772/1/13 3770/1/13
f 3744/1/13 3770/1/13 3746/1/13
f 3746/1/13 3770/1/13 3768/1/13
f 3746/1/13 3768/1/13 3748/1/13
f 3748/1/13 3768/1/13 3766/1/13
f 3748/1/13 3766/1/13 3750/1/13
f 3750/1/13 3766/1/13 3764/1/13
f 3750/1/13 3764/1/13 3752/1/13
f 3752/1/13 3764/1/13 3762/1/13
f 3752/1/13 3762/1/13 3754/1/13
f 3754/1/13 3762/1/13 3760/1/13
f 3754/1/13 3760/1/13 3756/1/13
f 3756/1/13 3760/1/13 3758/1/13
f 3814/1/13 3700/1/13 3816/1/13
f 3816/1/13 3700/1/13 3920/1/13
f 3816/1/13 3920/1/13 3818/1/13
f 3818/1/13 3920/1/13 3918/1/13
f 3818/1/13 3918/1/13 3820/1/13
f 3820/1/13 3918/1/13 3916/1/13
f 3820/1/13 3916/1/13 3822/1/13
f 3822/1/13 3916/1/13 3914/1/13
f 3822/1/13 3914/1/13 3824/1/13
f 3824/1/13 3914/1/13 3912/1/13
f 3824/1/13 3912/1/13 3826/1/13
f 3826/1/13 3912/1/13 3828/1/13
f 3828/1/13 3912/1/13 3830/1/13
f 3830/1/13 3912/1/13 3832/1/13
f 3832/1/13 3912/1/13 3834/1/13
f 3834/1/13 3912/1/13 3836/1/13
f 3836/1/13 3912/1/13 3838/1/13
f 3838/1/13 3912/1/13 3840/1/13
f 3840/1/13 3912/1/13 3842/1/13
f 3842/1/13 3912/1/13 3844/1/13
f 3844/1/13 3912/1/13 3846/1/13
f 3846/1/13 3912/1/13 3848/1/13
f 3848/1/13 3912/1/13 3850/1/13
f 3850/1/13 3912/1/13 3852/1/13
f 3852/1/13 3912/1/13 3854/1/13
f 3854/1/13 3912/1/13 3856/1/13
f 3856/1/13 3912/1/13 3858/1/13
f 3858/1/13 3912/1/13 3860/1/13
f 3860/1/13 3912/1/13 3862/1/13
f 3862/1/13 3912/1/13 3864/1/13
f 3864/1/13 3912/1/13 3866/1/13
f 3866/1/13 3912/1/13 3868/1/13
f 3868/1/13 3912/1/13 3870/1/13
f 3870/1/13 3912/1/13 3872/1/13
f 3872/1/13 3912/1/13 3874/1/13
f 3874/1/13 3912/1/13 3876/1/13
f 3876/1/13 3912/1/13 3878/1/13
f 3878/1/13 3912/1/13 3880/1/13
f 3880/1/13 3912/1/13 3882/1/13
f 3882/1/13 3912/1/13 3884/1/13
f 3884/1/13 3912/1/13 3886/1/13
f 3886/1/13 3912/1/13 3888/1/13
f 3888/1/13 3912/1/13 3890/1/13
f 3890/1/13 3912/1/13 3892/1/13
f 3892/1/13 3912/1/13 3894/1/13
f 3894/1/13 3912/1/13 3896/1/13
f 3896/1/13 3912/1/13 3898/1/13
f 3898/1/13 3912/1/13 3900/1/13
f 3900/1/13 3912/1/13 3902/1/13
f 3902/1/13 3912/1/13 3904/1/13
f 3904/1/13 3912/1/13 3906/1/13
f 3906/1/13 3912/1/13 3908/1/13
f 3908/1/13 3912/1/13 3910/1/13
f 4386/1/474 4387/1/474 4388/1/474
f 4388/1/474 4387/1/474 4389/1/474
f 4388/1/475 4389/1/475 4390/1/475
f 4390/1/475 4389/1/475 4391/1/475
f 4390/1/476 4391/1/476 4392/1/476
f 4392/1/476 4391/1/476 4393/1/476
f 4392/1/477 4393/1/477 4394/1/477
f 4394/1/477 4393/1/477 4395/1/477
f 4394/1/478 4395/1/478 4396/1/478
f 4396/1/478 4395/1/478 4397/1/478
f 4396/1/479 4397/1/479 4398/1/479
f 4398/1/479 4397/1/479 4399/1/479
f 4398/1/480 4399/1/480 4400/1/480
f 4400/1/480 4399/1/480 4401/1/480
f 4400/1/481 4401/1/481 4402/1/481
f 4402/1/481 4401/1/481 4403/1/481
f 4402/1/1838 4403/1/1838 4404/1/1838
f 4404/1/1838 4403/1/1838 4405/1/1838
f 4404/1/483 4405/1/483 4406/1/483
f 4406/1/483 4405/1/483 4407/1/483
f 4406/1/484 4407/1/484 4408/1/484
f 4408/1/484 4407/1/484 4409/1/484
f 4408/1/485 4409/1/485 4410/1/485
f 4410/1/485 4409/1/485 4411/1/485
f 4412/1/13 4386/1/13 4413/1/13
f 4413/1/13 4386/1/13 4388/1/13
f 4413/1/13 4388/1/13 4414/1/13
f 4414/1/13 4388/1/13 4390/1/13
f 4414/1/13 4390/1/13 4415/1/13
f 4415/1/13 4390/1/13 4392/1/13
f 4415/1/13 4392/1/13 4416/1/13
f 4416/1/13 4392/1/13 4394/1/13
f 4416/1/13 4394/1/13 4417/1/13
f 4417/1/13 4394/1/13 4396/1/13
f 4417/1/13 4396/1/13 4418/1/13
f 4418/1/13 4396/1/13 4398/1/13
f 4418/1/13 4398/1/13 4419/1/13
f 4419/1/13 4398/1/13 4400/1/13
f 4419/1/13 4400/1/13 4420/1/13
f 4420/1/13 4400/1/13 4402/1/13
f 4420/1/13 4402/1/13 4421/1/13
f 4421/1/13 4402/1/13 4404/1/13
f 4421/1/13 4404/1/13 4422/1/13
f 4422/1/13 4404/1/13 4406/1/13
f 4422/1/13 4406/1/13 4423/1/13
f 4423/1/13 4406/1/13 4408/1/13
f 4423/1/13 4408/1/13 4424/1/13
f 4424/1/13 4408/1/13 4410/1/13
f 4410/1/16 4411/1/16 4424/1/16
f 4424/1/16 4411/1/16 4425/1/16
f 4425/1/15 4411/1/15 4426/1/15
f 4426/1/15 4411/1/15 4409/1/15
f 4426/1/15 4409/1/15 4427/1/15
f 4427/1/15 4409/1/15 4407/1/15
f 4427/1/15 4407/1/15 4428/1/15
f 4428/1/15 4407/1/15 4405/1/15
f 4428/1/15 4405/1/15 4429/1/15
f 4429/1/15 4405/1/15 4403/1/15
f 4429/1/15 4403/1/15 4430/1/15
f 4430/1/15 4403/1/15 4401/1/15
f 4430/1/15 4401/1/15 4431/1/15
f 4431/1/15 4401/1/15 4399/1/15
f 4431/1/15 4399/1/15 4432/1/15
f 4432/1/15 4399/1/15 4397/1/15
f 4432/1/15 4397/1/15 4433/1/15
f 4433/1/15 4397/1/15 4395/1/15
f 4433/1/15 4395/1/15 4434/1/15
f 4434/1/15 4395/1/15 4393/1/15
f 4434/1/15 4393/1/15 4435/1/15
f 4435/1/15 4393/1/15 4391/1/15
f 4435/1/15 4391/1/15 4436/1/15
f 4436/1/15 4391/1/15 4389/1/15
f 4436/1/15 4389/1/15 4437/1/15
f 4437/1/15 4389/1/15 4387/1/15
f 4387/1/14 4386/1/14 4437/1/14
f 4437/1/14 4386/1/14 4412/1/14
f 4438/1/13 4439/1/13 4440/1/13
f 4440/1/13 4439/1/13 4441/1/13
f 4440/1/13 4441/1/13 4442/1/13
f 4442/1/13 4441/1/13 4443/1/13
f 4442/1/13 4443/1/13 4444/1/13
f 4444/1/13 4443/1/13 4438/1/13
f 4438/1/13 4443/1/13 4445/1/13
f 4438/1/13 4445/1/13 4439/1/13
f 4446/1/1839 4447/1/1839 4438/1/1839
f 4438/1/1840 4447/1/1840 4444/1/1840
f 4447/1/1841 4448/1/1841 4444/1/1841
f 4444/1/1841 4448/1/1841 4442/1/1841
f 4448/1/1842 4449/1/1842 4442/1/1842
f 4442/1/1842 4449/1/1842 4440/1/1842
f 4449/1/1843 4446/1/1843 4440/1/1843
f 4440/1/18 4446/1/18 4438/1/18
f 4450/1/13 4451/1/13 4452/1/13
f 4452/1/13 4451/1/13 4453/1/13
f 4452/1/13 4453/1/13 4454/1/13
f 4454/1/13 4455/1/13 4452/1/13
f 4452/1/13 4455/1/13 4456/1/13
f 4452/1/13 4456/1/13 4457/1/13
f 4457/1/13 4458/1/13 4452/1/13
f 4452/1/13 4458/1/13 4459/1/13
f 4452/1/13 4459/1/13 4460/1/13
f 4460/1/13 4461/1/13 4452/1/13
f 4452/1/13 4461/1/13 4462/1/13
f 4452/1/13 4462/1/13 4463/1/13
f 4463/1/13 4464/1/13 4452/1/13
f 4452/1/13 4464/1/13 4465/1/13
f 4452/1/13 4465/1/13 4466/1/13
f 4466/1/13 4467/1/13 4452/1/13
f 4452/1/13 4467/1/13 4468/1/13
f 4452/1/13 4468/1/13 4469/1/13
f 4469/1/13 4470/1/13 4452/1/13
f 4452/1/13 4470/1/13 4471/1/13
f 4452/1/13 4471/1/13 4472/1/13
f 4472/1/13 4473/1/13 4452/1/13
f 4452/1/13 4473/1/13 4474/1/13
f 4452/1/13 4474/1/13 4475/1/13
f 4475/1/13 4476/1/13 4477/1/13
f 4477/1/13 4476/1/13 4478/1/13
f 4477/1/13 4478/1/13 4479/1/13
f 4479/1/13 4480/1/13 4477/1/13
f 4477/1/13 4480/1/13 4481/1/13
f 4477/1/13 4481/1/13 4482/1/13
f 4482/1/13 4483/1/13 4477/1/13
f 4477/1/13 4483/1/13 4484/1/13
f 4477/1/13 4484/1/13 4485/1/13
f 4485/1/13 4486/1/13 4477/1/13
f 4477/1/13 4486/1/13 4487/1/13
f 4477/1/13 4487/1/13 4488/1/13
f 4488/1/13 4489/1/13 4477/1/13
f 4477/1/13 4489/1/13 4490/1/13
f 4477/1/13 4490/1/13 4491/1/13
f 4491/1/13 4492/1/13 4477/1/13
f 4477/1/13 4492/1/13 4493/1/13
f 4477/1/13 4493/1/13 4494/1/13
f 4494/1/13 4495/1/13 4477/1/13
f 4477/1/13 4495/1/13 4496/1/13
f 4477/1/13 4496/1/13 4497/1/13
f 4497/1/13 4498/1/13 4477/1/13
f 4477/1/13 4498/1/13 4499/1/13
f 4477/1/13 4499/1/13 4500/1/13
f 4500/1/13 4501/1/13 4502/1/13
f 4502/1/13 4501/1/13 4503/1/13
f 4502/1/13 4503/1/13 4504/1/13
f 4504/1/13 4505/1/13 4502/1/13
f 4502/1/13 4505/1/13 4506/1/13
f 4502/1/13 4506/1/13 4507/1/13
f 4507/1/13 4508/1/13 4502/1/13
f 4502/1/13 4508/1/13 4509/1/13
f 4502/1/13 4509/1/13 4510/1/13
f 4510/1/13 4511/1/13 4502/1/13
f 4502/1/13 4511/1/13 4512/1/13
f 4502/1/13 4512/1/13 4513/1/13
f 4513/1/13 4514/1/13 4502/1/13
f 4502/1/13 4514/1/13 4515/1/13
f 4502/1/13 4515/1/13 4516/1/13
f 4516/1/13 4517/1/13 4502/1/13
f 4502/1/13 4517/1/13 4518/1/13
f 4502/1/13 4518/1/13 4519/1/13
f 4519/1/13 4520/1/13 4502/1/13
f 4502/1/13 4520/1/13 4521/1/13
f 4502/1/13 4521/1/13 4522/1/13
f 4522/1/13 4523/1/13 4502/1/13
f 4502/1/13 4523/1/13 4524/1/13
f 4502/1/13 4524/1/13 4525/1/13
f 4525/1/13 4526/1/13 4527/1/13
f 4527/1/13 4526/1/13 4528/1/13
f 4527/1/13 4528/1/13 4529/1/13
f 4529/1/13 4530/1/13 4527/1/13
f 4527/1/13 4530/1/13 4531/1/13
f 4527/1/13 4531/1/13 4532/1/13
f 4532/1/13 4533/1/13 4527/1/13
f 4527/1/13 4533/1/13 4534/1/13
f 4527/1/13 4534/1/13 4535/1/13
f 4535/1/13 4536/1/13 4527/1/13
f 4527/1/13 4536/1/13 4537/1/13
f 4527/1/13 4537/1/13 4538/1/13
f 4538/1/13 4539/1/13 4527/1/13
f 4527/1/13 4539/1/13 4540/1/13
f 4527/1/13 4540/1/13 4541/1/13
f 4541/1/13 4542/1/13 4527/1/13
f 4527/1/13 4542/1/13 4543/1/13
f 4527/1/13 4543/1/13 4544/1/13
f 4544/1/13 4545/1/13 4527/1/13
f 4527/1/13 4545/1/13 4546/1/13
f 4527/1/13 4546/1/13 4547/1/13
f 4547/1/13 4548/1/13 4527/1/13
f 4527/1/13 4548/1/13 4549/1/13
f 4527/1/13 4549/1/13 4450/1/13
f 4502/1/19 4445/1/19 4500/1/19
f 4500/1/19 4445/1/19 4443/1/19
f 4500/1/19 4443/1/19 4477/1/19
f 4477/1/20 4443/1/20 4475/1/20
f 4475/1/20 4443/1/20 4441/1/20
f 4475/1/20 4441/1/20 4452/1/20
f 4452/1/17 4441/1/17 4450/1/17
f 4450/1/17 4441/1/17 4439/1/17
f 4450/1/17 4439/1/17 4527/1/17
f 4527/1/18 4439/1/18 4525/1/18
f 4525/1/18 4439/1/18 4445/1/18
f 4525/1/18 4445/1/18 4502/1/18
f 4550/1/486 4551/1/486 4552/1/486
f 4552/1/486 4551/1/486 4553/1/486
f 4552/1/487 4553/1/487 4554/1/487
f 4554/1/487 4553/1/487 4555/1/487
f 4554/1/488 4555/1/488 4556/1/488
f 4556/1/488 4555/1/488 4557/1/488
f 4556/1/489 4557/1/489 4558/1/489
f 4558/1/1845 4557/1/1845 4559/1/1845
f 4558/1/490 4559/1/490 4560/1/490
f 4560/1/490 4559/1/490 4561/1/490
f 4560/1/491 4561/1/491 4562/1/491
f 4562/1/491 4561/1/491 4563/1/491
f 4562/1/492 4563/1/492 4564/1/492
f 4564/1/492 4563/1/492 4565/1/492
f 4564/1/493 4565/1/493 4566/1/493
f 4566/1/493 4565/1/493 4567/1/493
f 4566/1/494 4567/1/494 4568/1/494
f 4568/1/494 4567/1/494 4569/1/494
f 4568/1/495 4569/1/495 4570/1/495
f 4570/1/495 4569/1/495 4571/1/495
f 4570/1/496 4571/1/496 4572/1/496
f 4572/1/496 4571/1/496 4573/1/496
f 4572/1/497 4573/1/497 4574/1/497
f 4574/1/497 4573/1/497 4575/1/497
f 4574/1/1846 4575/1/1846 4576/1/1846
f 4576/1/498 4575/1/498 4577/1/498
f 4576/1/499 4577/1/499 4578/1/499
f 4578/1/499 4577/1/499 4579/1/499
f 4578/1/500 4579/1/500 4580/1/500
f 4580/1/500 4579/1/500 4581/1/500
f 4580/1/501 4581/1/501 4582/1/501
f 4582/1/1847 4581/1/1847 4583/1/1847
f 4582/1/502 4583/1/502 4584/1/502
f 4584/1/502 4583/1/502 4585/1/502
f 4584/1/503 4585/1/503 4586/1/503
f 4586/1/503 4585/1/503 4587/1/503
f 4586/1/504 4587/1/504 4588/1/504
f 4588/1/504 4587/1/504 4589/1/504
f 4588/1/506 4589/1/506 4590/1/506
f 4590/1/506 4589/1/506 4591/1/506
f 4590/1/507 4591/1/507 4592/1/507
f 4592/1/507 4591/1/507 4593/1/507
f 4592/1/508 4593/1/508 4594/1/508
f 4594/1/508 4593/1/508 4595/1/508
f 4594/1/509 4595/1/509 4596/1/509
f 4596/1/509 4595/1/509 4597/1/509
f 4596/1/510 4597/1/510 4598/1/510
f 4598/1/510 4597/1/510 4599/1/510
f 4598/1/511 4599/1/511 4600/1/511
f 4600/1/511 4599/1/511 4601/1/511
f 4600/1/512 4601/1/512 4602/1/512
f 4602/1/512 4601/1/512 4603/1/512
f 4602/1/514 4603/1/514 4604/1/514
f 4604/1/514 4603/1/514 4605/1/514
f 4604/1/515 4605/1/515 4606/1/515
f 4606/1/515 4605/1/515 4607/1/515
f 4606/1/516 4607/1/516 4608/1/516
f 4608/1/516 4607/1/516 4609/1/516
f 4608/1/517 4609/1/517 4610/1/517
f 4610/1/517 4609/1/517 4611/1/517
f 4610/1/518 4611/1/518 4612/1/518
f 4612/1/518 4611/1/518 4613/1/518
f 4612/1/519 4613/1/519 4614/1/519
f 4614/1/519 4613/1/519 4615/1/519
f 4614/1/520 4615/1/520 4616/1/520
f 4616/1/520 4615/1/520 4617/1/520
f 4616/1/521 4617/1/521 4618/1/521
f 4618/1/521 4617/1/521 4619/1/521
f 4618/1/523 4619/1/523 4620/1/523
f 4620/1/522 4619/1/522 4621/1/522
f 4620/1/1848 4621/1/1848 4622/1/1848
f 4622/1/524 4621/1/524 4623/1/524
f 4622/1/525 4623/1/525 4624/1/525
f 4624/1/525 4623/1/525 4625/1/525
f 4624/1/526 4625/1/526 4626/1/526
f 4626/1/526 4625/1/526 4627/1/526
f 4626/1/527 4627/1/527 4628/1/527
f 4628/1/527 4627/1/527 4629/1/527
f 4628/1/528 4629/1/528 4630/1/528
f 4630/1/528 4629/1/528 4631/1/528
f 4630/1/529 4631/1/529 4632/1/529
f 4632/1/1849 4631/1/1849 4633/1/1849
f 4632/1/530 4633/1/530 4634/1/530
f 4634/1/530 4633/1/530 4635/1/530
f 4634/1/531 4635/1/531 4636/1/531
f 4636/1/531 4635/1/531 4637/1/531
f 4636/1/1850 4637/1/1850 4638/1/1850
f 4638/1/532 4637/1/532 4639/1/532
f 4638/1/533 4639/1/533 4640/1/533
f 4640/1/533 4639/1/533 4641/1/533
f 4640/1/534 4641/1/534 4642/1/534
f 4642/1/534 4641/1/534 4643/1/534
f 4642/1/535 4643/1/535 4644/1/535
f 4644/1/535 4643/1/535 4645/1/535
f 4644/1/536 4645/1/536 4646/1/536
f 4646/1/536 4645/1/536 4647/1/536
f 4646/1/537 4647/1/537 4648/1/537
f 4648/1/537 4647/1/537 4649/1/537
f 4648/1/538 4649/1/538 4650/1/538
f 4650/1/538 4649/1/538 4651/1/538
f 4650/1/539 4651/1/539 4652/1/539
f 4652/1/539 4651/1/539 4653/1/539
f 4652/1/540 4653/1/540 4654/1/540
f 4654/1/540 4653/1/540 4655/1/540
f 4654/1/541 4655/1/541 4656/1/541
f 4656/1/541 4655/1/541 4657/1/541
f 4656/1/542 4657/1/542 4658/1/542
f 4658/1/542 4657/1/542 4659/1/542
f 4658/1/543 4659/1/543 4660/1/543
f 4660/1/543 4659/1/543 4661/1/543
f 4660/1/544 4661/1/544 4662/1/544
f 4662/1/544 4661/1/544 4663/1/544
f 4662/1/14 4663/1/14 4664/1/14
f 4664/1/14 4663/1/14 4665/1/14
f 4664/1/545 4665/1/545 4666/1/545
f 4666/1/545 4665/1/545 4667/1/545
f 4666/1/546 4667/1/546 4668/1/546
f 4668/1/546 4667/1/546 4669/1/546
f 4668/1/547 4669/1/547 4670/1/547
f 4670/1/547 4669/1/547 4671/1/547
f 4670/1/548 4671/1/548 4672/1/548
f 4672/1/548 4671/1/548 4673/1/548
f 4672/1/549 4673/1/549 4674/1/549
f 4674/1/549 4673/1/549 4675/1/549
f 4674/1/550 4675/1/550 4676/1/550
f 4676/1/550 4675/1/550 4677/1/550
f 4676/1/1851 4677/1/1851 4678/1/1851
f 4678/1/1851 4677/1/1851 4679/1/1851
f 4678/1/552 4679/1/552 4680/1/552
f 4680/1/552 4679/1/552 4681/1/552
f 4680/1/553 4681/1/553 4682/1/553
f 4682/1/553 4681/1/553 4683/1/553
f 4682/1/554 4683/1/554 4684/1/554
f 4684/1/554 4683/1/554 4685/1/554
f 4684/1/555 4685/1/555 4686/1/555
f 4686/1/555 4685/1/555 4687/1/555
f 4686/1/556 4687/1/556 4688/1/556
f 4688/1/556 4687/1/556 4689/1/556
f 4688/1/557 4689/1/557 4690/1/557
f 4690/1/1852 4689/1/1852 4691/1/1852
f 4690/1/558 4691/1/558 4692/1/558
f 4692/1/558 4691/1/558 4693/1/558
f 4692/1/559 4693/1/559 4694/1/559
f 4694/1/559 4693/1/559 4695/1/559
f 4694/1/560 4695/1/560 4696/1/560
f 4696/1/560 4695/1/560 4697/1/560
f 4696/1/561 4697/1/561 4698/1/561
f 4698/1/561 4697/1/561 4699/1/561
f 4698/1/562 4699/1/562 4700/1/562
f 4700/1/562 4699/1/562 4701/1/562
f 4700/1/563 4701/1/563 4702/1/563
f 4702/1/563 4701/1/563 4703/1/563
f 4702/1/564 4703/1/564 4704/1/564
f 4704/1/564 4703/1/564 4705/1/564
f 4704/1/1853 4705/1/1853 4706/1/1853
f 4706/1/565 4705/1/565 4707/1/565
f 4706/1/566 4707/1/566 4708/1/566
f 4708/1/566 4707/1/566 4709/1/566
f 4708/1/567 4709/1/567 4710/1/567
f 4710/1/567 4709/1/567 4711/1/567
f 4710/1/568 4711/1/568 4712/1/568
f 4712/1/568 4711/1/568 4713/1/568
f 4712/1/569 4713/1/569 4714/1/569
f 4714/1/569 4713/1/569 4715/1/569
f 4714/1/570 4715/1/570 4716/1/570
f 4716/1/570 4715/1/570 4717/1/570
f 4716/1/571 4717/1/571 4718/1/571
f 4718/1/571 4717/1/571 4719/1/571
f 4718/1/572 4719/1/572 4720/1/572
f 4720/1/572 4719/1/572 4721/1/572
f 4720/1/573 4721/1/573 4722/1/573
f 4722/1/573 4721/1/573 4723/1/573
f 4722/1/574 4723/1/574 4724/1/574
f 4724/1/574 4723/1/574 4725/1/574
f 4724/1/575 4725/1/575 4726/1/575
f 4726/1/575 4725/1/575 4727/1/575
f 4726/1/577 4727/1/577 4728/1/577
f 4728/1/577 4727/1/577 4729/1/577
f 4728/1/578 4729/1/578 4730/1/578
f 4730/1/578 4729/1/578 4731/1/578
f 4730/1/579 4731/1/579 4732/1/579
f 4732/1/579 4731/1/579 4733/1/579
f 4732/1/580 4733/1/580 4734/1/580
f 4734/1/580 4733/1/580 4735/1/580
f 4734/1/581 4735/1/581 4736/1/581
f 4736/1/581 4735/1/581 4737/1/581
f 4736/1/582 4737/1/582 4738/1/582
f 4738/1/582 4737/1/582 4739/1/582
f 4738/1/583 4739/1/583 4740/1/583
f 4740/1/583 4739/1/583 4741/1/583
f 4740/1/584 4741/1/584 4742/1/584
f 4742/1/584 4741/1/584 4743/1/584
f 4742/1/585 4743/1/585 4744/1/585
f 4744/1/585 4743/1/585 4745/1/585
f 4744/1/1854 4745/1/1854 4746/1/1854
f 4746/1/586 4745/1/586 4747/1/586
f 4746/1/587 4747/1/587 4748/1/587
f 4748/1/587 4747/1/587 4749/1/587
f 4748/1/588 4749/1/588 4750/1/588
f 4750/1/588 4749/1/588 4751/1/588
f 4750/1/589 4751/1/589 4752/1/589
f 4752/1/1855 4751/1/1855 4753/1/1855
f 4752/1/590 4753/1/590 4754/1/590
f 4754/1/590 4753/1/590 4755/1/590
f 4754/1/591 4755/1/591 4756/1/591
f 4756/1/591 4755/1/591 4757/1/591
f 4756/1/592 4757/1/592 4758/1/592
f 4758/1/592 4757/1/592 4759/1/592
f 4758/1/593 4759/1/593 4760/1/593
f 4760/1/593 4759/1/593 4761/1/593
f 4760/1/594 4761/1/594 4762/1/594
f 4762/1/594 4761/1/594 4763/1/594
f 4762/1/595 4763/1/595 4764/1/595
f 4764/1/595 4763/1/595 4765/1/595
f 4764/1/596 4765/1/596 4766/1/596
f 4766/1/596 4765/1/596 4767/1/596
f 4766/1/597 4767/1/597 4768/1/597
f 4768/1/597 4767/1/597 4769/1/597
f 4768/1/598 4769/1/598 4770/1/598
f 4770/1/1856 4769/1/1856 4771/1/1856
f 4770/1/599 4771/1/599 4550/1/599
f 4550/1/599 4771/1/599 4551/1/599
f 4772/1/15 4550/1/15 4773/1/15
f 4773/1/15 4550/1/15 4552/1/15
f 4773/1/15 4552/1/15 4554/1/15
f 4550/1/15 4772/1/15 4770/1/15
f 4770/1/15 4772/1/15 4774/1/15
f 4770/1/15 4774/1/15 4768/1/15
f 4768/1/15 4774/1/15 4775/1/15
f 4768/1/15 4775/1/15 4766/1/15
f 4766/1/15 4775/1/15 4776/1/15
f 4766/1/15 4776/1/15 4764/1/15
f 4764/1/15 4776/1/15 4777/1/15
f 4764/1/15 4777/1/15 4762/1/15
f 4762/1/15 4777/1/15 4778/1/15
f 4762/1/15 4778/1/15 4760/1/15
f 4760/1/15 4778/1/15 4758/1/15
f 4758/1/15 4778/1/15 4779/1/15
f 4758/1/15 4779/1/15 4756/1/15
f 4756/1/15 4779/1/15 4780/1/15
f 4756/1/15 4780/1/15 4754/1/15
f 4754/1/15 4780/1/15 4781/1/15
f 4754/1/15 4781/1/15 4752/1/15
f 4752/1/15 4781/1/15 4782/1/15
f 4752/1/15 4782/1/15 4750/1/15
f 4750/1/15 4782/1/15 4783/1/15
f 4750/1/15 4783/1/15 4748/1/15
f 4748/1/15 4783/1/15 4784/1/15
f 4748/1/15 4784/1/15 4746/1/15
f 4746/1/15 4784/1/15 4744/1/15
f 4744/1/15 4784/1/15 4785/1/15
f 4744/1/15 4785/1/15 4742/1/15
f 4742/1/15 4785/1/15 4786/1/15
f 4742/1/15 4786/1/15 4740/1/15
f 4740/1/15 4786/1/15 4787/1/15
f 4740/1/15 4787/1/15 4738/1/15
f 4738/1/15 4787/1/15 4788/1/15
f 4738/1/15 4788/1/15 4736/1/15
f 4736/1/15 4788/1/15 4789/1/15
f 4736/1/15 4789/1/15 4734/1/15
f 4734/1/15 4789/1/15 4790/1/15
f 4734/1/15 4790/1/15 4732/1/15
f 4732/1/15 4790/1/15 4730/1/15
f 4730/1/15 4790/1/15 4791/1/15
f 4730/1/15 4791/1/15 4728/1/15
f 4728/1/15 4791/1/15 4792/1/15
f 4728/1/15 4792/1/15 4726/1/15
f 4726/1/15 4792/1/15 4793/1/15
f 4726/1/15 4793/1/15 4724/1/15
f 4724/1/15 4793/1/15 4794/1/15
f 4724/1/15 4794/1/15 4722/1/15
f 4722/1/15 4794/1/15 4795/1/15
f 4722/1/15 4795/1/15 4720/1/15
f 4720/1/15 4795/1/15 4796/1/15
f 4720/1/15 4796/1/15 4718/1/15
f 4718/1/15 4796/1/15 4716/1/15
f 4716/1/15 4796/1/15 4797/1/15
f 4716/1/15 4797/1/15 4714/1/15
f 4714/1/15 4797/1/15 4798/1/15
f 4714/1/15 4798/1/15 4712/1/15
f 4712/1/15 4798/1/15 4799/1/15
f 4712/1/15 4799/1/15 4710/1/15
f 4710/1/15 4799/1/15 4800/1/15
f 4710/1/15 4800/1/15 4708/1/15
f 4708/1/15 4800/1/15 4801/1/15
f 4708/1/15 4801/1/15 4706/1/15
f 4706/1/15 4801/1/15 4802/1/15
f 4706/1/15 4802/1/15 4704/1/15
f 4704/1/15 4802/1/15 4702/1/15
f 4702/1/15 4802/1/15 4803/1/15
f 4702/1/15 4803/1/15 4700/1/15
f 4700/1/15 4803/1/15 4804/1/15
f 4700/1/15 4804/1/15 4698/1/15
f 4698/1/15 4804/1/15 4805/1/15
f 4698/1/15 4805/1/15 4696/1/15
f 4696/1/15 4805/1/15 4806/1/15
f 4696/1/15 4806/1/15 4694/1/15
f 4694/1/15 4806/1/15 4807/1/15
f 4694/1/15 4807/1/15 4692/1/15
f 4692/1/15 4807/1/15 4808/1/15
f 4692/1/15 4808/1/15 4690/1/15
f 4690/1/15 4808/1/15 4688/1/15
f 4688/1/15 4808/1/15 4809/1/15
f 4688/1/15 4809/1/15 4686/1/15
f 4686/1/15 4809/1/15 4810/1/15
f 4686/1/15 4810/1/15 4684/1/15
f 4684/1/15 4810/1/15 4811/1/15
f 4684/1/15 4811/1/15 4682/1/15
f 4682/1/15 4811/1/15 4812/1/15
f 4682/1/15 4812/1/15 4680/1/15
f 4680/1/15 4812/1/15 4813/1/15
f 4680/1/15 4813/1/15 4678/1/15
f 4678/1/15 4813/1/15 4814/1/15
f 4678/1/15 4814/1/15 4676/1/15
f 4676/1/15 4814/1/15 4674/1/15
f 4674/1/15 4814/1/15 4815/1/15
f 4674/1/15 4815/1/15 4672/1/15
f 4672/1/15 4815/1/15 4816/1/15
f 4672/1/15 4816/1/15 4670/1/15
f 4670/1/15 4816/1/15 4817/1/15
f 4670/1/15 4817/1/15 4668/1/15
f 4668/1/15 4817/1/15 4818/1/15
f 4668/1/15 4818/1/15 4666/1/15
f 4666/1/15 4818/1/15 4819/1/15
f 4666/1/15 4819/1/15 4664/1/15
f 4664/1/15 4819/1/15 4662/1/15
f 4662/1/15 4819/1/15 4820/1/15
f 4662/1/15 4820/1/15 4660/1/15
f 4660/1/15 4820/1/15 4821/1/15
f 4660/1/15 4821/1/15 4658/1/15
f 4658/1/15 4821/1/15 4822/1/15
f 4658/1/15 4822/1/15 4656/1/15
f 4656/1/15 4822/1/15 4823/1/15
f 4656/1/15 4823/1/15 4654/1/15
f 4654/1/15 4823/1/15 4824/1/15
f 4654/1/15 4824/1/15 4652/1/15
f 4652/1/15 4824/1/15 4825/1/15
f 4652/1/15 4825/1/15 4650/1/15
f 4650/1/15 4825/1/15 4648/1/15
f 4648/1/15 4825/1/15 4826/1/15
f 4648/1/15 4826/1/15 4646/1/15
f 4646/1/15 4826/1/15 4827/1/15
f 4646/1/15 4827/1/15 4644/1/15
f 4644/1/15 4827/1/15 4828/1/15
f 4644/1/15 4828/1/15 4642/1/15
f 4642/1/15 4828/1/15 4829/1/15
f 4642/1/15 4829/1/15 4640/1/15
f 4640/1/15 4829/1/15 4830/1/15
f 4640/1/15 4830/1/15 4638/1/15
f 4638/1/15 4830/1/15 4831/1/15
f 4638/1/15 4831/1/15 4636/1/15
f 4636/1/15 4831/1/15 4634/1/15
f 4634/1/15 4831/1/15 4832/1/15
f 4634/1/15 4832/1/15 4632/1/15
f 4632/1/15 4832/1/15 4833/1/15
f 4632/1/15 4833/1/15 4630/1/15
f 4630/1/15 4833/1/15 4834/1/15
f 4630/1/15 4834/1/15 4628/1/15
f 4628/1/15 4834/1/15 4835/1/15
f 4628/1/15 4835/1/15 4626/1/15
f 4626/1/15 4835/1/15 4836/1/15
f 4626/1/15 4836/1/15 4624/1/15
f 4624/1/15 4836/1/15 4837/1/15
f 4624/1/15 4837/1/15 4622/1/15
f 4622/1/15 4837/1/15 4620/1/15
f 4620/1/15 4837/1/15 4838/1/15
f 4620/1/15 4838/1/15 4618/1/15
f 4618/1/15 4838/1/15 4839/1/15
f 4618/1/15 4839/1/15 4616/1/15
f 4616/1/15 4839/1/15 4840/1/15
f 4616/1/15 4840/1/15 4614/1/15
f 4614/1/15 4840/1/15 4841/1/15
f 4614/1/15 4841/1/15 4612/1/15
f 4612/1/15 4841/1/15 4842/1/15
f 4612/1/15 4842/1/15 4610/1/15
f 4610/1/15 4842/1/15 4843/1/15
f 4610/1/15 4843/1/15 4608/1/15
f 4608/1/15 4843/1/15 4606/1/15
f 4606/1/15 4843/1/15 4844/1/15
f 4606/1/15 4844/1/15 4604/1/15
f 4604/1/15 4844/1/15 4845/1/15
f 4604/1/15 4845/1/15 4602/1/15
f 4602/1/15 4845/1/15 4846/1/15
f 4602/1/15 4846/1/15 4600/1/15
f 4600/1/15 4846/1/15 4847/1/15
f 4600/1/15 4847/1/15 4598/1/15
f 4598/1/15 4847/1/15 4848/1/15
f 4598/1/15 4848/1/15 4596/1/15
f 4596/1/15 4848/1/15 4849/1/15
f 4596/1/15 4849/1/15 4594/1/15
f 4594/1/15 4849/1/15 4592/1/15
f 4592/1/15 4849/1/15 4850/1/15
f 4592/1/15 4850/1/15 4590/1/15
f 4590/1/15 4850/1/15 4851/1/15
f 4590/1/15 4851/1/15 4588/1/15
f 4588/1/15 4851/1/15 4852/1/15
f 4588/1/15 4852/1/15 4586/1/15
f 4586/1/15 4852/1/15 4853/1/15
f 4586/1/15 4853/1/15 4584/1/15
f 4584/1/15 4853/1/15 4854/1/15
f 4584/1/15 4854/1/15 4582/1/15
f 4582/1/15 4854/1/15 4855/1/15
f 4582/1/15 4855/1/15 4580/1/15
f 4580/1/15 4855/1/15 4578/1/15
f 4578/1/15 4855/1/15 4856/1/15
f 4578/1/15 4856/1/15 4576/1/15
f 4576/1/15 4856/1/15 4857/1/15
f 4576/1/15 4857/1/15 4574/1/15
f 4574/1/15 4857/1/15 4858/1/15
f 4574/1/15 4858/1/15 4572/1/15
f 4572/1/15 4858/1/15 4859/1/15
f 4572/1/15 4859/1/15 4570/1/15
f 4570/1/15 4859/1/15 4860/1/15
f 4570/1/15 4860/1/15 4568/1/15
f 4568/1/15 4860/1/15 4861/1/15
f 4568/1/15 4861/1/15 4566/1/15
f 4566/1/15 4861/1/15 4564/1/15
f 4564/1/15 4861/1/15 4862/1/15
f 4564/1/15 4862/1/15 4562/1/15
f 4562/1/15 4862/1/15 4863/1/15
f 4562/1/15 4863/1/15 4560/1/15
f 4560/1/15 4863/1/15 4864/1/15
f 4560/1/15 4864/1/15 4558/1/15
f 4558/1/15 4864/1/15 4865/1/15
f 4558/1/15 4865/1/15 4556/1/15
f 4556/1/15 4865/1/15 4866/1/15
f 4556/1/15 4866/1/15 4554/1/15
f 4554/1/15 4866/1/15 4773/1/15
f 4425/1/600 4867/1/600 4424/1/600
f 4424/1/601 4867/1/601 4868/1/601
f 4424/1/602 4868/1/602 4423/1/602
f 4423/1/603 4868/1/603 4869/1/603
f 4423/1/475 4869/1/475 4422/1/475
f 4422/1/476 4869/1/476 4421/1/476
f 4421/1/604 4869/1/604 4870/1/604
f 4421/1/605 4870/1/605 4420/1/605
f 4420/1/606 4870/1/606 4871/1/606
f 4420/1/607 4871/1/607 4419/1/607
f 4419/1/608 4871/1/608 4872/1/608
f 4419/1/609 4872/1/609 4418/1/609
f 4418/1/610 4872/1/610 4873/1/610
f 4418/1/611 4873/1/611 4417/1/611
f 4417/1/612 4873/1/612 4874/1/612
f 4417/1/613 4874/1/613 4416/1/613
f 4416/1/614 4874/1/614 4875/1/614
f 4416/1/615 4875/1/615 4415/1/615
f 4415/1/616 4875/1/616 4876/1/616
f 4415/1/617 4876/1/617 4414/1/617
f 4414/1/618 4876/1/618 4877/1/618
f 4414/1/619 4877/1/619 4413/1/619
f 4413/1/620 4877/1/620 4878/1/620
f 4413/1/621 4878/1/621 4412/1/621
f 4412/1/1857 4878/1/1857 4879/1/1857
f 4412/1/623 4879/1/623 4880/1/623
f 4880/1/624 4879/1/624 4881/1/624
f 4880/1/624 4881/1/624 4882/1/624
f 4882/1/625 4881/1/625 4883/1/625
f 4882/1/626 4883/1/626 4484/1/626
f 4484/1/627 4883/1/627 4485/1/627
f 4485/1/628 4883/1/628 4884/1/628
f 4485/1/629 4884/1/629 4486/1/629
f 4486/1/630 4884/1/630 4885/1/630
f 4486/1/631 4885/1/631 4487/1/631
f 4487/1/632 4885/1/632 4886/1/632
f 4487/1/633 4886/1/633 4488/1/633
f 4488/1/634 4886/1/634 4887/1/634
f 4488/1/635 4887/1/635 4489/1/635
f 4489/1/636 4887/1/636 4888/1/636
f 4489/1/637 4888/1/637 4490/1/637
f 4490/1/638 4888/1/638 4889/1/638
f 4490/1/639 4889/1/639 4491/1/639
f 4491/1/640 4889/1/640 4890/1/640
f 4491/1/1858 4890/1/1858 4492/1/1858
f 4492/1/642 4890/1/642 4891/1/642
f 4492/1/643 4891/1/643 4493/1/643
f 4493/1/644 4891/1/644 4892/1/644
f 4493/1/645 4892/1/645 4494/1/645
f 4494/1/646 4892/1/646 4893/1/646
f 4494/1/647 4893/1/647 4495/1/647
f 4495/1/648 4893/1/648 4894/1/648
f 4495/1/649 4894/1/649 4496/1/649
f 4496/1/650 4894/1/650 4895/1/650
f 4496/1/651 4895/1/651 4497/1/651
f 4497/1/652 4895/1/652 4896/1/652
f 4497/1/653 4896/1/653 4498/1/653
f 4498/1/654 4896/1/654 4897/1/654
f 4498/1/655 4897/1/655 4499/1/655
f 4499/1/656 4897/1/656 4898/1/656
f 4499/1/657 4898/1/657 4500/1/657
f 4500/1/658 4898/1/658 4899/1/658
f 4500/1/659 4899/1/659 4501/1/659
f 4501/1/660 4899/1/660 4900/1/660
f 4501/1/661 4900/1/661 4503/1/661
f 4503/1/662 4900/1/662 4901/1/662
f 4503/1/663 4901/1/663 4504/1/663
f 4504/1/664 4901/1/664 4902/1/664
f 4504/1/665 4902/1/665 4505/1/665
f 4505/1/666 4902/1/666 4903/1/666
f 4505/1/667 4903/1/667 4506/1/667
f 4506/1/668 4903/1/668 4904/1/668
f 4506/1/669 4904/1/669 4507/1/669
f 4507/1/670 4904/1/670 4905/1/670
f 4507/1/671 4905/1/671 4508/1/671
f 4508/1/672 4905/1/672 4906/1/672
f 4508/1/673 4906/1/673 4509/1/673
f 4509/1/674 4906/1/674 4907/1/674
f 4509/1/675 4907/1/675 4510/1/675
f 4510/1/676 4907/1/676 4908/1/676
f 4510/1/677 4908/1/677 4511/1/677
f 4511/1/678 4908/1/678 4909/1/678
f 4511/1/679 4909/1/679 4512/1/679
f 4512/1/680 4909/1/680 4910/1/680
f 4512/1/681 4910/1/681 4513/1/681
f 4513/1/682 4910/1/682 4911/1/682
f 4513/1/683 4911/1/683 4514/1/683
f 4514/1/684 4911/1/684 4912/1/684
f 4514/1/685 4912/1/685 4515/1/685
f 4515/1/686 4912/1/686 4913/1/686
f 4515/1/687 4913/1/687 4516/1/687
f 4516/1/688 4913/1/688 4914/1/688
f 4516/1/689 4914/1/689 4517/1/689
f 4517/1/690 4914/1/690 4915/1/690
f 4517/1/691 4915/1/691 4518/1/691
f 4518/1/692 4915/1/692 4916/1/692
f 4518/1/693 4916/1/693 4519/1/693
f 4519/1/694 4916/1/694 4917/1/694
f 4519/1/473 4917/1/473 4520/1/473
f 4520/1/695 4917/1/695 4918/1/695
f 4520/1/471 4918/1/471 4521/1/471
f 4521/1/696 4918/1/696 4919/1/696
f 4521/1/469 4919/1/469 4522/1/469
f 4522/1/697 4919/1/697 4920/1/697
f 4522/1/467 4920/1/467 4523/1/467
f 4523/1/698 4920/1/698 4921/1/698
f 4523/1/465 4921/1/465 4524/1/465
f 4524/1/699 4921/1/699 4922/1/699
f 4524/1/449 4922/1/449 4525/1/449
f 4525/1/700 4922/1/700 4923/1/700
f 4525/1/450 4923/1/450 4526/1/450
f 4526/1/701 4923/1/701 4924/1/701
f 4526/1/451 4924/1/451 4528/1/451
f 4528/1/702 4924/1/702 4925/1/702
f 4528/1/453 4925/1/453 4529/1/453
f 4529/1/703 4925/1/703 4926/1/703
f 4529/1/455 4926/1/455 4530/1/455
f 4530/1/704 4926/1/704 4927/1/704
f 4530/1/457 4927/1/457 4531/1/457
f 4531/1/705 4927/1/705 4928/1/705
f 4531/1/706 4928/1/706 4532/1/706
f 4532/1/707 4928/1/707 4929/1/707
f 4532/1/708 4929/1/708 4533/1/708
f 4533/1/709 4929/1/709 4930/1/709
f 4533/1/710 4930/1/710 4534/1/710
f 4534/1/711 4930/1/711 4931/1/711
f 4534/1/712 4931/1/712 4535/1/712
f 4535/1/713 4931/1/713 4932/1/713
f 4535/1/1859 4932/1/1859 4536/1/1859
f 4536/1/715 4932/1/715 4933/1/715
f 4536/1/716 4933/1/716 4537/1/716
f 4537/1/717 4933/1/717 4934/1/717
f 4537/1/718 4934/1/718 4538/1/718
f 4538/1/719 4934/1/719 4935/1/719
f 4538/1/720 4935/1/720 4539/1/720
f 4539/1/721 4935/1/721 4936/1/721
f 4539/1/722 4936/1/722 4540/1/722
f 4540/1/723 4936/1/723 4937/1/723
f 4540/1/724 4937/1/724 4541/1/724
f 4541/1/725 4937/1/725 4938/1/725
f 4541/1/726 4938/1/726 4542/1/726
f 4542/1/1860 4938/1/1860 4939/1/1860
f 4542/1/728 4939/1/728 4543/1/728
f 4543/1/729 4939/1/729 4940/1/729
f 4543/1/730 4940/1/730 4544/1/730
f 4544/1/731 4940/1/731 4941/1/731
f 4544/1/732 4941/1/732 4545/1/732
f 4545/1/1861 4941/1/1861 4942/1/1861
f 4545/1/734 4942/1/734 4546/1/734
f 4546/1/735 4942/1/735 4943/1/735
f 4546/1/736 4943/1/736 4547/1/736
f 4547/1/737 4943/1/737 4944/1/737
f 4547/1/738 4944/1/738 4548/1/738
f 4548/1/739 4944/1/739 4945/1/739
f 4548/1/740 4945/1/740 4549/1/740
f 4549/1/797 4945/1/797 4946/1/797
f 4549/1/742 4946/1/742 4450/1/742
f 4450/1/743 4946/1/743 4451/1/743
f 4451/1/796 4946/1/796 4947/1/796
f 4451/1/745 4947/1/745 4453/1/745
f 4453/1/746 4947/1/746 4948/1/746
f 4453/1/747 4948/1/747 4454/1/747
f 4454/1/748 4948/1/748 4949/1/748
f 4454/1/749 4949/1/749 4455/1/749
f 4455/1/750 4949/1/750 4950/1/750
f 4455/1/751 4950/1/751 4456/1/751
f 4456/1/1862 4950/1/1862 4951/1/1862
f 4456/1/753 4951/1/753 4457/1/753
f 4457/1/754 4951/1/754 4952/1/754
f 4457/1/755 4952/1/755 4458/1/755
f 4458/1/756 4952/1/756 4953/1/756
f 4458/1/757 4953/1/757 4459/1/757
f 4459/1/1863 4953/1/1863 4954/1/1863
f 4459/1/759 4954/1/759 4460/1/759
f 4460/1/760 4954/1/760 4955/1/760
f 4460/1/1864 4955/1/1864 4461/1/1864
f 4461/1/762 4955/1/762 4956/1/762
f 4461/1/763 4956/1/763 4462/1/763
f 4462/1/1865 4956/1/1865 4957/1/1865
f 4462/1/765 4957/1/765 4463/1/765
f 4463/1/766 4957/1/766 4958/1/766
f 4463/1/767 4958/1/767 4464/1/767
f 4464/1/768 4958/1/768 4959/1/768
f 4464/1/769 4959/1/769 4465/1/769
f 4465/1/770 4959/1/770 4960/1/770
f 4465/1/1866 4960/1/1866 4466/1/1866
f 4466/1/772 4960/1/772 4961/1/772
f 4466/1/773 4961/1/773 4467/1/773
f 4467/1/1867 4961/1/1867 4962/1/1867
f 4467/1/775 4962/1/775 4468/1/775
f 4468/1/1868 4962/1/1868 4963/1/1868
f 4468/1/777 4963/1/777 4469/1/777
f 4469/1/778 4963/1/778 4964/1/778
f 4469/1/779 4964/1/779 4965/1/779
f 4965/1/780 4964/1/780 4966/1/780
f 4965/1/780 4966/1/780 4867/1/780
f 4867/1/781 4966/1/781 4967/1/781
f 4867/1/781 4967/1/781 4968/1/781
f 4968/1/782 4967/1/782 4969/1/782
f 4968/1/1869 4969/1/1869 4851/1/1869
f 4851/1/1870 4969/1/1870 4852/1/1870
f 4852/1/783 4969/1/783 4970/1/783
f 4852/1/784 4970/1/784 4853/1/784
f 4853/1/784 4970/1/784 4971/1/784
f 4853/1/785 4971/1/785 4854/1/785
f 4854/1/785 4971/1/785 4972/1/785
f 4854/1/786 4972/1/786 4855/1/786
f 4855/1/786 4972/1/786 4973/1/786
f 4855/1/787 4973/1/787 4856/1/787
f 4856/1/787 4973/1/787 4974/1/787
f 4856/1/788 4974/1/788 4857/1/788
f 4857/1/788 4974/1/788 4975/1/788
f 4857/1/789 4975/1/789 4858/1/789
f 4858/1/789 4975/1/789 4976/1/789
f 4858/1/790 4976/1/790 4859/1/790
f 4859/1/790 4976/1/790 4977/1/790
f 4859/1/791 4977/1/791 4860/1/791
f 4860/1/791 4977/1/791 4978/1/791
f 4860/1/792 4978/1/792 4861/1/792
f 4861/1/792 4978/1/792 4979/1/792
f 4861/1/793 4979/1/793 4862/1/793
f 4862/1/793 4979/1/793 4980/1/793
f 4862/1/794 4980/1/794 4863/1/794
f 4863/1/1871 4980/1/1871 4981/1/1871
f 4863/1/795 4981/1/795 4864/1/795
f 4864/1/795 4981/1/795 4982/1/795
f 4864/1/748 4982/1/748 4865/1/748
f 4865/1/748 4982/1/748 4983/1/748
f 4865/1/746 4983/1/746 4866/1/746
f 4866/1/746 4983/1/746 4984/1/746
f 4866/1/796 4984/1/796 4773/1/796
f 4773/1/796 4984/1/796 4985/1/796
f 4773/1/797 4985/1/797 4772/1/797
f 4772/1/797 4985/1/797 4986/1/797
f 4772/1/739 4986/1/739 4774/1/739
f 4774/1/739 4986/1/739 4987/1/739
f 4774/1/737 4987/1/737 4775/1/737
f 4775/1/737 4987/1/737 4988/1/737
f 4775/1/798 4988/1/798 4776/1/798
f 4776/1/798 4988/1/798 4989/1/798
f 4776/1/1872 4989/1/1872 4777/1/1872
f 4777/1/799 4989/1/799 4990/1/799
f 4777/1/800 4990/1/800 4778/1/800
f 4778/1/800 4990/1/800 4991/1/800
f 4778/1/801 4991/1/801 4779/1/801
f 4779/1/801 4991/1/801 4992/1/801
f 4779/1/802 4992/1/802 4780/1/802
f 4780/1/1873 4992/1/1873 4993/1/1873
f 4780/1/803 4993/1/803 4781/1/803
f 4781/1/803 4993/1/803 4994/1/803
f 4781/1/804 4994/1/804 4782/1/804
f 4782/1/804 4994/1/804 4995/1/804
f 4782/1/805 4995/1/805 4783/1/805
f 4783/1/805 4995/1/805 4996/1/805
f 4783/1/806 4996/1/806 4784/1/806
f 4784/1/806 4996/1/806 4997/1/806
f 4784/1/807 4997/1/807 4785/1/807
f 4785/1/807 4997/1/807 4998/1/807
f 4785/1/808 4998/1/808 4786/1/808
f 4786/1/808 4998/1/808 4999/1/808
f 4786/1/809 4999/1/809 4787/1/809
f 4787/1/809 4999/1/809 5000/1/809
f 4787/1/810 5000/1/810 4788/1/810
f 4788/1/810 5000/1/810 5001/1/810
f 4788/1/811 5001/1/811 4789/1/811
f 4789/1/811 5001/1/811 5002/1/811
f 4789/1/812 5002/1/812 4790/1/812
f 4790/1/812 5002/1/812 5003/1/812
f 4790/1/813 5003/1/813 4791/1/813
f 4791/1/813 5003/1/813 5004/1/813
f 4791/1/814 5004/1/814 4792/1/814
f 4792/1/814 5004/1/814 5005/1/814
f 4792/1/815 5005/1/815 4793/1/815
f 4793/1/815 5005/1/815 5006/1/815
f 4793/1/816 5006/1/816 4794/1/816
f 4794/1/816 5006/1/816 5007/1/816
f 4794/1/817 5007/1/817 4795/1/817
f 4795/1/817 5007/1/817 5008/1/817
f 4795/1/818 5008/1/818 4796/1/818
f 4796/1/818 5008/1/818 5009/1/818
f 4796/1/819 5009/1/819 4797/1/819
f 4797/1/819 5009/1/819 5010/1/819
f 4797/1/820 5010/1/820 4798/1/820
f 4798/1/820 5010/1/820 5011/1/820
f 4798/1/821 5011/1/821 4799/1/821
f 4799/1/821 5011/1/821 5012/1/821
f 4799/1/822 5012/1/822 4800/1/822
f 4800/1/822 5012/1/822 5013/1/822
f 4800/1/823 5013/1/823 4801/1/823
f 4801/1/823 5013/1/823 5014/1/823
f 4801/1/824 5014/1/824 4802/1/824
f 4802/1/824 5014/1/824 5015/1/824
f 4802/1/826 5015/1/826 4803/1/826
f 4803/1/826 5015/1/826 5016/1/826
f 4803/1/827 5016/1/827 4804/1/827
f 4804/1/827 5016/1/827 5017/1/827
f 4804/1/828 5017/1/828 4805/1/828
f 4805/1/828 5017/1/828 5018/1/828
f 4805/1/829 5018/1/829 4806/1/829
f 4806/1/829 5018/1/829 5019/1/829
f 4806/1/830 5019/1/830 4807/1/830
f 4807/1/830 5019/1/830 5020/1/830
f 4807/1/831 5020/1/831 4808/1/831
f 4808/1/831 5020/1/831 5021/1/831
f 4808/1/832 5021/1/832 4809/1/832
f 4809/1/832 5021/1/832 5022/1/832
f 4809/1/833 5022/1/833 4810/1/833
f 4810/1/1874 5022/1/1874 5023/1/1874
f 4810/1/834 5023/1/834 4811/1/834
f 4811/1/834 5023/1/834 5024/1/834
f 4811/1/835 5024/1/835 4812/1/835
f 4812/1/835 5024/1/835 5025/1/835
f 4812/1/836 5025/1/836 4813/1/836
f 4813/1/836 5025/1/836 5026/1/836
f 4813/1/837 5026/1/837 4814/1/837
f 4814/1/837 5026/1/837 5027/1/837
f 4814/1/838 5027/1/838 4815/1/838
f 4815/1/838 5027/1/838 5028/1/838
f 4815/1/839 5028/1/839 4816/1/839
f 4816/1/839 5028/1/839 5029/1/839
f 4816/1/840 5029/1/840 4817/1/840
f 4817/1/840 5029/1/840 5030/1/840
f 4817/1/841 5030/1/841 4818/1/841
f 4818/1/841 5030/1/841 5031/1/841
f 4818/1/842 5031/1/842 4819/1/842
f 4819/1/842 5031/1/842 5032/1/842
f 4819/1/14 5032/1/14 4820/1/14
f 4820/1/14 5032/1/14 5033/1/14
f 4820/1/843 5033/1/843 4821/1/843
f 4821/1/843 5033/1/843 5034/1/843
f 4821/1/844 5034/1/844 4822/1/844
f 4822/1/844 5034/1/844 5035/1/844
f 4822/1/845 5035/1/845 4823/1/845
f 4823/1/845 5035/1/845 5036/1/845
f 4823/1/846 5036/1/846 4824/1/846
f 4824/1/846 5036/1/846 5037/1/846
f 4824/1/847 5037/1/847 4825/1/847
f 4825/1/847 5037/1/847 5038/1/847
f 4825/1/848 5038/1/848 4826/1/848
f 4826/1/848 5038/1/848 5039/1/848
f 4826/1/849 5039/1/849 4827/1/849
f 4827/1/849 5039/1/849 5040/1/849
f 4827/1/1875 5040/1/1875 4828/1/1875
f 4828/1/850 5040/1/850 5041/1/850
f 4828/1/851 5041/1/851 4829/1/851
f 4829/1/851 5041/1/851 5042/1/851
f 4829/1/1876 5042/1/1876 4830/1/1876
f 4830/1/852 5042/1/852 5043/1/852
f 4830/1/853 5043/1/853 4831/1/853
f 4831/1/853 5043/1/853 5044/1/853
f 4831/1/854 5044/1/854 4832/1/854
f 4832/1/854 5044/1/854 5045/1/854
f 4832/1/855 5045/1/855 4833/1/855
f 4833/1/855 5045/1/855 5046/1/855
f 4833/1/856 5046/1/856 4834/1/856
f 4834/1/856 5046/1/856 5047/1/856
f 4834/1/1877 5047/1/1877 4835/1/1877
f 4835/1/857 5047/1/857 5048/1/857
f 4835/1/625 5048/1/625 4836/1/625
f 4836/1/625 5048/1/625 5049/1/625
f 4836/1/624 5049/1/624 4837/1/624
f 4837/1/624 5049/1/624 5050/1/624
f 4837/1/1878 5050/1/1878 4838/1/1878
f 4838/1/858 5050/1/858 5051/1/858
f 4838/1/859 5051/1/859 4839/1/859
f 4839/1/859 5051/1/859 5052/1/859
f 4839/1/860 5052/1/860 4840/1/860
f 4840/1/860 5052/1/860 5053/1/860
f 4840/1/861 5053/1/861 4841/1/861
f 4841/1/861 5053/1/861 5054/1/861
f 4841/1/862 5054/1/862 4842/1/862
f 4842/1/862 5054/1/862 5055/1/862
f 4842/1/863 5055/1/863 4843/1/863
f 4843/1/863 5055/1/863 5056/1/863
f 4843/1/864 5056/1/864 4844/1/864
f 4844/1/864 5056/1/864 5057/1/864
f 4844/1/865 5057/1/865 4845/1/865
f 4845/1/865 5057/1/865 5058/1/865
f 4845/1/866 5058/1/866 4846/1/866
f 4846/1/866 5058/1/866 5059/1/866
f 4846/1/867 5059/1/867 4847/1/867
f 4847/1/867 5059/1/867 5060/1/867
f 4847/1/868 5060/1/868 4848/1/868
f 4848/1/869 5060/1/869 5061/1/869
f 4848/1/870 5061/1/870 4849/1/870
f 4849/1/870 5061/1/870 5062/1/870
f 4849/1/781 5062/1/781 4850/1/781
f 4850/1/781 5062/1/781 4968/1/781
f 4850/1/782 4968/1/782 4851/1/782
f 4426/1/871 5063/1/871 4425/1/871
f 4425/1/872 5063/1/872 4965/1/872
f 4425/1/1879 4965/1/1879 4867/1/1879
f 5063/1/874 4426/1/874 5064/1/874
f 5064/1/475 4426/1/475 4427/1/475
f 5064/1/476 4427/1/476 4428/1/476
f 5064/1/875 4428/1/875 5065/1/875
f 5065/1/876 4428/1/876 4429/1/876
f 5065/1/877 4429/1/877 5066/1/877
f 5066/1/878 4429/1/878 4430/1/878
f 5066/1/879 4430/1/879 5067/1/879
f 5067/1/880 4430/1/880 4431/1/880
f 5067/1/881 4431/1/881 5068/1/881
f 5068/1/882 4431/1/882 4432/1/882
f 5068/1/883 4432/1/883 5069/1/883
f 5069/1/884 4432/1/884 4433/1/884
f 5069/1/885 4433/1/885 5070/1/885
f 5070/1/886 4433/1/886 4434/1/886
f 5070/1/887 4434/1/887 5071/1/887
f 5071/1/888 4434/1/888 4435/1/888
f 5071/1/889 4435/1/889 5072/1/889
f 5072/1/890 4435/1/890 4436/1/890
f 5072/1/891 4436/1/891 5073/1/891
f 5073/1/892 4436/1/892 4437/1/892
f 5073/1/1880 4437/1/1880 5074/1/1880
f 5074/1/623 4437/1/623 4880/1/623
f 5074/1/624 4880/1/624 4882/1/624
f 4437/1/623 4412/1/623 4880/1/623
f 4474/1/240 5067/1/240 4475/1/240
f 4475/1/610 5067/1/610 5068/1/610
f 4475/1/242 5068/1/242 4476/1/242
f 4476/1/612 5068/1/612 5069/1/612
f 4476/1/244 5069/1/244 4478/1/244
f 4478/1/894 5069/1/894 5070/1/894
f 4478/1/246 5070/1/246 4479/1/246
f 4479/1/895 5070/1/895 5071/1/895
f 4479/1/248 5071/1/248 4480/1/248
f 4480/1/896 5071/1/896 5072/1/896
f 4480/1/250 5072/1/250 4481/1/250
f 4481/1/897 5072/1/897 5073/1/897
f 4481/1/1881 5073/1/1881 4482/1/1881
f 4482/1/899 5073/1/899 5074/1/899
f 4482/1/900 5074/1/900 4483/1/900
f 4483/1/901 5074/1/901 4882/1/901
f 4483/1/902 4882/1/902 4484/1/902
f 5067/1/903 4474/1/903 5066/1/903
f 5066/1/238 4474/1/238 4473/1/238
f 5066/1/904 4473/1/904 5065/1/904
f 5065/1/236 4473/1/236 4472/1/236
f 5065/1/905 4472/1/905 5064/1/905
f 5064/1/234 4472/1/234 4471/1/234
f 5064/1/906 4471/1/906 5063/1/906
f 5063/1/232 4471/1/232 4470/1/232
f 5063/1/907 4470/1/907 4965/1/907
f 4965/1/908 4470/1/908 4469/1/908
f 4985/1/797 5075/1/797 4986/1/797
f 4986/1/797 5075/1/797 5076/1/797
f 4986/1/739 5076/1/739 4987/1/739
f 4987/1/739 5076/1/739 5077/1/739
f 4987/1/737 5077/1/737 4988/1/737
f 4988/1/737 5077/1/737 5078/1/737
f 4988/1/798 5078/1/798 4989/1/798
f 4989/1/798 5078/1/798 5079/1/798
f 4989/1/1872 5079/1/1872 4990/1/1872
f 4990/1/799 5079/1/799 5080/1/799
f 4990/1/800 5080/1/800 4991/1/800
f 4991/1/800 5080/1/800 5081/1/800
f 4991/1/801 5081/1/801 4992/1/801
f 4992/1/801 5081/1/801 5082/1/801
f 4992/1/802 5082/1/802 4993/1/802
f 4993/1/1873 5082/1/1873 5083/1/1873
f 4993/1/803 5083/1/803 4994/1/803
f 4994/1/803 5083/1/803 5084/1/803
f 4994/1/804 5084/1/804 4995/1/804
f 4995/1/804 5084/1/804 5085/1/804
f 4995/1/805 5085/1/805 4996/1/805
f 4996/1/805 5085/1/805 5086/1/805
f 4996/1/806 5086/1/806 4997/1/806
f 4997/1/806 5086/1/806 5087/1/806
f 4997/1/807 5087/1/807 4998/1/807
f 4998/1/807 5087/1/807 5088/1/807
f 4998/1/808 5088/1/808 4999/1/808
f 4999/1/808 5088/1/808 5089/1/808
f 4999/1/809 5089/1/809 5000/1/809
f 5000/1/809 5089/1/809 5090/1/809
f 5000/1/810 5090/1/810 5001/1/810
f 5001/1/810 5090/1/810 5091/1/810
f 5001/1/811 5091/1/811 5002/1/811
f 5002/1/811 5091/1/811 5092/1/811
f 5002/1/812 5092/1/812 5003/1/812
f 5003/1/812 5092/1/812 5093/1/812
f 5003/1/813 5093/1/813 5004/1/813
f 5004/1/813 5093/1/813 5094/1/813
f 5004/1/814 5094/1/814 5005/1/814
f 5005/1/814 5094/1/814 5095/1/814
f 5005/1/815 5095/1/815 5006/1/815
f 5006/1/815 5095/1/815 5096/1/815
f 5006/1/816 5096/1/816 5007/1/816
f 5007/1/816 5096/1/816 5097/1/816
f 5007/1/817 5097/1/817 5008/1/817
f 5008/1/817 5097/1/817 5098/1/817
f 5008/1/818 5098/1/818 5009/1/818
f 5009/1/818 5098/1/818 5099/1/818
f 5009/1/819 5099/1/819 5010/1/819
f 5010/1/819 5099/1/819 5100/1/819
f 5010/1/820 5100/1/820 5011/1/820
f 5011/1/820 5100/1/820 5101/1/820
f 5011/1/821 5101/1/821 5012/1/821
f 5012/1/821 5101/1/821 5102/1/821
f 5012/1/822 5102/1/822 5013/1/822
f 5013/1/822 5102/1/822 5103/1/822
f 5013/1/823 5103/1/823 5014/1/823
f 5014/1/823 5103/1/823 5104/1/823
f 5014/1/824 5104/1/824 5015/1/824
f 5015/1/824 5104/1/824 5105/1/824
f 5015/1/826 5105/1/826 5016/1/826
f 5016/1/826 5105/1/826 5106/1/826
f 5016/1/827 5106/1/827 5017/1/827
f 5017/1/827 5106/1/827 5107/1/827
f 5017/1/828 5107/1/828 5018/1/828
f 5018/1/828 5107/1/828 5108/1/828
f 5018/1/829 5108/1/829 5019/1/829
f 5019/1/829 5108/1/829 5109/1/829
f 5019/1/830 5109/1/830 5020/1/830
f 5020/1/830 5109/1/830 5110/1/830
f 5020/1/831 5110/1/831 5021/1/831
f 5021/1/831 5110/1/831 5111/1/831
f 5021/1/832 5111/1/832 5022/1/832
f 5022/1/832 5111/1/832 5112/1/832
f 5022/1/833 5112/1/833 5023/1/833
f 5023/1/1874 5112/1/1874 5113/1/1874
f 5023/1/834 5113/1/834 5024/1/834
f 5024/1/834 5113/1/834 5114/1/834
f 5024/1/835 5114/1/835 5025/1/835
f 5025/1/835 5114/1/835 5115/1/835
f 5025/1/836 5115/1/836 5026/1/836
f 5026/1/836 5115/1/836 5116/1/836
f 5026/1/837 5116/1/837 5027/1/837
f 5027/1/837 5116/1/837 5117/1/837
f 5027/1/838 5117/1/838 5028/1/838
f 5028/1/838 5117/1/838 5118/1/838
f 5028/1/839 5118/1/839 5029/1/839
f 5029/1/839 5118/1/839 5119/1/839
f 5029/1/840 5119/1/840 5030/1/840
f 5030/1/840 5119/1/840 5120/1/840
f 5030/1/841 5120/1/841 5031/1/841
f 5031/1/841 5120/1/841 5121/1/841
f 5031/1/842 5121/1/842 5032/1/842
f 5032/1/842 5121/1/842 5122/1/842
f 5032/1/14 5122/1/14 5033/1/14
f 5033/1/14 5122/1/14 5123/1/14
f 5033/1/843 5123/1/843 5034/1/843
f 5034/1/843 5123/1/843 5124/1/843
f 5034/1/844 5124/1/844 5035/1/844
f 5035/1/844 5124/1/844 5125/1/844
f 5035/1/845 5125/1/845 5036/1/845
f 5036/1/845 5125/1/845 5126/1/845
f 5036/1/846 5126/1/846 5037/1/846
f 5037/1/846 5126/1/846 5127/1/846
f 5037/1/847 5127/1/847 5038/1/847
f 5038/1/847 5127/1/847 5128/1/847
f 5038/1/848 5128/1/848 5039/1/848
f 5039/1/848 5128/1/848 5129/1/848
f 5039/1/849 5129/1/849 5040/1/849
f 5040/1/849 5129/1/849 5130/1/849
f 5040/1/1875 5130/1/1875 5041/1/1875
f 5041/1/850 5130/1/850 5131/1/850
f 5041/1/851 5131/1/851 5042/1/851
f 5042/1/851 5131/1/851 5132/1/851
f 5042/1/1876 5132/1/1876 5043/1/1876
f 5043/1/852 5132/1/852 5133/1/852
f 5043/1/853 5133/1/853 5044/1/853
f 5044/1/853 5133/1/853 5134/1/853
f 5044/1/854 5134/1/854 5045/1/854
f 5045/1/854 5134/1/854 5135/1/854
f 5045/1/855 5135/1/855 5046/1/855
f 5046/1/855 5135/1/855 5136/1/855
f 5046/1/856 5136/1/856 5047/1/856
f 5047/1/856 5136/1/856 5137/1/856
f 5047/1/1877 5137/1/1877 5048/1/1877
f 5048/1/857 5137/1/857 5138/1/857
f 5048/1/625 5138/1/625 5049/1/625
f 5049/1/625 5138/1/625 5139/1/625
f 5049/1/624 5139/1/624 5050/1/624
f 5050/1/624 5139/1/624 4879/1/624
f 5050/1/1878 4879/1/1878 5051/1/1878
f 5051/1/858 4879/1/858 4878/1/858
f 5051/1/859 4878/1/859 5052/1/859
f 5052/1/859 4878/1/859 4877/1/859
f 5052/1/860 4877/1/860 5053/1/860
f 5053/1/860 4877/1/860 4876/1/860
f 5053/1/861 4876/1/861 5054/1/861
f 5054/1/861 4876/1/861 4875/1/861
f 5054/1/862 4875/1/862 5055/1/862
f 5055/1/862 4875/1/862 4874/1/862
f 5055/1/863 4874/1/863 5056/1/863
f 5056/1/863 4874/1/863 4873/1/863
f 5056/1/864 4873/1/864 5057/1/864
f 5057/1/864 4873/1/864 4872/1/864
f 5057/1/865 4872/1/865 5058/1/865
f 5058/1/865 4872/1/865 4871/1/865
f 5058/1/866 4871/1/866 5059/1/866
f 5059/1/866 4871/1/866 4870/1/866
f 5059/1/867 4870/1/867 5060/1/867
f 5060/1/867 4870/1/867 4869/1/867
f 5060/1/869 4869/1/869 5061/1/869
f 5061/1/869 4869/1/869 4868/1/869
f 5061/1/870 4868/1/870 5062/1/870
f 5062/1/870 4868/1/870 4867/1/870
f 5062/1/781 4867/1/781 4968/1/781
f 5075/1/797 5140/1/797 5076/1/797
f 5076/1/797 5140/1/797 5141/1/797
f 5076/1/739 5141/1/739 5077/1/739
f 5077/1/739 5141/1/739 5142/1/739
f 5077/1/737 5142/1/737 5078/1/737
f 5078/1/737 5142/1/737 5143/1/737
f 5078/1/798 5143/1/798 5079/1/798
f 5079/1/798 5143/1/798 5144/1/798
f 5079/1/1872 5144/1/1872 5080/1/1872
f 5080/1/799 5144/1/799 5145/1/799
f 5080/1/800 5145/1/800 5081/1/800
f 5081/1/800 5145/1/800 5146/1/800
f 5081/1/801 5146/1/801 5082/1/801
f 5082/1/801 5146/1/801 5147/1/801
f 5082/1/802 5147/1/802 5083/1/802
f 5083/1/1873 5147/1/1873 5148/1/1873
f 5083/1/803 5148/1/803 5084/1/803
f 5084/1/803 5148/1/803 5149/1/803
f 5084/1/804 5149/1/804 5085/1/804
f 5085/1/804 5149/1/804 5150/1/804
f 5085/1/805 5150/1/805 5086/1/805
f 5086/1/805 5150/1/805 5151/1/805
f 5086/1/806 5151/1/806 5087/1/806
f 5087/1/806 5151/1/806 5152/1/806
f 5087/1/807 5152/1/807 5088/1/807
f 5088/1/807 5152/1/807 5153/1/807
f 5088/1/808 5153/1/808 5089/1/808
f 5089/1/808 5153/1/808 5154/1/808
f 5089/1/809 5154/1/809 5090/1/809
f 5090/1/809 5154/1/809 5155/1/809
f 5090/1/810 5155/1/810 5091/1/810
f 5091/1/810 5155/1/810 5156/1/810
f 5091/1/811 5156/1/811 5092/1/811
f 5092/1/811 5156/1/811 5157/1/811
f 5092/1/812 5157/1/812 5093/1/812
f 5093/1/812 5157/1/812 5158/1/812
f 5093/1/813 5158/1/813 5094/1/813
f 5094/1/813 5158/1/813 5159/1/813
f 5094/1/814 5159/1/814 5095/1/814
f 5095/1/814 5159/1/814 5160/1/814
f 5095/1/815 5160/1/815 5096/1/815
f 5096/1/815 5160/1/815 5161/1/815
f 5096/1/816 5161/1/816 5097/1/816
f 5097/1/816 5161/1/816 5162/1/816
f 5097/1/817 5162/1/817 5098/1/817
f 5098/1/817 5162/1/817 5163/1/817
f 5098/1/818 5163/1/818 5099/1/818
f 5099/1/818 5163/1/818 5164/1/818
f 5099/1/819 5164/1/819 5100/1/819
f 5100/1/819 5164/1/819 5165/1/819
f 5100/1/820 5165/1/820 5101/1/820
f 5101/1/820 5165/1/820 5166/1/820
f 5101/1/821 5166/1/821 5102/1/821
f 5102/1/821 5166/1/821 5167/1/821
f 5102/1/822 5167/1/822 5103/1/822
f 5103/1/822 5167/1/822 5168/1/822
f 5103/1/823 5168/1/823 5104/1/823
f 5104/1/823 5168/1/823 5169/1/823
f 5104/1/824 5169/1/824 5105/1/824
f 5105/1/824 5169/1/824 5170/1/824
f 5105/1/826 5170/1/826 5106/1/826
f 5106/1/826 5170/1/826 5171/1/826
f 5106/1/827 5171/1/827 5107/1/827
f 5107/1/827 5171/1/827 5172/1/827
f 5107/1/828 5172/1/828 5108/1/828
f 5108/1/828 5172/1/828 5173/1/828
f 5108/1/829 5173/1/829 5109/1/829
f 5109/1/829 5173/1/829 5174/1/829
f 5109/1/830 5174/1/830 5110/1/830
f 5110/1/830 5174/1/830 5175/1/830
f 5110/1/831 5175/1/831 5111/1/831
f 5111/1/831 5175/1/831 5176/1/831
f 5111/1/832 5176/1/832 5112/1/832
f 5112/1/832 5176/1/832 5177/1/832
f 5112/1/833 5177/1/833 5113/1/833
f 5113/1/1874 5177/1/1874 5178/1/1874
f 5113/1/834 5178/1/834 5114/1/834
f 5114/1/834 5178/1/834 5179/1/834
f 5114/1/835 5179/1/835 5115/1/835
f 5115/1/835 5179/1/835 5180/1/835
f 5115/1/836 5180/1/836 5116/1/836
f 5116/1/836 5180/1/836 5181/1/836
f 5116/1/837 5181/1/837 5117/1/837
f 5117/1/837 5181/1/837 5182/1/837
f 5117/1/838 5182/1/838 5118/1/838
f 5118/1/838 5182/1/838 5183/1/838
f 5118/1/839 5183/1/839 5119/1/839
f 5119/1/839 5183/1/839 5184/1/839
f 5119/1/840 5184/1/840 5120/1/840
f 5120/1/840 5184/1/840 5185/1/840
f 5120/1/841 5185/1/841 5121/1/841
f 5121/1/841 5185/1/841 5186/1/841
f 5121/1/842 5186/1/842 5122/1/842
f 5122/1/842 5186/1/842 5187/1/842
f 5122/1/14 5187/1/14 5123/1/14
f 5123/1/14 5187/1/14 5188/1/14
f 5123/1/843 5188/1/843 5124/1/843
f 5124/1/843 5188/1/843 5189/1/843
f 5124/1/844 5189/1/844 5125/1/844
f 5125/1/844 5189/1/844 5190/1/844
f 5125/1/845 5190/1/845 5126/1/845
f 5126/1/845 5190/1/845 5191/1/845
f 5126/1/846 5191/1/846 5127/1/846
f 5127/1/846 5191/1/846 5192/1/846
f 5127/1/847 5192/1/847 5128/1/847
f 5128/1/847 5192/1/847 5193/1/847
f 5128/1/848 5193/1/848 5129/1/848
f 5129/1/848 5193/1/848 5194/1/848
f 5129/1/849 5194/1/849 5130/1/849
f 5130/1/849 5194/1/849 5195/1/849
f 5130/1/1875 5195/1/1875 5131/1/1875
f 5131/1/850 5195/1/850 5196/1/850
f 5131/1/851 5196/1/851 5132/1/851
f 5132/1/851 5196/1/851 5197/1/851
f 5132/1/1876 5197/1/1876 5133/1/1876
f 5133/1/852 5197/1/852 5198/1/852
f 5133/1/853 5198/1/853 5134/1/853
f 5134/1/853 5198/1/853 5199/1/853
f 5134/1/854 5199/1/854 5135/1/854
f 5135/1/854 5199/1/854 5200/1/854
f 5135/1/855 5200/1/855 5136/1/855
f 5136/1/855 5200/1/855 5201/1/855
f 5136/1/856 5201/1/856 5137/1/856
f 5137/1/856 5201/1/856 5202/1/856
f 5137/1/1877 5202/1/1877 5138/1/1877
f 5138/1/857 5202/1/857 5203/1/857
f 5138/1/625 5203/1/625 5139/1/625
f 5139/1/625 5203/1/625 4881/1/625
f 5139/1/624 4881/1/624 4879/1/624
f 5075/1/796 4985/1/796 5204/1/796
f 5204/1/796 4985/1/796 4984/1/796
f 5204/1/746 4984/1/746 5205/1/746
f 5205/1/746 4984/1/746 4983/1/746
f 5205/1/748 4983/1/748 5206/1/748
f 5206/1/748 4983/1/748 4982/1/748
f 5206/1/795 4982/1/795 5207/1/795
f 5207/1/795 4982/1/795 4981/1/795
f 5207/1/1871 4981/1/1871 5208/1/1871
f 5208/1/794 4981/1/794 4980/1/794
f 5208/1/793 4980/1/793 5209/1/793
f 5209/1/793 4980/1/793 4979/1/793
f 5209/1/792 4979/1/792 5210/1/792
f 5210/1/792 4979/1/792 4978/1/792
f 5210/1/791 4978/1/791 5211/1/791
f 5211/1/791 4978/1/791 4977/1/791
f 5211/1/790 4977/1/790 5212/1/790
f 5212/1/790 4977/1/790 4976/1/790
f 5212/1/789 4976/1/789 5213/1/789
f 5213/1/789 4976/1/789 4975/1/789
f 5213/1/788 4975/1/788 5214/1/788
f 5214/1/788 4975/1/788 4974/1/788
f 5214/1/787 4974/1/787 5215/1/787
f 5215/1/787 4974/1/787 4973/1/787
f 5215/1/786 4973/1/786 5216/1/786
f 5216/1/786 4973/1/786 4972/1/786
f 5216/1/785 4972/1/785 5217/1/785
f 5217/1/785 4972/1/785 4971/1/785
f 5217/1/784 4971/1/784 5218/1/784
f 5218/1/784 4971/1/784 4970/1/784
f 5218/1/783 4970/1/783 5219/1/783
f 5219/1/1870 4970/1/1870 4969/1/1870
f 5219/1/1869 4969/1/1869 4967/1/1869
f 5140/1/797 4946/1/797 5141/1/797
f 5141/1/797 4946/1/797 4945/1/797
f 5141/1/739 4945/1/739 5142/1/739
f 5142/1/739 4945/1/739 4944/1/739
f 5142/1/737 4944/1/737 5143/1/737
f 5143/1/737 4944/1/737 4943/1/737
f 5143/1/798 4943/1/798 5144/1/798
f 5144/1/798 4943/1/798 4942/1/798
f 5144/1/1872 4942/1/1872 5145/1/1872
f 5145/1/799 4942/1/799 4941/1/799
f 5145/1/800 4941/1/800 5146/1/800
f 5146/1/800 4941/1/800 4940/1/800
f 5146/1/801 4940/1/801 5147/1/801
f 5147/1/801 4940/1/801 4939/1/801
f 5147/1/802 4939/1/802 5148/1/802
f 5148/1/1873 4939/1/1873 4938/1/1873
f 5148/1/803 4938/1/803 5149/1/803
f 5149/1/803 4938/1/803 4937/1/803
f 5149/1/804 4937/1/804 5150/1/804
f 5150/1/804 4937/1/804 4936/1/804
f 5150/1/805 4936/1/805 5151/1/805
f 5151/1/805 4936/1/805 4935/1/805
f 5151/1/806 4935/1/806 5152/1/806
f 5152/1/806 4935/1/806 4934/1/806
f 5152/1/807 4934/1/807 5153/1/807
f 5153/1/807 4934/1/807 4933/1/807
f 5153/1/808 4933/1/808 5154/1/808
f 5154/1/808 4933/1/808 4932/1/808
f 5154/1/809 4932/1/809 5155/1/809
f 5155/1/809 4932/1/809 4931/1/809
f 5155/1/810 4931/1/810 5156/1/810
f 5156/1/810 4931/1/810 4930/1/810
f 5156/1/811 4930/1/811 5157/1/811
f 5157/1/811 4930/1/811 4929/1/811
f 5157/1/812 4929/1/812 5158/1/812
f 5158/1/812 4929/1/812 4928/1/812
f 5158/1/813 4928/1/813 5159/1/813
f 5159/1/813 4928/1/813 4927/1/813
f 5159/1/814 4927/1/814 5160/1/814
f 5160/1/814 4927/1/814 4926/1/814
f 5160/1/815 4926/1/815 5161/1/815
f 5161/1/815 4926/1/815 4925/1/815
f 5161/1/816 4925/1/816 5162/1/816
f 5162/1/816 4925/1/816 4924/1/816
f 5162/1/817 4924/1/817 5163/1/817
f 5163/1/817 4924/1/817 4923/1/817
f 5163/1/818 4923/1/818 5164/1/818
f 5164/1/818 4923/1/818 4922/1/818
f 5164/1/819 4922/1/819 5165/1/819
f 5165/1/819 4922/1/819 4921/1/819
f 5165/1/820 4921/1/820 5166/1/820
f 5166/1/820 4921/1/820 4920/1/820
f 5166/1/821 4920/1/821 5167/1/821
f 5167/1/821 4920/1/821 4919/1/821
f 5167/1/822 4919/1/822 5168/1/822
f 5168/1/822 4919/1/822 4918/1/822
f 5168/1/823 4918/1/823 5169/1/823
f 5169/1/823 4918/1/823 4917/1/823
f 5169/1/824 4917/1/824 5170/1/824
f 5170/1/824 4917/1/824 4916/1/824
f 5170/1/826 4916/1/826 5171/1/826
f 5171/1/826 4916/1/826 4915/1/826
f 5171/1/827 4915/1/827 5172/1/827
f 5172/1/827 4915/1/827 4914/1/827
f 5172/1/828 4914/1/828 5173/1/828
f 5173/1/828 4914/1/828 4913/1/828
f 5173/1/829 4913/1/829 5174/1/829
f 5174/1/829 4913/1/829 4912/1/829
f 5174/1/830 4912/1/830 5175/1/830
f 5175/1/830 4912/1/830 4911/1/830
f 5175/1/831 4911/1/831 5176/1/831
f 5176/1/831 4911/1/831 4910/1/831
f 5176/1/832 4910/1/832 5177/1/832
f 5177/1/832 4910/1/832 4909/1/832
f 5177/1/833 4909/1/833 5178/1/833
f 5178/1/1874 4909/1/1874 4908/1/1874
f 5178/1/834 4908/1/834 5179/1/834
f 5179/1/834 4908/1/834 4907/1/834
f 5179/1/835 4907/1/835 5180/1/835
f 5180/1/835 4907/1/835 4906/1/835
f 5180/1/836 4906/1/836 5181/1/836
f 5181/1/836 4906/1/836 4905/1/836
f 5181/1/837 4905/1/837 5182/1/837
f 5182/1/837 4905/1/837 4904/1/837
f 5182/1/838 4904/1/838 5183/1/838
f 5183/1/838 4904/1/838 4903/1/838
f 5183/1/839 4903/1/839 5184/1/839
f 5184/1/839 4903/1/839 4902/1/839
f 5184/1/840 4902/1/840 5185/1/840
f 5185/1/840 4902/1/840 4901/1/840
f 5185/1/841 4901/1/841 5186/1/841
f 5186/1/841 4901/1/841 4900/1/841
f 5186/1/842 4900/1/842 5187/1/842
f 5187/1/842 4900/1/842 4899/1/842
f 5187/1/14 4899/1/14 5188/1/14
f 5188/1/14 4899/1/14 4898/1/14
f 5188/1/843 4898/1/843 5189/1/843
f 5189/1/843 4898/1/843 4897/1/843
f 5189/1/844 4897/1/844 5190/1/844
f 5190/1/844 4897/1/844 4896/1/844
f 5190/1/845 4896/1/845 5191/1/845
f 5191/1/845 4896/1/845 4895/1/845
f 5191/1/846 4895/1/846 5192/1/846
f 5192/1/846 4895/1/846 4894/1/846
f 5192/1/847 4894/1/847 5193/1/847
f 5193/1/847 4894/1/847 4893/1/847
f 5193/1/848 4893/1/848 5194/1/848
f 5194/1/848 4893/1/848 4892/1/848
f 5194/1/849 4892/1/849 5195/1/849
f 5195/1/849 4892/1/849 4891/1/849
f 5195/1/1875 4891/1/1875 5196/1/1875
f 5196/1/850 4891/1/850 4890/1/850
f 5196/1/851 4890/1/851 5197/1/851
f 5197/1/851 4890/1/851 4889/1/851
f 5197/1/1876 4889/1/1876 5198/1/1876
f 5198/1/852 4889/1/852 4888/1/852
f 5198/1/853 4888/1/853 5199/1/853
f 5199/1/853 4888/1/853 4887/1/853
f 5199/1/854 4887/1/854 5200/1/854
f 5200/1/854 4887/1/854 4886/1/854
f 5200/1/855 4886/1/855 5201/1/855
f 5201/1/855 4886/1/855 4885/1/855
f 5201/1/856 4885/1/856 5202/1/856
f 5202/1/856 4885/1/856 4884/1/856
f 5202/1/1877 4884/1/1877 5203/1/1877
f 5203/1/857 4884/1/857 4883/1/857
f 5203/1/625 4883/1/625 4881/1/625
f 5140/1/796 5075/1/796 5220/1/796
f 5220/1/796 5075/1/796 5204/1/796
f 5220/1/746 5204/1/746 5221/1/746
f 5221/1/746 5204/1/746 5205/1/746
f 5221/1/748 5205/1/748 5222/1/748
f 5222/1/748 5205/1/748 5206/1/748
f 5222/1/795 5206/1/795 5223/1/795
f 5223/1/795 5206/1/795 5207/1/795
f 5223/1/1871 5207/1/1871 5224/1/1871
f 5224/1/794 5207/1/794 5208/1/794
f 5224/1/793 5208/1/793 5225/1/793
f 5225/1/793 5208/1/793 5209/1/793
f 5225/1/792 5209/1/792 5226/1/792
f 5226/1/792 5209/1/792 5210/1/792
f 5226/1/791 5210/1/791 5227/1/791
f 5227/1/791 5210/1/791 5211/1/791
f 5227/1/790 5211/1/790 5228/1/790
f 5228/1/790 5211/1/790 5212/1/790
f 5228/1/789 5212/1/789 5229/1/789
f 5229/1/789 5212/1/789 5213/1/789
f 5229/1/788 5213/1/788 5230/1/788
f 5230/1/788 5213/1/788 5214/1/788
f 5230/1/787 5214/1/787 5231/1/787
f 5231/1/787 5214/1/787 5215/1/787
f 5231/1/786 5215/1/786 5232/1/786
f 5232/1/786 5215/1/786 5216/1/786
f 5232/1/785 5216/1/785 5233/1/785
f 5233/1/785 5216/1/785 5217/1/785
f 5233/1/784 5217/1/784 5234/1/784
f 5234/1/784 5217/1/784 5218/1/784
f 5234/1/783 5218/1/783 5235/1/783
f 5235/1/1870 5218/1/1870 5219/1/1870
f 5235/1/1869 5219/1/1869 5236/1/1869
f 5236/1/782 5219/1/782 4967/1/782
f 5236/1/781 4967/1/781 4966/1/781
f 4946/1/796 5140/1/796 4947/1/796
f 4947/1/796 5140/1/796 5220/1/796
f 4947/1/746 5220/1/746 4948/1/746
f 4948/1/746 5220/1/746 5221/1/746
f 4948/1/748 5221/1/748 4949/1/748
f 4949/1/748 5221/1/748 5222/1/748
f 4949/1/795 5222/1/795 4950/1/795
f 4950/1/795 5222/1/795 5223/1/795
f 4950/1/1871 5223/1/1871 4951/1/1871
f 4951/1/794 5223/1/794 5224/1/794
f 4951/1/793 5224/1/793 4952/1/793
f 4952/1/793 5224/1/793 5225/1/793
f 4952/1/792 5225/1/792 4953/1/792
f 4953/1/792 5225/1/792 5226/1/792
f 4953/1/791 5226/1/791 4954/1/791
f 4954/1/791 5226/1/791 5227/1/791
f 4954/1/790 5227/1/790 4955/1/790
f 4955/1/790 5227/1/790 5228/1/790
f 4955/1/789 5228/1/789 4956/1/789
f 4956/1/789 5228/1/789 5229/1/789
f 4956/1/788 5229/1/788 4957/1/788
f 4957/1/788 5229/1/788 5230/1/788
f 4957/1/787 5230/1/787 4958/1/787
f 4958/1/787 5230/1/787 5231/1/787
f 4958/1/786 5231/1/786 4959/1/786
f 4959/1/786 5231/1/786 5232/1/786
f 4959/1/785 5232/1/785 4960/1/785
f 4960/1/785 5232/1/785 5233/1/785
f 4960/1/784 5233/1/784 4961/1/784
f 4961/1/784 5233/1/784 5234/1/784
f 4961/1/783 5234/1/783 4962/1/783
f 4962/1/1870 5234/1/1870 5235/1/1870
f 4962/1/1869 5235/1/1869 4963/1/1869
f 4963/1/782 5235/1/782 5236/1/782
f 4963/1/781 5236/1/781 4964/1/781
f 4964/1/781 5236/1/781 4966/1/781
f 4551/1/13 4665/1/13 4553/1/13
f 4553/1/13 4665/1/13 4663/1/13
f 4553/1/13 4663/1/13 4555/1/13
f 4555/1/13 4663/1/13 4661/1/13
f 4555/1/13 4661/1/13 4557/1/13
f 4557/1/13 4661/1/13 4659/1/13
f 4557/1/13 4659/1/13 4559/1/13
f 4559/1/13 4659/1/13 4657/1/13
f 4559/1/13 4657/1/13 4561/1/13
f 4561/1/13 4657/1/13 4655/1/13
f 4561/1/13 4655/1/13 4563/1/13
f 4563/1/13 4655/1/13 4653/1/13
f 4563/1/13 4653/1/13 4565/1/13
f 4565/1/13 4653/1/13 4651/1/13
f 4565/1/13 4651/1/13 4567/1/13
f 4567/1/13 4651/1/13 4649/1/13
f 4567/1/13 4649/1/13 4569/1/13
f 4569/1/13 4649/1/13 4647/1/13
f 4569/1/13 4647/1/13 4571/1/13
f 4571/1/13 4647/1/13 4645/1/13
f 4571/1/13 4645/1/13 4573/1/13
f 4573/1/13 4645/1/13 4643/1/13
f 4573/1/13 4643/1/13 4575/1/13
f 4575/1/13 4643/1/13 4641/1/13
f 4575/1/13 4641/1/13 4577/1/13
f 4577/1/13 4641/1/13 4639/1/13
f 4577/1/13 4639/1/13 4579/1/13
f 4579/1/13 4639/1/13 4637/1/13
f 4579/1/13 4637/1/13 4581/1/13
f 4581/1/13 4637/1/13 4635/1/13
f 4581/1/13 4635/1/13 4583/1/13
f 4583/1/13 4635/1/13 4633/1/13
f 4583/1/13 4633/1/13 4585/1/13
f 4585/1/13 4633/1/13 4631/1/13
f 4585/1/13 4631/1/13 4587/1/13
f 4587/1/13 4631/1/13 4629/1/13
f 4587/1/13 4629/1/13 4589/1/13
f 4589/1/13 4629/1/13 4627/1/13
f 4589/1/13 4627/1/13 4591/1/13
f 4591/1/13 4627/1/13 4625/1/13
f 4591/1/13 4625/1/13 4593/1/13
f 4593/1/13 4625/1/13 4623/1/13
f 4593/1/13 4623/1/13 4595/1/13
f 4595/1/13 4623/1/13 4621/1/13
f 4595/1/13 4621/1/13 4597/1/13
f 4597/1/13 4621/1/13 4619/1/13
f 4597/1/13 4619/1/13 4599/1/13
f 4599/1/13 4619/1/13 4617/1/13
f 4599/1/13 4617/1/13 4601/1/13
f 4601/1/13 4617/1/13 4615/1/13
f 4601/1/13 4615/1/13 4603/1/13
f 4603/1/13 4615/1/13 4613/1/13
f 4603/1/13 4613/1/13 4605/1/13
f 4605/1/13 4613/1/13 4611/1/13
f 4605/1/13 4611/1/13 4607/1/13
f 4607/1/13 4611/1/13 4609/1/13
f 4665/1/13 4551/1/13 4667/1/13
f 4667/1/13 4551/1/13 4771/1/13
f 4667/1/13 4771/1/13 4669/1/13
f 4669/1/13 4771/1/13 4769/1/13
f 4669/1/13 4769/1/13 4671/1/13
f 4671/1/13 4769/1/13 4767/1/13
f 4671/1/13 4767/1/13 4673/1/13
f 4673/1/13 4767/1/13 4765/1/13
f 4673/1/13 4765/1/13 4675/1/13
f 4675/1/13 4765/1/13 4763/1/13
f 4675/1/13 4763/1/13 4677/1/13
f 4677/1/13 4763/1/13 4679/1/13
f 4679/1/13 4763/1/13 4681/1/13
f 4681/1/13 4763/1/13 4683/1/13
f 4683/1/13 4763/1/13 4685/1/13
f 4685/1/13 4763/1/13 4687/1/13
f 4687/1/13 4763/1/13 4689/1/13
f 4689/1/13 4763/1/13 4691/1/13
f 4691/1/13 4763/1/13 4693/1/13
f 4693/1/13 4763/1/13 4695/1/13
f 4695/1/13 4763/1/13 4697/1/13
f 4697/1/13 4763/1/13 4699/1/13
f 4699/1/13 4763/1/13 4701/1/13
f 4701/1/13 4763/1/13 4703/1/13
f 4703/1/13 4763/1/13 4705/1/13
f 4705/1/13 4763/1/13 4707/1/13
f 4707/1/13 4763/1/13 4709/1/13
f 4709/1/13 4763/1/13 4711/1/13
f 4711/1/13 4763/1/13 4713/1/13
f 4713/1/13 4763/1/13 4715/1/13
f 4715/1/13 4763/1/13 4717/1/13
f 4717/1/13 4763/1/13 4719/1/13
f 4719/1/13 4763/1/13 4721/1/13
f 4721/1/13 4763/1/13 4723/1/13
f 4723/1/13 4763/1/13 4725/1/13
f 4725/1/13 4763/1/13 4727/1/13
f 4727/1/13 4763/1/13 4729/1/13
f 4729/1/13 4763/1/13 4731/1/13
f 4731/1/13 4763/1/13 4733/1/13
f 4733/1/13 4763/1/13 4735/1/13
f 4735/1/13 4763/1/13 4737/1/13
f 4737/1/13 4763/1/13 4739/1/13
f 4739/1/13 4763/1/13 4741/1/13
f 4741/1/13 4763/1/13 4743/1/13
f 4743/1/13 4763/1/13 4745/1/13
f 4745/1/13 4763/1/13 4747/1/13
f 4747/1/13 4763/1/13 4749/1/13
f 4749/1/13 4763/1/13 4751/1/13
f 4751/1/13 4763/1/13 4753/1/13
f 4753/1/13 4763/1/13 4755/1/13
f 4755/1/13 4763/1/13 4757/1/13
f 4757/1/13 4763/1/13 4759/1/13
f 4759/1/13 4763/1/13 4761/1/13
s 1
f 5245/2/14 5237/1/14 5244/3/14
f 5245/2/14 5239/4/14 5238/5/14
s 2
f 5247/6/1882 5239/4/1882 5246/7/1882
s 1
f 5248/8/16 5240/9/16 5247/6/16
s 2
f 5249/10/1882 5241/11/1882 5248/8/1882
s 1
f 5250/12/16 5242/13/16 5249/10/16
s 2
f 5250/12/1883 5237/14/1883 5243/15/1883
s 4
f 5252/16/1884 5244/3/1884 5251/17/1884
f 5253/18/1884 5245/2/1884 5252/16/1884
s 2
f 5254/19/1882 5246/7/1882 5253/18/1882
s 4
f 5255/20/1885 5247/6/1885 5254/19/1885
s 2
f 5256/21/1882 5248/8/1882 5255/20/1882
s 4
f 5257/22/1885 5249/10/1885 5256/21/1885
s 2
f 5251/23/1883 5250/12/1883 5257/22/1883
s 1
f 5259/24/16 5251/17/16 5258/25/16
f 5260/26/16 5252/16/16 5259/24/16
s 2
f 5260/26/1882 5254/19/1882 5253/18/1882
s 1
f 5262/27/14 5254/19/14 5261/28/14
s 2
f 5262/27/1882 5256/21/1882 5255/20/1882
s 1
f 5264/29/14 5256/21/14 5263/30/14
s 2
f 5258/31/1883 5257/22/1883 5264/29/1883
s 4
f 5242/32/1885 5243/33/1885 5238/34/1885
f 5260/35/1885 5259/34/1885 5262/36/1885
s 2
f 5247/6/1882 5240/9/1882 5239/4/1882
s 1
f 5248/8/16 5241/11/16 5240/9/16
s 4
f 5253/18/1884 5246/7/1884 5245/2/1884
s 2
f 5254/19/1882 5247/6/1882 5246/7/1882
s 4
f 5255/20/1885 5248/8/1885 5247/6/1885
s 2
f 5260/26/1882 5261/28/1882 5254/19/1882
s 1
f 5262/27/14 5255/20/14 5254/19/14
s 2
f 5262/27/1882 5263/30/1882 5256/21/1882
s 1
f 5264/29/14 5257/22/14 5256/21/14
s 2
f 5258/31/1883 5251/23/1883 5257/22/1883
s 4
f 5258/37/1885 5264/33/1885 5259/34/1885
f 5264/33/1885 5263/32/1885 5259/34/1885
f 5262/36/1885 5261/38/1885 5260/35/1885
f 5263/32/1885 5262/36/1885 5259/34/1885
s 2
f 5249/10/1882 5242/13/1882 5241/11/1882
s 1
f 5250/12/16 5243/15/16 5242/13/16
f 5245/2/14 5238/5/14 5237/1/14
s 2
f 5250/12/1883 5244/39/1883 5237/14/1883
s 4
f 5252/16/1884 5245/2/1884 5244/3/1884
s 2
f 5256/21/1882 5249/10/1882 5248/8/1882
s 4
f 5257/22/1885 5250/12/1885 5249/10/1885
s 2
f 5251/23/1883 5244/39/1883 5250/12/1883
s 4
f 5243/33/1885 5237/37/1885 5238/34/1885
f 5238/34/1885 5239/35/1885 5241/36/1885
f 5239/35/1885 5240/38/1885 5241/36/1885
f 5241/36/1885 5242/32/1885 5238/34/1885
s 1
f 5260/26/16 5253/18/16 5252/16/16
f 5245/2/14 5246/7/14 5239/4/14
f 5259/24/16 5252/16/16 5251/17/16
s 0
g ArcoCompleto_Black
usemtl Black
f 61/1/15 64/1/15 62/1/15
f 62/1/15 64/1/15 63/1/15
f 912/1/15 915/1/15 913/1/15
f 913/1/15 915/1/15 914/1/15
f 3190/1/1683 3225/1/1683 3191/1/1683
f 3191/1/1683 3225/1/1683 3226/1/1683
f 3191/1/1684 3226/1/1684 3192/1/1684
f 3192/1/1684 3226/1/1684 3227/1/1684
f 3192/1/1685 3227/1/1685 3193/1/1685
f 3193/1/1685 3227/1/1685 3228/1/1685
f 3193/1/1686 3228/1/1686 3194/1/1686
f 3194/1/1686 3228/1/1686 3229/1/1686
f 3194/1/1687 3229/1/1687 3195/1/1687
f 3195/1/1687 3229/1/1687 3230/1/1687
f 3195/1/1688 3230/1/1688 3196/1/1688
f 3196/1/1688 3230/1/1688 3231/1/1688
f 3196/1/1689 3231/1/1689 3197/1/1689
f 3197/1/1689 3231/1/1689 3232/1/1689
f 3197/1/1690 3232/1/1690 3198/1/1690
f 3198/1/1690 3232/1/1690 3233/1/1690
f 3198/1/1691 3233/1/1691 3199/1/1691
f 3199/1/1691 3233/1/1691 3234/1/1691
f 3199/1/1692 3234/1/1692 3200/1/1692
f 3200/1/1692 3234/1/1692 3235/1/1692
f 3200/1/1693 3235/1/1693 3201/1/1693
f 3201/1/1693 3235/1/1693 3236/1/1693
f 3201/1/1694 3236/1/1694 3202/1/1694
f 3202/1/1694 3236/1/1694 3237/1/1694
f 3202/1/1695 3237/1/1695 3203/1/1695
f 3203/1/1695 3237/1/1695 3238/1/1695
f 3203/1/1696 3238/1/1696 3204/1/1696
f 3204/1/1696 3238/1/1696 3239/1/1696
f 3204/1/1697 3239/1/1697 3205/1/1697
f 3205/1/1697 3239/1/1697 3240/1/1697
f 3205/1/1698 3240/1/1698 3206/1/1698
f 3206/1/1698 3240/1/1698 3241/1/1698
f 3206/1/15 3241/1/15 3207/1/15
f 3207/1/15 3241/1/15 3242/1/15
f 3207/1/1699 3242/1/1699 3208/1/1699
f 3208/1/1699 3242/1/1699 3243/1/1699
f 3208/1/1700 3243/1/1700 3209/1/1700
f 3209/1/1700 3243/1/1700 3244/1/1700
f 3209/1/1701 3244/1/1701 3210/1/1701
f 3210/1/1701 3244/1/1701 3245/1/1701
f 3210/1/1702 3245/1/1702 3211/1/1702
f 3211/1/1702 3245/1/1702 3246/1/1702
f 3211/1/1703 3246/1/1703 3212/1/1703
f 3212/1/1703 3246/1/1703 3247/1/1703
f 3212/1/1704 3247/1/1704 3213/1/1704
f 3213/1/1704 3247/1/1704 3248/1/1704
f 3213/1/1705 3248/1/1705 3214/1/1705
f 3214/1/1705 3248/1/1705 3249/1/1705
f 3214/1/1706 3249/1/1706 3215/1/1706
f 3215/1/1706 3249/1/1706 3250/1/1706
f 3215/1/1707 3250/1/1707 3216/1/1707
f 3216/1/1707 3250/1/1707 3251/1/1707
f 3216/1/1708 3251/1/1708 3217/1/1708
f 3217/1/1708 3251/1/1708 3252/1/1708
f 3217/1/1709 3252/1/1709 3218/1/1709
f 3218/1/1709 3252/1/1709 3253/1/1709
f 3218/1/1710 3253/1/1710 3219/1/1710
f 3219/1/1710 3253/1/1710 3254/1/1710
f 3219/1/1711 3254/1/1711 3220/1/1711
f 3220/1/1711 3254/1/1711 3255/1/1711
f 3220/1/1712 3255/1/1712 3221/1/1712
f 3221/1/1712 3255/1/1712 3256/1/1712
f 3221/1/1713 3256/1/1713 3222/1/1713
f 3222/1/1713 3256/1/1713 3257/1/1713
f 3222/1/1714 3257/1/1714 3223/1/1714
f 3223/1/1714 3257/1/1714 3224/1/1714
f 3595/1/15 3598/1/15 3596/1/15
f 3596/1/15 3598/1/15 3597/1/15
f 4446/1/1844 4449/1/1844 4447/1/1844
f 4447/1/15 4449/1/15 4448/1/15
